fid,경도,위도,교량,터널,ROAD_RANK,alti_mean,alti_stdev,alti_min,alti_max,terrain_mean,aspect_mean,sun_mean,sun_stdev,sun_min,azi_mean,Drainage Class,label,시도,시군구,읍면동
1,127.0150171,37.57307474,False,False,103.0,21.44136205,3.442324818,19.5297184,28.05241966,2.069146622,130.2688464,9.702046613,4.04e-05,9.702017784,237.8962941,3.368175287,1,서울특별시,종로구,창신동
2,126.9838589,37.56615707,False,False,101.0,27.13498288,0.709860737,26.14133453,27.27804756,0.443528286,20.31778148,9.702645302,0.0,9.702645302,237.8764954,2.0,1,서울특별시,중구,을지로2가
3,127.0289729,37.54183637,False,False,102.0,11.59746461,2.143076734,11.2941227,14.61301422,3.085920235,275.7103118,9.704711914,0.0,9.704711914,237.9079424,,1,서울특별시,성동구,옥수동
4,127.0711307,37.54129396,False,False,103.0,13.58625459,0.380535323,13.078578,13.74224472,0.216848277,221.465691,9.704774857,0.0,9.704774857,237.9351501,4.0,1,서울특별시,광진구,화양동
5,127.06982,37.56057813,False,True,101.0,13.17778759,1.14121824,12.19098759,14.45488739,0.610265694,251.880257,9.703124086,3.91e-05,9.703079224,237.9327442,4.0,1,서울특별시,성동구,용답동
6,127.0627451,37.56692083,False,False,101.0,12.12557247,0.31238861,11.89146137,12.50022602,1.07245924,117.267376,9.702575916,3.84e-05,9.702542305,237.9277727,4.0,1,서울특별시,동대문구,장안동
7,127.0357388,37.65547438,False,False,101.0,34.58491157,0.711563927,34.17304993,35.50307083,1.7256184,40.95670975,9.694981575,0.0,9.694981575,237.9027755,4.0,1,서울특별시,도봉구,쌍문동
8,127.0581322,37.66122577,False,False,103.0,24.10055984,0.007371565,24.09569359,24.10977936,0.089914268,235.082424,9.694509506,0.0,9.694509506,237.9168243,4.0,1,서울특별시,노원구,상계동
9,127.0554936,37.6517415,True,False,103.0,21.73700143,1.440726877,20.69287682,23.48662758,2.01646431,246.9022523,9.695298123,3.8e-05,9.695284843,237.9161477,4.0,1,서울특별시,노원구,상계동
10,127.0604443,37.65450733,False,False,102.0,24.38397058,0.050865055,24.3439579,24.46245766,0.127274045,301.3627605,9.695058428,4.98e-05,9.695051193,237.9188456,5.0,1,서울특별시,노원구,상계동
11,127.0756191,37.62674948,False,False,104.0,23.75278697,1.092960338,22.15988159,25.08468437,1.67565922,258.2519432,9.697443008,0.0,9.697443008,237.931017,2.0,1,서울특별시,노원구,공릉동
12,126.9201076,37.60806035,False,False,101.0,26.78938779,0.920716951,25.50938606,27.02820778,0.537393119,202.9063797,9.699044228,0.0,9.699044228,237.831665,2.0,1,서울특별시,은평구,역촌동
13,126.8322517,37.55924816,False,False,103.0,8.98977741,0.133690983,8.798873901,9.148352623,0.079829336,112.1737926,9.703250625,5.44e-05,9.703173637,237.7786558,4.0,1,서울특별시,강서구,마곡동
14,126.8196932,37.56073579,False,False,103.0,8.796401955,0.649004092,7.925786972,9.08699131,0.299788191,176.2570717,9.703103065,0.0,9.703103065,237.7704163,4.0,1,서울특별시,강서구,마곡동
15,126.9050657,37.48507781,False,False,101.0,14.51986119,0.710547214,13.45325565,15.13380146,0.885269613,53.80776987,9.709573324,3.86e-05,9.709533691,237.8322688,,1,서울특별시,동작구,신대방동
16,126.9807553,37.50199407,False,True,103.0,10.14282591,3.568577107,8.635446548,16.08559036,3.633704916,26.53349548,9.708117485,0.0,9.708117485,237.8798828,4.0,1,서울특별시,동작구,동작동
17,126.9482268,37.46688152,False,False,104.0,58.50365209,1.603558896,56.70866013,59.88958359,4.75975368,132.592823,9.711131096,0.0,9.711131096,237.8617401,3.20043181,1,서울특별시,관악구,신림동
18,127.0196089,37.51622068,False,False,102.0,24.00431842,0.069344043,23.92366409,24.06010437,1.400101421,287.9792788,9.706917188,3.9e-05,9.70687294,237.9037574,2.0,1,서울특별시,강남구,신사동
19,127.0336253,37.49995372,False,False,104.0,31.195648,2.930026742,29.92364883,36.81014633,2.571929561,162.9646724,9.708313287,4.48e-05,9.708251953,237.9144072,3.864845435,1,서울특별시,강남구,역삼동
20,127.031609,37.48955917,False,False,103.0,20.04544951,0.438617788,19.52101898,20.48563004,0.821707606,274.3093795,9.709176064,0.0,9.709176064,237.9139404,2.906441166,1,서울특별시,서초구,서초동
21,127.0521905,37.52466577,False,False,104.0,20.30403228,0.215939914,20.29882813,20.60937309,2.652659924,283.3781922,9.7061774,4.05e-05,9.706168175,237.9240807,2.0,1,서울특별시,강남구,청담동
22,127.0473716,37.52429587,False,False,103.0,24.62050007,3.229152874,19.55068207,25.09884262,3.45998771,90.05333017,9.706237646,4.95e-05,9.706168175,237.9212239,5.02722063,1,서울특별시,강남구,청담동
23,127.1142768,37.47836561,False,False,103.0,17.72944074,1.65314888,15.10145569,19.46718216,2.062760618,84.13298177,9.710152626,0.0,9.710152626,237.9683533,1.0,1,서울특별시,강남구,자곡동
24,126.6819235,37.43866157,False,False,102.0,32.62914239,5.814226023,31.16282272,41.75922394,3.57458667,155.0901818,9.713534934,3.92e-05,9.713490486,237.6913198,2.0,1,인천광역시,미추홀구,문학동
25,126.6726552,37.43944844,False,False,101.0,16.85310797,0.853742434,15.43421555,17.7102623,1.635056818,325.3208206,9.713471022,4.06e-05,9.713419914,237.6853633,4.0,1,인천광역시,미추홀구,학익동
26,126.6847075,37.45825453,False,False,103.0,15.46197763,1.817345433,14.6176548,18.53835678,1.40972288,141.282287,9.711877823,0.0,9.711877823,237.6916809,3.681441441,1,인천광역시,미추홀구,주안동
27,126.7082406,37.48741092,False,False,102.0,33.54703903,0.0,33.54703903,33.54703903,2.594890594,90.65458679,9.709384197,4.43e-05,9.709323883,237.7043867,2.0,1,인천광역시,부평구,산곡동
28,126.6930333,37.47735717,False,False,103.0,8.5747509,0.0,8.5747509,8.5747509,1.505854011,298.7681274,9.710245469,4.74e-05,9.710178375,237.6953249,2.0,1,인천광역시,부평구,십정동
29,126.7050673,37.46767799,False,False,104.0,13.14197621,1.312858888,11.05520535,14.02703381,1.273683747,230.1554382,9.711057975,3.86e-05,9.711018562,237.7040032,4.0,1,인천광역시,남동구,간석동
30,126.7056863,37.51284773,False,False,103.0,17.86614747,0.598361161,17.48423767,18.88303375,0.887567952,111.788856,9.707191428,4.21e-05,9.707169533,237.7005417,3.0,1,인천광역시,부평구,청천동
31,126.9218925,35.13848243,False,False,103.0,51.50856475,1.339934608,50.73519135,54.06201935,0.989121965,286.9519292,9.903131804,3.8e-05,9.903104782,238.0617293,1.0,1,광주광역시,동구,학동
32,126.8509824,35.16286268,False,False,103.0,20.42519188,0.0,20.42519188,20.42519188,0.419902831,36.54590225,9.901192665,0.0,9.901192665,238.0150909,1.0,1,광주광역시,서구,유촌동
33,126.8511314,35.15157644,False,False,104.0,19.72441357,0.157829711,19.72439575,19.94761848,0.09656138,249.9210721,9.902094561,3.68e-05,9.902054787,238.0163155,4.0,1,광주광역시,서구,치평동
34,126.8992818,35.13471964,False,False,102.0,40.91280382,0.719880036,40.10387802,41.53094101,2.228040831,191.4086251,9.903436307,3.68e-05,9.903401375,238.0482204,3.796695402,1,광주광역시,남구,백운동
35,126.8846794,35.1722103,True,False,102.0,27.40722114,0.385742028,27.21632767,27.91825294,0.254945522,252.261409,9.900456006,1.04e-06,9.900455475,238.0352397,4.0,1,광주광역시,북구,운암동
36,126.8994928,35.17155336,False,False,102.0,29.8415475,0.336100619,29.47793579,30.14767456,0.431508452,276.4813556,9.900508259,4.14e-05,9.90045166,238.0444386,3.600933908,1,광주광역시,북구,신안동
37,126.8904699,35.2019226,False,False,104.0,64.88625336,0.0,64.88625336,64.88625336,5.180511475,216.4758301,9.898079872,0.0,9.898079872,238.0356598,2.295577131,1,광주광역시,북구,일곡동
38,126.9278032,35.19034661,False,False,101.0,71.75243126,5.563047447,70.96095276,82.64574432,3.603163543,124.5060694,9.898999214,0.0,9.898999214,238.0602875,3.453438395,1,광주광역시,북구,문흥동
39,126.873676,35.20296402,False,False,101.0,25.33421117,0.580036398,25.12115288,26.12635422,1.508259212,257.7567313,9.898001537,4.4e-05,9.897940636,238.0252377,3.830642268,1,광주광역시,북구,양산동
40,126.8893677,35.16130449,False,False,103.0,30.13908147,3.836443298,24.78367805,31.00870705,0.382962105,247.6874146,9.90131855,0.0,9.90131855,238.0393372,1.0,1,광주광역시,북구,임동
41,126.8274809,35.21634082,True,False,103.0,40.40567461,0.437966203,40.02713013,40.89591217,0.866353336,334.1848175,9.896924161,3.76e-05,9.896879196,237.9948681,2.0,1,광주광역시,광산구,월계동
42,126.7378984,35.15421563,True,False,104.0,17.91733633,0.312809784,17.89340591,18.53760147,0.432543129,183.3153186,9.901891708,0.0,9.901891708,237.9451904,,1,광주광역시,광산구,지평동
43,126.8385462,35.17712566,False,False,103.0,14.51057533,1.370547367,12.81292057,15.76539803,1.868438153,125.5128226,9.900044441,0.0,9.900044441,238.0058179,1.0,1,광주광역시,서구,덕흥동
44,126.7304436,35.1584307,True,False,102.0,19.20090327,0.841518171,18.40813637,20.08849907,1.08971871,232.5150948,9.901534081,0.0,9.901534081,237.9398804,3.0,1,광주광역시,광산구,송산동
45,126.690027,35.16559095,False,False,102.0,25.39768287,2.162053285,24.42961121,28.2979908,0.576644017,306.0090196,9.900980949,0.0,9.900980949,237.9137269,2.0,1,광주광역시,광산구,오운동
46,127.4155849,36.32289065,False,False,103.0,61.47130838,2.690447343,58.81857681,65.10085297,2.571395247,263.1993218,9.80706435,4.39e-05,9.807051659,238.2596262,2.461759425,1,대전광역시,중구,문화동
47,127.4087104,36.34242206,False,False,101.0,44.83069073,1.020105065,43.70603943,46.14033127,0.589365736,161.7914508,9.805477888,4.45e-05,9.805416107,238.2536781,4.0,1,대전광역시,중구,중촌동
48,127.3762134,36.28016805,False,False,102.0,78.98865509,0.0,78.98865509,78.98865509,3.935800552,45.7492981,9.810611005,4.58e-05,9.810546875,238.2386852,2.892908309,1,대전광역시,중구,안영동
49,127.3784454,36.35172005,False,False,101.0,51.17381397,0.852504761,50.12366867,51.76603317,0.805894415,89.89978121,9.804684521,3.81e-05,9.804673195,238.2337168,5.860164934,1,대전광역시,서구,둔산동
50,127.3892991,36.34162131,False,False,101.0,47.26077031,0.99691002,45.75809097,47.51400757,1.46384444,116.3602567,9.805534625,3.92e-05,9.80548954,238.2413991,4.0,1,대전광역시,서구,탄방동
51,127.4015283,36.35568704,False,False,104.0,41.78911086,0.219239354,41.62029648,42.04917526,0.585228439,94.50504623,9.804373741,0.0,9.804373741,238.2478897,6.0,1,대전광역시,서구,둔산동
52,127.4061677,36.44607853,False,False,103.0,29.95111488,0.240766294,29.84893227,30.35455894,0.174778413,281.5303611,9.796910991,3.8e-05,9.79684639,238.2430493,3.0,1,대전광역시,대덕구,문평동
53,127.4237711,36.40651316,True,False,102.0,36.23106982,0.852865685,35.21451569,37.18065643,1.615025216,294.0466138,9.800178263,4.04e-05,9.800126076,238.2575452,4.130794107,1,대전광역시,대덕구,와동
54,126.9695785,37.29989155,False,True,104.0,57.6544945,0.522562362,56.9226265,57.75702286,1.513160978,139.0872284,9.725320447,4.98e-05,9.725313187,237.8897457,2.0,1,경기도,수원시 장안구,율전동
55,126.9877564,37.31956841,True,False,102.0,83.8775299,6.791061392,76.48603058,93.31872559,5.653895884,128.0919857,9.723667494,3.95e-05,9.723620415,237.8996589,1.0,1,경기도,수원시 장안구,이목동
56,127.0323267,37.24676661,False,False,101.0,31.24254539,0.537322401,30.99243546,32.24859238,0.520427014,198.5086186,9.729843192,3.88e-05,9.729801178,237.9345203,2.0,1,경기도,수원시 권선구,권선동
57,127.0187287,37.25028166,False,False,102.0,28.83347459,0.184937732,28.70042419,29.11735153,0.347053138,139.9623905,9.729549321,3.99e-05,9.729500771,237.9254839,4.0,1,경기도,수원시 권선구,세류동
58,126.9611858,37.27270381,True,False,102.0,29.65793144,0.691784253,29.43174744,30.72339249,0.745916759,54.2542085,9.727634738,3.64e-05,9.727610588,237.8863426,3.090778615,1,경기도,수원시 권선구,금곡동
59,127.0383408,37.28299924,False,False,102.0,56.90894699,0.0,56.90894699,56.90894699,0.494783968,231.9758148,9.726756911,4.52e-05,9.726741791,237.9355533,2.0,1,경기도,수원시 팔달구,우만동
60,126.9779779,37.28779621,False,False,101.0,47.29036627,0.526072664,46.5845108,47.8405838,0.862427196,149.9510034,9.726376712,5.14e-05,9.726304054,237.8959618,2.0,1,경기도,수원시 팔달구,화서동
61,127.0327123,37.26420602,False,False,104.0,48.84309202,1.158562595,46.96632385,48.96220016,1.031398319,132.8558795,9.728348732,0.0,9.728348732,237.9334407,3.0,1,경기도,수원시 팔달구,인계동
62,127.0475447,37.27350561,False,False,104.0,39.29393537,0.370652218,39.27471542,39.81776428,1.081786924,241.9250154,9.72758007,0.0,9.72758007,237.9423388,3.671572146,1,경기도,수원시 영통구,매탄동
63,127.1269436,37.44899824,False,False,101.0,43.1882377,1.058966716,41.69095612,43.21936417,0.41981975,126.2156174,9.712654544,3.82e-05,9.712610245,237.9789052,1.0,1,경기도,성남시 수정구,태평동
64,127.1696253,37.4637419,False,False,104.0,112.1195508,14.97283695,111.3011551,133.2785187,9.494013384,176.9631467,9.711379146,4.72e-05,9.711367607,238.0053626,3.98381877,1,경기도,성남시 수정구,양지동
65,127.1791366,37.44226142,False,False,103.0,120.5544448,11.19465849,118.3733826,139.7865448,7.441828923,260.96564,9.713210106,0.0,9.713210106,238.013092,2.0,1,경기도,성남시 중원구,상대원동
66,127.0648631,37.39145731,True,False,103.0,92.44327857,1.760505987,91.14974976,95.6124115,1.248228899,121.1406107,9.717541695,0.0,9.717541695,237.9436271,1.0,1,경기도,성남시 분당구,운중동
67,127.1285702,37.41487385,False,False,104.0,30.41449918,0.297743585,30.03709602,30.60123253,0.213335213,203.4949688,9.715550627,3.65e-05,9.715527534,237.9825529,2.008989572,1,경기도,성남시 분당구,야탑동
68,126.7969021,37.50564551,False,True,104.0,38.48670197,0.0,38.48670197,38.48670197,1.653986454,194.0900726,9.707814217,1.78e-15,9.707814217,237.76035,2.0,1,경기도,부천시 원미구,춘의동
69,126.7908989,37.50419304,False,False,104.0,21.98684782,1.005468136,21.92094803,23.40726662,5.282822211,189.0783933,9.707949194,4.19e-05,9.707894325,237.7564693,2.0,1,경기도,부천시 원미구,춘의동
70,126.846892,37.44215656,False,True,104.0,23.73823554,2.433247671,22.13294983,27.91814423,1.867512967,193.9167862,9.713250595,5.43e-05,9.713173866,237.7980343,2.76635514,1,경기도,광명시,노온사동
71,127.0827939,37.12621157,False,False,103.0,27.10169241,2.327973154,24.47562599,29.7276535,1.877619815,342.7622455,9.740035905,3.9e-05,9.740002632,237.9772463,3.744069015,1,경기도,평택시,진위면
72,127.1255234,36.99202335,False,False,104.0,18.85248293,0.581168934,18.06529427,19.08880615,1.138139272,151.0586487,9.751346393,3.87e-05,9.751310349,238.0164551,3.450592885,1,경기도,평택시,용이동
73,127.0553823,37.91670036,False,False,102.0,55.29027452,0.98463845,54.78382111,56.58739853,0.402876289,131.7144923,9.672477437,4.34e-05,9.672458649,237.894603,2.0,1,경기도,동두천시,보산동
74,127.0577832,37.89555454,False,False,101.0,67.51609108,0.417424667,66.97398376,67.74977112,2.193080446,291.4122707,9.674328804,0.0,9.674328804,237.8978577,2.807207207,1,경기도,동두천시,지행동
75,126.9021616,37.30119344,False,False,103.0,19.76716042,0.0,19.76716042,19.76716042,6.890158653,346.5820923,9.725224414,3.87e-05,9.725187302,237.845885,2.038904899,1,경기도,안산시 상록구,건건동
76,126.7950334,37.34384203,True,False,101.0,13.35142199,9.241240948,13.14561081,31.82843399,1.762818209,184.5408777,9.721603825,3.88e-05,9.721561432,237.7729905,6.0,1,경기도,안산시 단원구,선부동
77,126.8051888,37.30030255,False,False,102.0,6.141897274,0.349444772,5.616213322,6.564848423,0.33207452,180.3468355,9.725309372,0.0,9.725309372,237.7832031,6.0,1,경기도,안산시 단원구,초지동
78,126.7574997,37.63910759,True,False,101.0,6.048506887,2.175707085,3.159716845,6.749736309,2.039617897,209.3895357,9.696410461,4.92e-05,9.696341515,237.7235933,,1,경기도,고양시 일산동구,장항동
79,126.7982904,37.67767629,False,False,102.0,28.33396149,0.0,28.33396149,28.33396149,1.069486022,196.7557983,9.693070412,0.0,9.693070412,237.7466431,2.0,1,경기도,고양시 일산동구,풍동
80,126.7197013,37.65525146,False,False,103.0,3.733594656,0.0,3.733594656,3.733594656,0.450967729,234.3251038,9.695011574,3.87e-05,9.694971085,237.6976456,,1,경기도,고양시 일산서구,법곳동
81,126.7245232,37.65614055,False,False,101.0,10.99760304,0.68316623,10.56894302,11.86344528,0.559119031,167.3059341,9.694937549,3.99e-05,9.694889069,237.7006552,4.0,1,경기도,고양시 일산서구,법곳동
82,127.3715008,37.66508221,False,False,102.0,78.23205714,14.46821319,74.47702789,98.34568787,10.62417855,80.23431498,9.694156557,4.25e-05,9.694135666,238.1197235,2.0,1,경기도,남양주시,화도읍
83,127.0781302,37.14502564,False,False,103.0,21.37624325,0.20622651,21.18379593,21.72306252,0.30138636,315.8625029,9.738455953,3.93e-05,9.738405228,237.9726385,3.0,1,경기도,오산시,원동
84,126.8666021,37.38384418,False,False,101.0,36.1681108,7.431559976,35.05216217,50.8586731,3.087228396,196.6713281,9.718208382,4.05e-05,9.718155861,237.8157575,6.0,1,경기도,시흥시,목감동
85,127.0985551,37.28989809,True,False,104.0,87.75244321,6.519310606,87.46974945,98.98221588,4.6602403,189.4654988,9.726187706,0.0,9.726187706,237.9736633,2.0,1,경기도,용인시 기흥구,신갈동
86,127.4425693,37.19326717,True,False,102.0,85.35951581,1.166030915,85.19438934,87.00024414,3.654883066,292.8795574,9.734379768,0.0,9.734379768,238.2032013,1.0,1,경기도,이천시,모가면
87,127.242254,37.02078363,True,False,102.0,29.27362061,0.0,29.27362061,29.27362061,0.376234919,254.3997192,9.748933792,0.0,9.748933792,238.0889078,5.935460739,1,경기도,안성시,신건지동
88,127.1398019,37.03349754,True,False,102.0,51.08647154,1.571825152,48.92486572,51.60486221,2.269956584,274.0803755,9.747859665,3.69e-05,9.747818947,238.0219784,2.0,1,경기도,안성시,원곡면
89,127.5143601,37.10196632,False,False,102.0,91.00167039,9.7772879,78.5459671,93.1504364,5.962743491,209.2659604,9.742072105,1.78e-15,9.742072105,238.2566591,2.0,1,경기도,안성시,일죽면
90,127.4344987,37.07916999,True,False,102.0,87.3079735,0.384565774,87.13578033,87.82385254,0.701995339,104.3759026,9.74400415,3.91e-05,9.743974686,238.2073501,3.705521472,1,경기도,안성시,죽산면
91,127.0813934,37.20465645,True,False,102.0,33.72805292,1.132995462,32.12598801,33.75535583,1.376251111,50.38402799,9.733402338,3.99e-05,9.733373642,237.9697672,2.105717368,1,경기도,화성시 동탄구,석우동
92,127.046019,37.81785497,False,False,103.0,90.53510604,1.429024869,88.26870728,91.90562439,1.426837026,63.95798737,9.681024551,0.0,9.681024551,237.8963285,2.0,1,경기도,양주시,덕계동
93,126.9814084,37.79917441,False,False,103.0,101.2659433,0.615663315,100.7880936,102.3670654,0.985683184,284.6907836,9.682628699,4.01e-05,9.682600975,237.8558224,2.0,1,경기도,양주시,백석읍
94,127.0671881,37.78400914,False,False,101.0,61.8891008,1.751084925,60.62453461,64.01829529,3.031617437,191.6994285,9.683953174,3.86e-05,9.683890343,237.9131008,5.0,1,경기도,양주시,마전동
95,127.9427646,37.3458648,False,False,103.0,139.5884564,2.729866375,135.2464294,141.2507172,3.226469688,114.1453287,9.72144426,4.78e-05,9.721377373,238.512108,2.681180281,1,강원특별자치도,원주시,일산동
96,127.9395029,37.36011976,False,False,101.0,118.4439468,0.0,118.4439468,118.4439468,3.335032225,127.2761993,9.720227242,0.0,9.720227242,238.5089111,2.0,1,강원특별자치도,원주시,단계동
97,127.938213,37.34890854,False,False,103.0,155.8118591,0.0,155.8118591,155.8118591,3.825101376,98.40312195,9.721158838,4.61e-05,9.721146584,238.5089771,1.58057554,1,강원특별자치도,원주시,일산동
98,127.9587565,37.33092937,False,False,102.0,139.543505,0.447573042,139.5423737,140.1764679,0.596986611,340.9424185,9.72268486,0.0,9.72268486,238.5232697,1.0,1,강원특별자치도,원주시,단구동
99,127.9478264,37.33205277,False,False,103.0,143.7431299,0.57471968,142.9586945,144.4620056,1.387009721,123.894793,9.722604752,1.78e-15,9.722604752,238.5163598,1.396050269,1,강원특별자치도,원주시,개운동
100,128.5644051,38.20691975,False,False,102.0,18.9705332,2.717093261,15.13319778,19.1706543,4.509354936,73.68543394,9.64727926,1.07e-06,9.647277832,238.8527518,1.025843503,1,강원특별자치도,속초시,교동
101,128.5846014,38.20800917,False,False,102.0,17.0801424,5.495912881,7.183483124,18.75855064,4.056200849,291.6744637,9.647183362,3.96e-05,9.647137642,238.8655144,1.0,1,강원특별자치도,속초시,금호동
102,127.4627775,36.62734983,False,False,103.0,69.77983211,3.322265431,65.37480164,71.63616943,2.873726968,238.0634759,9.781866624,4.46e-05,9.781805038,238.2632864,2.0,1,충청북도,청주시 서원구,개신동
103,128.2057973,37.13415619,False,False,103.0,248.0900879,2.84e-14,248.0900879,248.0900879,1.618403912,121.8131256,9.739357948,1.78e-15,9.739357948,238.6960779,3.0,1,충청북도,제천시,명동
104,128.211456,37.15893794,False,False,104.0,291.5381087,1.293768198,289.4165039,292.9795532,2.035207115,233.9145601,9.737283313,4.19e-05,9.73722744,238.6977354,2.776737486,1,충청북도,제천시,모산동
105,127.4716935,36.59598575,False,False,104.0,62.54557016,1.594165898,60.82932663,64.00749969,2.712827675,112.5522619,9.784457847,3.95e-05,9.784427643,238.2715983,2.438173976,1,충청북도,청주시 서원구,남이면
106,127.6430925,36.87148139,False,False,103.0,157.7028004,7.705171896,145.970993,160.1065979,8.36276328,100.1658945,9.76148414,5.19e-05,9.761410713,238.3576145,2.805585392,1,충청북도,음성군,원남면
107,127.1435807,36.8186485,False,False,104.0,41.12490837,0.456137544,40.83882904,41.70307922,1.246546335,129.8500321,9.765901566,0.0,9.765901566,238.0428925,3.979555237,1,충청남도,천안시 서북구,성정동
108,127.1409464,36.82573511,False,False,101.0,49.31598663,7.11e-15,49.31598663,49.31598663,1.668535948,199.8569946,9.765299797,0.0,9.765299797,238.0407272,3.50752149,1,충청남도,천안시 서북구,성정동
109,126.6391927,36.3797141,False,False,103.0,41.67761211,4.156626083,35.88070297,43.50613785,5.932985305,348.0685953,9.80239296,0.0,9.80239296,237.7603455,2.0,1,충청남도,보령시,청라면
110,126.8186871,36.49989285,False,False,103.0,156.1213733,6.927925448,153.6653442,165.6061096,5.636306245,96.64392832,9.792448074,1.33e-06,9.792448044,237.8638343,3.106321839,1,충청남도,청양군,운곡면
111,126.5616834,36.60101601,True,False,102.0,17.49626228,0.166293694,17.4942131,17.73142815,0.892427514,224.692685,9.78406051,4.3e-05,9.783986092,237.6897725,5.0,1,충청남도,홍성군,갈산면
112,127.1246288,35.83312315,False,False,102.0,27.04256552,2.60551311,25.60478592,30.43523216,1.439052408,31.25524886,9.847192764,0.0,9.847192764,238.120697,3.0,1,전북특별자치도,전주시 완산구,서신동
113,127.1043666,35.87004558,True,False,104.0,12.13810172,2.238675913,11.94321632,15.51197624,0.936869072,72.83711398,9.844189644,1.78e-15,9.844189644,238.1044513,1.0,1,전북특별자치도,전주시 덕진구,송천동2가
114,126.8902333,35.977151,False,False,104.0,5.949919974,1.450090771,3.820597172,7.273715973,0.213198043,192.7194777,9.835440636,0.0,9.835440636,237.9584351,4.0,1,전북특별자치도,군산시,서수면
115,126.9465709,35.96424289,True,False,103.0,8.371923447,0.0,8.371923447,8.371923447,0.900714993,205.3532257,9.836520386,4.94e-05,9.836450577,237.9956027,3.807816422,1,전북특별자치도,익산시,모현동2가
116,126.9978729,35.95570507,False,False,103.0,33.54629637,2.329694379,30.10410309,34.6485939,1.395847395,207.9163408,9.837198393,3.65e-05,9.837166786,238.028757,2.0,1,전북특별자치도,익산시,부송동
117,126.9031592,35.88667839,True,False,103.0,9.456727248,1.28376562,9.204702377,11.25466824,0.761947965,62.98461545,9.842833956,3.75e-05,9.84278965,237.9753466,3.19179561,1,전북특별자치도,김제시,공덕면
118,127.2148316,35.98639472,True,False,101.0,47.98522881,0.912095591,47.97399139,49.27507782,5.091522465,107.6310677,9.834681229,5.08e-05,9.834680557,238.1632545,3.0,1,전북특별자치도,완주군,고산면
119,127.281104,35.63793793,True,False,102.0,218.4110653,4.50916366,215.5636292,226.291748,3.820128614,194.40357,9.863028526,0.0,9.863028526,238.237798,4.0,1,전북특별자치도,임실군,임실읍
120,126.4282835,34.80445017,False,False,102.0,3.104180347,0.178235717,3.00887537,3.337531805,0.097885846,188.1605682,9.92965126,1.78e-15,9.92965126,237.7887824,,1,전라남도,목포시,상동
121,126.7355634,35.03570818,True,False,104.0,7.339786637,1.231288656,5.599782467,7.407084465,0.4722314,281.7152747,9.91130799,4.89e-05,9.91130352,237.9560836,2.0,1,전라남도,나주시,금천면
122,126.6933326,34.48307763,False,False,104.0,12.98490747,1.761146171,9.831802368,13.83479977,3.054959144,211.1144415,9.954968424,4.13e-05,9.954896927,237.9890612,3.0,1,전라남도,강진군,신전면
123,126.4500434,34.78422489,True,False,104.0,-1.394370935,0.409437747,-1.97210753,-1.355654478,1.048786666,134.862821,9.931274326,4.23e-05,9.931200981,237.8044139,,1,전라남도,영암군,삼호읍
124,126.7134152,34.79443574,True,False,103.0,17.74819756,0.0,17.74819756,17.74819756,0.424397796,329.3178101,9.930465568,4.44e-05,9.930403709,237.9677374,3.0,1,전라남도,영암군,영암읍
125,126.4220603,34.8692644,False,False,101.0,41.11500931,0.0,41.11500931,41.11500931,12.42026997,277.9520264,9.924517983,4.11e-05,9.924517632,237.777783,1.179597701,1,전라남도,무안군,삼향읍
126,126.5327018,35.02048711,False,False,103.0,4.41634996,0.872231389,3.186275244,4.508498669,0.310377556,301.4061652,9.912537422,3.59e-05,9.912495613,237.8305738,4.0,1,전라남도,함평군,학교면
127,128.6463375,36.47998747,False,False,103.0,110.1479832,5.792046719,106.7842178,117.6166306,8.855084725,22.24656232,9.794088751,1.03e-06,9.79408741,239.0237219,1.220905172,1,경상북도,안동시,일직면
128,128.3639066,36.12772768,False,False,103.0,27.49609081,19.56931493,26.24998856,61.50203323,6.12754407,258.385833,9.823118121,4.08e-05,9.823099136,238.8737685,1.0,1,경상북도,구미시,신평동
129,128.3948441,36.11101133,True,False,101.0,27.37800501,0.876359219,26.37759018,28.30327988,0.872939758,98.05761068,9.824510825,4.54e-05,9.824447632,238.8945198,1.0,1,경상북도,구미시,공단동
130,128.3978382,36.13587149,False,False,101.0,38.98583582,3.649667872,33.82462311,39.03094101,3.619969425,121.4157842,9.822453136,4.9e-07,9.822452545,238.8944894,3.0,1,경상북도,구미시,거의동
131,128.191467,36.56113271,True,False,102.0,66.12934247,0.41840662,65.61373901,66.41965485,2.049487123,243.2648365,9.787366867,0.0,9.787366867,238.7308254,3.0,1,경상북도,상주시,함창읍
132,128.1265493,36.65923436,True,False,103.0,100.4994133,3.014202445,96.23823547,100.6142883,2.675066925,26.40551536,9.779196615,3.81e-05,9.779164314,238.6821412,1.0,1,경상북도,문경시,마성면
133,129.0102817,36.55359343,False,False,101.0,156.5613955,0.355830395,156.1787872,157.1296997,4.243177921,195.6965362,9.787994506,5.95e-07,9.787994385,239.2466067,2.334394904,1,경상북도,청송군,진보면
134,128.0353661,35.0004873,False,False,102.0,0.916137038,0.024479566,0.878742695,0.939748704,0.005143643,285.6677265,9.914136526,4.4e-05,9.914074898,238.7671312,,1,,,
135,126.5508896,33.45584795,False,False,104.0,,,,,,,,,,,2.0,1,제주특별자치도,제주시,아라일동
136,126.3559129,33.33989494,False,False,103.0,,,,,,,,,,,2.0,1,제주특별자치도,서귀포시,안덕면
137,127.0711307,37.54129396,False,False,104.0,13.58625459,0.380535323,13.078578,13.74224472,0.216848277,221.465691,9.704774857,0.0,9.704774857,237.9351501,4.0,1,서울특별시,광진구,화양동
138,127.012226,37.60414461,False,False,104.0,42.84289412,0.181998567,42.58576202,42.85429764,1.033091424,96.84605207,9.699393272,1.78e-15,9.699393272,237.8917197,2.0,1,서울특별시,성북구,정릉동
139,127.0659267,37.6460744,False,False,102.0,25.86643798,1.246461026,25.14276886,27.47380638,0.545655776,195.0262587,9.695809591,4.68e-05,9.695744514,237.923282,3.566139468,1,서울특별시,노원구,중계동
140,126.9086075,37.51346103,False,False,101.0,19.02348689,3.539240406,18.76132393,24.02185822,2.446239379,335.1145862,9.707144737,1.78e-15,9.707144737,237.8319905,2.1065662,1,서울특별시,영등포구,영등포동
141,127.0521905,37.52466577,False,False,101.0,20.30403228,0.215939914,20.29882813,20.60937309,2.652659924,283.3781922,9.7061774,4.05e-05,9.706168175,237.9240807,2.0,1,서울특별시,강남구,청담동
142,127.031609,37.48955917,False,False,101.0,20.04544951,0.438617788,19.52101898,20.48563004,0.821707606,274.3093795,9.709176064,0.0,9.709176064,237.9139404,2.906441166,1,서울특별시,서초구,서초동
143,127.1482467,37.50133021,False,False,101.0,37.76483773,8.180581187,26.79095078,41.427845,7.569806353,167.5803126,9.708190167,3.97e-05,9.708142281,237.9883685,2.355685131,1,서울특별시,송파구,마천동
144,128.5861359,35.90092499,False,False,103.0,27.58989345,0.234435985,27.34940147,27.94164276,1.212134832,215.5114526,9.841672897,0.0,9.841672897,239.0310364,3.0,1,대구광역시,북구,침산동
145,126.6813172,37.43873827,False,False,102.0,34.55186691,3.682249967,33.42146683,39.63518524,3.718904239,150.5285652,9.713520105,4.07e-05,9.713492393,237.6912151,2.0,1,인천광역시,미추홀구,문학동
146,126.6897219,37.46393327,False,True,101.0,11.25969888,2.717017702,7.439724445,12.59937763,2.337193802,19.20857359,9.711380615,3.88e-05,9.711334229,237.6942781,2.0,1,인천광역시,미추홀구,주안동
147,126.6930333,37.47735717,False,False,101.0,8.5747509,0.0,8.5747509,8.5747509,1.505854011,298.7681274,9.710245469,4.74e-05,9.710178375,237.6953249,2.0,1,인천광역시,부평구,십정동
148,126.7056863,37.51284773,False,False,104.0,17.86614747,0.598361161,17.48423767,18.88303375,0.887567952,111.788856,9.707191428,4.21e-05,9.707169533,237.7005417,3.0,1,인천광역시,부평구,청천동
149,126.8511306,35.15168379,False,False,103.0,19.7559537,0.137352276,19.72439575,19.94761848,0.103091976,245.9871683,9.902076135,3.98e-05,9.902054787,238.0162925,4.0,1,광주광역시,서구,치평동
150,126.8557524,35.15995752,False,False,101.0,21.3869842,0.48138823,20.77432823,22.11102295,0.416502025,157.295252,9.901406352,4.99e-05,9.901403427,238.0181311,4.0,1,광주광역시,서구,치평동
151,126.8314335,35.14023246,False,False,101.0,17.46611886,1.917579747,14.81337452,18.02929878,0.714307771,318.4590636,9.902998924,0.0,9.902998924,238.0051575,4.0,1,광주광역시,서구,벽진동
152,126.8836026,35.13953521,False,False,102.0,65.43229098,6.023087423,57.02462387,66.79841614,9.021285864,53.13482938,9.903047562,1.78e-15,9.903047562,238.0377414,1.867985612,1,광주광역시,서구,화정동
153,126.899122,35.13473077,False,False,104.0,40.47706528,0.790544996,40.10387802,41.53094101,2.292895778,199.5051786,9.903434232,3.69e-05,9.903401375,238.0480139,3.788904899,1,광주광역시,남구,주월동
154,126.8846794,35.1722103,True,False,101.0,27.40722114,0.385742028,27.21632767,27.91825294,0.254945522,252.261409,9.900456006,1.04e-06,9.900455475,238.0352397,4.0,1,광주광역시,북구,운암동
155,126.8900759,35.17557223,False,False,101.0,49.09867764,4.6767451,41.71435165,54.74401474,3.485722173,188.9123094,9.900166512,0.0,9.900166512,238.0381705,2.0,1,광주광역시,북구,운암동
156,126.8390356,35.22402835,False,False,104.0,28.63771732,0.189384936,28.35361671,28.84770775,0.488377479,90.44613863,9.896297455,1.78e-15,9.896297455,238.001156,2.0,1,광주광역시,광산구,월계동
157,126.7304579,35.15845465,True,False,104.0,19.29649195,0.841561322,18.40813637,20.08849907,1.167630769,231.590717,9.901534081,0.0,9.901534081,237.9398804,3.0,1,광주광역시,광산구,송산동
158,126.8428481,35.2114118,False,False,104.0,28.1002636,0.0,28.1002636,28.1002636,1.035544872,39.13141251,9.897306442,0.0,9.897306442,238.0050354,3.11454219,1,광주광역시,광산구,월계동
159,127.4433089,36.32235952,True,False,102.0,57.29053116,0.0,57.29053116,57.29053116,1.626061678,200.2635193,9.807125092,0.0,9.807125092,238.277359,4.0,1,대전광역시,동구,신흥동
160,127.4082823,36.34287494,True,False,103.0,43.70603943,0.0,43.70603943,43.70603943,0.412990451,29.54508972,9.805416107,0.0,9.805416107,238.2533227,4.0,1,대전광역시,중구,중촌동
161,127.3762134,36.28016805,False,False,102.0,78.98865509,0.0,78.98865509,78.98865509,3.935800552,45.7492981,9.810611005,4.58e-05,9.810546875,238.2386852,2.892908309,1,대전광역시,중구,안영동
162,127.4177868,36.3160765,False,False,103.0,84.50215799,1.603016394,82.40351105,85.35948181,5.168017545,348.0612371,9.807645798,0.0,9.807645798,238.2616577,2.0,1,대전광역시,중구,대사동
163,127.4155849,36.32289065,False,False,102.0,61.47130838,2.690447343,58.81857681,65.10085297,2.571395247,263.1993218,9.80706435,4.39e-05,9.807051659,238.2596262,2.461759425,1,대전광역시,중구,문화동
164,127.3789863,36.35206018,False,False,101.0,50.3732692,0.249599457,50.12366867,50.62286758,0.495684298,80.57673114,9.804673195,0.0,9.804673195,238.2337584,5.048480463,1,대전광역시,서구,둔산동
165,127.4236826,36.40645347,True,False,102.0,36.13936694,0.824039095,35.21451569,37.18065643,1.549803029,295.8414575,9.800187906,4.48e-05,9.800126076,238.2574395,4.296189792,1,대전광역시,대덕구,와동
166,126.9878296,37.31977144,True,False,101.0,85.77482341,7.333191956,76.48603058,93.31872559,7.009917926,125.993742,9.723632091,4.71e-05,9.723620415,237.899624,1.0,1,경기도,수원시 장안구,이목동
167,126.9611858,37.27270381,True,False,104.0,29.65793144,0.691784253,29.43174744,30.72339249,0.745916759,54.2542085,9.727634738,3.64e-05,9.727610588,237.8863426,3.090778615,1,경기도,수원시 권선구,금곡동
168,126.9834635,37.23454793,True,False,102.0,21.98830003,2.352213512,19.14070129,25.26209831,0.870589505,103.7363971,9.730887413,0.0,9.730887413,237.9042946,3.0,1,경기도,수원시 권선구,오목천동
169,127.027866,37.26805105,False,False,102.0,44.71156739,1.012422915,43.70011902,45.81129456,1.436243029,266.7678198,9.72804528,1.23e-06,9.728043556,237.9298162,2.0,1,경기도,수원시 팔달구,인계동
170,126.9779779,37.28779621,False,False,101.0,47.29036627,0.526072664,46.5845108,47.8405838,0.862427196,149.9510034,9.726376712,5.14e-05,9.726304054,237.8959618,2.0,1,경기도,수원시 팔달구,화서동
171,127.0328008,37.26436139,False,False,104.0,48.58780164,1.176725214,46.96632385,48.96220016,1.117412935,130.8882397,9.728348732,1.78e-15,9.728348732,237.9335561,2.885169186,1,경기도,수원시 팔달구,인계동
172,127.064891,37.24646512,False,False,103.0,38.82171793,2.307248514,35.55895233,38.85565948,1.621260642,217.4704417,9.729866982,0.0,9.729866982,237.9556427,4.0,1,경기도,수원시 영통구,영통동
173,127.0610577,37.25237513,False,False,101.0,45.83554459,0.0,45.83554459,45.83554459,1.5980196,330.8097534,9.729359542,4.07e-05,9.729333878,237.9527782,2.0,1,경기도,수원시 영통구,영통동
174,127.1269879,37.4491057,False,False,103.0,42.91531542,0.892048581,41.69095612,43.21936417,0.732058378,118.2963106,9.712635524,3.97e-05,9.712610245,237.978882,1.0,1,경기도,성남시 수정구,태평동
175,127.1696253,37.4637419,False,False,101.0,112.1195508,14.97283695,111.3011551,133.2785187,9.494013384,176.9631467,9.711379146,4.72e-05,9.711367607,238.0053626,3.98381877,1,경기도,성남시 수정구,양지동
176,127.1793309,37.44228579,False,False,102.0,126.8365137,8.99994159,118.3733826,139.7865448,8.363472202,265.0823578,9.713210106,0.0,9.713210106,238.0131012,2.0,1,경기도,성남시 중원구,상대원동
177,127.1286178,37.41431355,False,False,102.0,30.00465112,0.389288526,29.51945114,30.60123253,0.375009508,222.5845465,9.715604782,0.0,9.715604782,237.9826315,2.546402878,1,경기도,성남시 분당구,야탑동
178,126.789078,37.53204597,False,False,101.0,12.25054142,0.309911364,11.96550751,12.76806736,1.04628142,45.86719264,9.705574668,4.82e-05,9.705507278,237.7531927,3.0,1,경기도,부천시 오정구,오정동
179,126.846905,37.44248666,False,True,104.0,26.84398304,2.985386475,22.13294983,27.91814423,2.409737294,192.2389042,9.713198882,3.71e-05,9.713171005,237.797994,2.278735632,1,경기도,광명시,노온사동
180,127.0566813,37.0791316,False,False,102.0,33.42260641,3.30398461,27.19587135,34.61273193,3.506587816,64.55476504,9.744019378,4.13e-05,9.743966103,237.964698,2.0,1,경기도,평택시,지산동
181,127.1159667,36.97058362,True,False,103.0,5.470660828,0.948883603,5.218389988,7.321189404,0.88745609,144.4265692,9.753134354,5.22e-05,9.75313282,238.0119947,,1,충청남도,천안시 서북구,성환읍
182,126.9680633,37.04648149,False,False,103.0,25.97818589,6.72148174,16.47603989,26.23480797,7.839670119,184.6611717,9.74675602,4.15e-05,9.746732712,237.9104585,2.799208348,1,경기도,평택시,청북읍
183,127.0799691,36.98322611,True,False,101.0,2.552934232,0.515475107,1.822262406,2.690027952,1.067315788,41.44894509,9.752080917,0.0,9.752080917,237.9877625,4.0,1,경기도,평택시,평택동
184,126.9017262,37.3015132,False,False,103.0,18.76011462,1.233927123,16.89432144,20.01482201,3.439340952,319.6012729,9.725187302,0.0,9.725187302,237.8457792,3.194982079,1,경기도,안산시 상록구,건건동
185,126.8147113,37.34014485,False,False,104.0,11.08796359,0.461261276,10.43788433,11.14200878,1.80484161,103.218179,9.721933585,5.28e-05,9.721858978,237.7861297,5.0,1,경기도,안산시 단원구,선부동
186,126.8105541,37.33683133,False,False,102.0,13.06862915,0.894634202,11.82448864,13.29853153,0.942956131,179.7619073,9.722190664,4.18e-05,9.722167969,237.7834742,2.0,1,경기도,안산시 단원구,선부동
187,126.8952076,37.65807655,False,False,103.0,63.22930145,0.0,63.22930145,63.22930145,6.579749107,168.7155151,9.694768903,3.88e-05,9.694726944,237.8113912,2.0,1,경기도,고양시 덕양구,삼송동
188,126.7574797,37.63904717,True,False,103.0,5.581264318,1.841837571,3.159716845,6.749736309,1.881284322,207.2633424,9.696417636,5.38e-05,9.696341515,237.7236003,,1,경기도,고양시 일산동구,장항동
189,126.7198489,37.65547899,False,False,101.0,3.736733482,0.250116633,3.733594656,4.090437889,0.451251755,234.3941169,9.694974901,4.25e-05,9.694971085,237.6977403,,1,경기도,고양시 일산서구,법곳동
190,126.7245232,37.65614055,False,False,101.0,10.99760304,0.68316623,10.56894302,11.86344528,0.559119031,167.3059341,9.694937549,3.99e-05,9.694889069,237.7006552,4.0,1,경기도,고양시 일산서구,법곳동
191,126.726708,37.66301394,False,False,101.0,12.17755946,0.872797804,11.93614006,13.56203175,0.825290678,114.1575859,9.694348335,0.0,9.694348335,237.7015076,4.0,1,경기도,고양시 일산서구,법곳동
192,127.0596515,37.17403261,False,False,101.0,32.88980557,2.208049751,29.68972588,33.30154419,3.009890947,83.68149668,9.735985453,4.61e-05,9.735974312,237.9584006,3.0,1,경기도,오산시,수청동
193,127.2941379,37.38107068,True,False,102.0,85.15576935,0.0,85.15576935,85.15576935,6.530045033,21.3039093,9.718424796,4.45e-05,9.718409538,238.0924225,1.228253055,1,경기도,광주시,초월읍
194,127.0460499,37.81801605,False,False,101.0,89.87052468,1.570058711,88.26870728,91.90562439,1.448535791,63.48451342,9.681024551,1.78e-15,9.681024551,237.8963668,2.0,1,경기도,양주시,덕계동
195,126.9805453,37.79915258,False,False,103.0,100.3175168,0.743500503,99.3955307,101.265274,0.978948797,284.8800969,9.682631933,3.94e-05,9.682600975,237.8554502,2.022334294,1,경기도,양주시,백석읍
196,127.3036114,37.89482594,True,False,104.0,162.4570338,2.737489728,158.0455322,164.1892395,4.481701958,271.2344818,9.674369871,4.27e-05,9.674347878,238.057704,3.0,1,경기도,포천시,화현면
197,127.9427646,37.3458648,False,False,103.0,139.5884564,2.729866375,135.2464294,141.2507172,3.226469688,114.1453287,9.72144426,4.78e-05,9.721377373,238.512108,2.681180281,1,강원특별자치도,원주시,일산동
198,127.9393387,37.36014422,False,False,104.0,118.4439468,1.42e-14,118.4439468,118.4439468,3.335032225,127.2761993,9.720227242,0.0,9.720227242,238.5089111,2.0,1,강원특별자치도,원주시,단계동
199,127.9382279,37.34890848,False,False,104.0,155.8118591,0.0,155.8118591,155.8118591,3.825101376,98.40312195,9.721158838,4.61e-05,9.721146584,238.5089771,1.619303911,1,강원특별자치도,원주시,일산동
200,127.9478264,37.33205277,False,False,104.0,143.7431299,0.57471968,142.9586945,144.4620056,1.387009721,123.894793,9.722604752,1.78e-15,9.722604752,238.5163598,1.396050269,1,강원특별자치도,원주시,개운동
201,127.938697,37.34028867,False,False,101.0,149.3560565,1.506825196,147.4200439,151.6641846,2.025032562,191.8167092,9.721911674,5.31e-07,9.72191143,238.5097924,1.853280461,1,강원특별자치도,원주시,명륜동
202,128.5644051,38.20691975,False,False,104.0,18.9705332,2.717093261,15.13319778,19.1706543,4.509354936,73.68543394,9.64727926,1.07e-06,9.647277832,238.8527518,1.025843503,1,강원특별자치도,속초시,교동
203,127.5532433,36.65014263,False,False,103.0,307.937461,8.245523869,307.2592773,323.7853394,4.670849521,346.7125956,9.779946043,4.3e-05,9.779929161,238.3187935,1.833213515,1,충청북도,청주시 상당구,낭성면
204,127.1405382,36.82668943,False,False,103.0,52.18014855,0.072203012,52.1280098,52.26794434,1.996053384,188.695186,9.765222549,0.0,9.765222549,238.0401216,2.590941769,1,충청남도,천안시 서북구,성정동
205,127.1431951,36.81864735,False,False,103.0,40.83882904,0.0,40.83882904,40.83882904,1.396864772,111.2941513,9.765901566,0.0,9.765901566,238.0427722,4.0,1,충청남도,천안시 서북구,성정동
206,126.6828014,36.94459845,False,False,103.0,41.1662648,8.563550185,29.058218,41.41921997,4.685333233,283.5162437,9.755344574,4.38e-05,9.755285263,237.7356198,2.0,1,충청남도,당진시,송산면
207,127.1427303,35.8223443,False,False,104.0,36.86486487,0.679719446,35.90690231,36.94451904,0.468180113,319.3024466,9.848067284,0.0,9.848067284,238.1329346,3.0,1,전북특별자치도,전주시 완산구,태평동
208,127.1043666,35.87004558,True,False,102.0,12.13810172,2.238675913,11.94321632,15.51197624,0.936869072,72.83711398,9.844189644,1.78e-15,9.844189644,238.1044513,1.0,1,전북특별자치도,전주시 덕진구,송천동2가
209,126.9978729,35.95570507,False,False,101.0,33.54629637,2.329694379,30.10410309,34.6485939,1.395847395,207.9163408,9.837198393,3.65e-05,9.837166786,238.028757,2.0,1,전북특별자치도,익산시,부송동
210,126.8565582,35.56911815,False,False,101.0,38.52219518,0.404082962,38.31415939,39.20051193,2.686705869,244.695245,9.868578201,3.58e-05,9.868544579,237.9773756,2.0,1,전북특별자치도,정읍시,수성동
211,126.9125316,35.80745943,False,False,103.0,19.58462715,0.0,19.58462715,19.58462715,1.179468989,254.6639557,9.849270992,3.81e-05,9.849239349,237.9889999,2.0,1,전북특별자치도,김제시,검산동
212,126.3913585,34.79896098,False,False,104.0,2.927221535,0.899518844,1.37355423,3.014932156,1.901170677,258.8821538,9.930102348,0.0,9.930102348,237.7663116,4.0,1,전라남도,목포시,산정동
213,126.4237244,34.80616828,False,False,104.0,4.038133685,0.24322131,4.012860298,4.45610714,0.306612033,102.2241738,9.929510133,4.13e-05,9.929510117,237.7856474,,1,전라남도,목포시,상동
214,126.429057,34.80390824,False,False,101.0,3.211238558,0.115026042,3.081423044,3.337531805,0.078874308,127.1820166,9.929718239,4.84e-05,9.929648399,237.7891532,,1,전라남도,목포시,상동
215,127.502957,34.94828431,False,False,103.0,16.30972501,7.8886886,7.737294197,25.83669281,6.11284432,225.5356535,9.91827774,0.0,9.91827774,238.4429047,4.0,1,전라남도,순천시,조곡동
216,126.9956899,34.89695695,True,False,102.0,110.192777,8.011885957,97.11586761,113.9637375,7.952869942,281.91776,9.922349118,4.05e-05,9.922293663,238.1327939,3.986311239,1,전라남도,화순군,이양면
217,126.9954714,34.90396196,True,False,103.0,82.04912679,6.49940241,80.50382996,93.84465027,1.390768207,241.0157808,9.921793938,0.0,9.921793938,238.132019,3.0,1,전라남도,화순군,이양면
218,126.7134314,34.79454358,True,False,101.0,17.59415173,2.121533236,14.59780788,17.74819756,0.490729515,314.1948227,9.930448451,3.72e-05,9.930403709,237.967736,3.0,1,전라남도,영암군,영암읍
219,126.4490036,34.78606445,False,False,102.0,5.874336613,3.748768594,-0.466098011,6.349471092,1.28733489,310.6360026,9.931129009,4.9e-05,9.931058884,237.803616,,1,전라남도,영암군,삼호읍
220,126.4150244,34.74633381,False,False,103.0,1.693596472,0.007417377,1.690865993,1.703724623,2.705475772,248.6272341,9.934248819,3.7e-05,9.934216499,237.7868884,2.0,1,전라남도,영암군,삼호읍
221,126.4219281,34.8694183,False,False,104.0,41.15250174,2.387255981,37.49729919,43.0851326,12.40244209,279.4782231,9.924517632,0.0,9.924517632,237.7776579,1.14762931,1,전라남도,무안군,삼향읍
222,128.7006803,36.5993555,False,False,104.0,118.7097618,2.07253818,118.0265579,121.5600357,4.588687825,187.4901727,9.78418231,5.33e-07,9.784181595,239.0490306,,1,경상북도,안동시,이천동
223,128.3640511,36.12773565,False,False,102.0,27.18314771,19.77777096,26.24998856,61.50203323,6.794926083,171.7170799,9.823116715,4.13e-05,9.823099136,238.8737856,1.0,1,경상북도,구미시,신평동
224,128.1265493,36.65923436,True,False,102.0,100.4994133,3.014202445,96.23823547,100.6142883,2.675066925,26.40551536,9.779196615,3.81e-05,9.779164314,238.6821412,1.0,1,경상북도,문경시,마성면
225,129.0102817,36.55359343,False,False,104.0,156.5613955,0.355830395,156.1787872,157.1296997,4.243177921,195.6965362,9.787994506,5.95e-07,9.787994385,239.2466067,2.334394904,1,경상북도,청송군,진보면
226,128.9934603,36.95597964,False,False,101.0,342.2591527,3.308879395,341.0437317,346.7780151,8.957443442,284.8485494,9.7543917,4.86e-05,9.754323006,239.2080477,1.75206909,1,경상북도,봉화군,소천면
227,126.5508896,33.45584795,False,False,103.0,,,,,,,,,,,2.0,1,제주특별자치도,제주시,아라일동
228,127.012241,37.60414467,False,False,102.0,42.83829891,0.178928534,42.58576202,42.85429764,1.041550851,98.18662258,9.699393272,0.0,9.699393272,237.8917377,2.0,1,서울특별시,성북구,정릉동
229,127.0659267,37.6460744,False,False,104.0,25.86643798,1.246461026,25.14276886,27.47380638,0.545655776,195.0262587,9.695809591,4.68e-05,9.695744514,237.923282,3.566139468,1,서울특별시,노원구,중계동
230,127.0523699,37.52470222,False,False,104.0,20.29882813,0.0,20.29882813,20.29882813,2.616176367,282.5788574,9.706172799,5.21e-05,9.706168175,237.9242446,2.0,1,서울특별시,강남구,청담동
231,129.0066935,35.19777,False,False,104.0,51.97719796,5.68786637,44.3370285,58.114254,5.749947724,245.5431774,9.898416593,6.25e-07,9.898416519,239.3476164,2.964375675,1,부산광역시,북구,구포동
232,128.586587,35.90068237,False,False,104.0,27.70393728,0.19067288,27.43432426,27.70853233,1.973916614,345.2884336,9.841673094,4.23e-05,9.841672897,239.0310823,2.847257081,1,대구광역시,북구,침산동
233,126.6897219,37.46393327,False,True,102.0,11.25969888,2.717017702,7.439724445,12.59937763,2.337193802,19.20857359,9.711380615,3.88e-05,9.711334229,237.6942781,2.0,1,인천광역시,미추홀구,주안동
234,126.8648972,35.15795406,False,False,102.0,34.81712723,0.0,34.81712723,34.81712723,1.457045794,322.5151978,9.901585414,3.51e-05,9.901546478,238.0242034,1.610832138,1,광주광역시,서구,쌍촌동
235,126.8518169,35.15416517,False,False,101.0,21.06692487,1.933502084,20.14392662,24.65647888,0.563856409,238.4285785,9.901897293,4.21e-05,9.901839256,238.0164574,4.0,1,광주광역시,서구,치평동
236,126.8314335,35.14023246,False,False,103.0,17.46611886,1.917579747,14.81337452,18.02929878,0.714307771,318.4590636,9.902998924,0.0,9.902998924,238.0051575,4.0,1,광주광역시,서구,벽진동
237,126.8557241,35.15986194,False,False,103.0,21.18409621,0.554911443,20.77432823,22.11102295,0.366119198,157.0591545,9.901418721,4.25e-05,9.901403427,238.0181465,4.0,1,광주광역시,서구,치평동
238,126.7304879,35.15835941,True,False,103.0,18.9211796,0.901623008,18.40813637,20.08849907,0.861722627,235.2201255,9.901534405,5.17e-05,9.901534081,237.9398808,3.0,1,광주광역시,광산구,송산동
239,126.8428481,35.2114118,False,False,101.0,28.1002636,0.0,28.1002636,28.1002636,1.035544872,39.13141251,9.897306442,0.0,9.897306442,238.0050354,3.11454219,1,광주광역시,광산구,월계동
240,126.8388677,35.17713963,False,False,104.0,13.2811688,1.924187981,12.81292057,15.76539803,0.549607873,154.4631198,9.900044441,0.0,9.900044441,238.0059662,1.0,1,광주광역시,서구,덕흥동
241,127.4430142,36.32227589,True,False,104.0,57.38300317,1.033421031,56.22175217,58.74198151,1.528228668,214.9739498,9.807125092,1.78e-15,9.807125092,238.2772845,4.0,1,대전광역시,동구,신흥동
242,126.9694661,37.30046098,False,True,102.0,60.81219522,3.762475759,55.49130249,60.83560944,2.147379378,132.5122477,9.72529958,4.6e-05,9.725235939,237.8896702,2.0,1,경기도,수원시 장안구,율전동
243,126.9878304,37.3196522,True,False,104.0,83.9398323,6.801149427,76.48603058,93.31872559,5.851722998,126.8591029,9.723652252,3.92e-05,9.723620415,237.8996439,1.0,1,경기도,수원시 장안구,이목동
244,127.0273849,37.26702201,False,False,101.0,43.79205222,0.018612174,43.76634598,43.79771042,1.528709092,272.3151401,9.728120804,0.0,9.728120804,237.9298096,2.0,1,경기도,수원시 팔달구,인계동
245,127.0166592,37.27206181,True,False,102.0,40.55407627,0.464480495,39.99188614,41.08756638,1.264762327,134.2361471,9.727686666,4.19e-05,9.727664948,237.9222665,2.0,1,경기도,수원시 팔달구,중동
246,127.0326675,37.26420584,False,False,103.0,48.93214168,1.223157703,46.96632385,48.96220016,1.001378179,133.5428896,9.728348732,0.0,9.728348732,237.9333796,3.0,1,경기도,수원시 팔달구,인계동
247,127.0661655,37.24653487,True,False,103.0,39.7285347,0.0,39.7285347,39.7285347,1.189942837,190.6353912,9.729866982,0.0,9.729866982,237.9563751,5.658519051,1,경기도,수원시 영통구,영통동
248,127.0464622,37.29065641,False,False,101.0,76.72211007,1.183294519,75.13477325,77.25195313,2.079206944,38.28431691,9.726126671,0.0,9.726126671,237.9401245,2.0,1,경기도,수원시 영통구,이의동
249,127.1790547,37.44393062,True,False,104.0,125.2252634,2.674998298,120.6959381,125.4485245,6.552522087,161.4686793,9.713069118,4.66e-05,9.713056564,238.0129494,2.512958963,1,경기도,성남시 중원구,상대원동
250,126.8468904,37.4424508,False,True,104.0,26.47994172,2.750227022,22.13294983,27.91814423,2.351952395,192.6753783,9.713205277,3.93e-05,9.713173866,237.7979985,2.326998924,1,경기도,광명시,노온사동
251,126.9666689,37.04647523,False,False,101.0,21.57807296,5.581709336,13.67638779,23.1666069,6.705699895,211.2631061,9.74675602,4.15e-05,9.746732712,237.9096107,3.0,1,경기도,평택시,청북읍
252,127.0943949,37.05758145,False,False,102.0,43.32481003,0.0,43.32481003,43.32481003,1.026679635,235.1664429,9.745840207,4.39e-05,9.745779991,237.9905709,2.320115357,1,경기도,평택시,장안동
253,126.7950334,37.34384203,True,False,103.0,13.35142199,9.241240948,13.14561081,31.82843399,1.762818209,184.5408777,9.721603825,3.88e-05,9.721561432,237.7729905,6.0,1,경기도,안산시 단원구,선부동
254,126.8146169,37.34066897,False,False,102.0,11.4055393,0.484247823,11.14200878,12.0376339,1.942648167,101.0952251,9.721858978,0.0,9.721858978,237.7860413,5.0,1,경기도,안산시 단원구,선부동
255,126.8101965,37.33673386,False,False,104.0,12.53668605,1.062000263,10.76250648,13.29853153,0.959784544,187.543227,9.722207871,3.86e-05,9.722167969,237.7834946,2.0,1,경기도,안산시 단원구,선부동
256,126.7199487,37.65560564,False,False,103.0,3.809225824,0.205912966,3.733594656,4.090437889,0.457811438,235.9880008,9.694971085,0.0,9.694971085,237.6977386,,1,경기도,고양시 일산서구,법곳동
257,126.7277406,37.6627705,False,False,104.0,10.60989973,0.937838905,10.59685326,11.93614006,0.751515348,109.9049768,9.694347607,5.51e-05,9.694346428,237.7022564,4.0,1,경기도,고양시 일산서구,법곳동
258,126.7245232,37.65614055,False,False,103.0,10.99760304,0.68316623,10.56894302,11.86344528,0.559119031,167.3059341,9.694937549,3.99e-05,9.694889069,237.7006552,4.0,1,경기도,고양시 일산서구,법곳동
259,127.0986207,37.28880124,False,False,104.0,81.23780695,1.020209074,79.8152771,81.4787674,2.804508068,166.7058439,9.726265907,0.0,9.726265907,237.9737549,4.0,1,경기도,용인시 기흥구,신갈동
260,127.1816208,37.06241786,False,False,102.0,94.16004729,8.140376511,85.67715454,101.9428482,10.30000334,66.82085974,9.745427333,3.96e-05,9.745377541,238.0464881,1.0,1,경기도,안성시,양성면
261,126.7005077,37.65017571,False,False,104.0,10.53084583,0.896049191,9.263689041,10.54189014,0.735815238,211.5526752,9.695445326,1.18e-06,9.695445061,237.6855974,4.0,1,경기도,김포시,운양동
262,127.3036114,37.89482594,True,False,102.0,162.4570338,2.737489728,158.0455322,164.1892395,4.481701958,271.2344818,9.674369871,4.27e-05,9.674347878,238.057704,3.0,1,경기도,포천시,화현면
263,127.9426482,37.34638992,False,False,104.0,136.8710976,1.1502265,135.2464294,136.9516907,2.296082408,98.79893465,9.721377373,0.0,9.721377373,238.5120544,3.0,1,강원특별자치도,원주시,일산동
264,128.5922488,37.19488916,True,False,104.0,321.1968014,6.453012787,317.3489075,333.1907959,5.215720433,118.5205886,9.734234434,3.82e-05,9.734194756,238.9375171,2.0,1,강원특별자치도,영월군,산솔면
265,127.5532433,36.65014263,False,False,104.0,307.937461,8.245523869,307.2592773,323.7853394,4.670849521,346.7125956,9.779946043,4.3e-05,9.779929161,238.3187935,1.833213515,1,충청북도,청주시 상당구,낭성면
266,127.9207195,36.93888174,False,False,101.0,72.06329954,2.510466246,68.7766037,73.40587616,7.052607957,220.5488168,9.755798003,5.09e-05,9.755793571,238.5292001,,1,충청북도,충주시,단월동
267,127.1405382,36.82668943,False,False,101.0,52.18014855,0.072203012,52.1280098,52.26794434,1.996053384,188.695186,9.765222549,0.0,9.765222549,238.0401216,2.590941769,1,충청남도,천안시 서북구,성정동
268,126.8565582,35.56911815,False,False,101.0,38.52219518,0.404082962,38.31415939,39.20051193,2.686705869,244.695245,9.868578201,3.58e-05,9.868544579,237.9773756,2.0,1,전북특별자치도,정읍시,수성동
269,126.4237244,34.80616828,False,False,104.0,4.038133685,0.24322131,4.012860298,4.45610714,0.306612033,102.2241738,9.929510133,4.13e-05,9.929510117,237.7856474,,1,전라남도,목포시,상동
270,126.4288543,34.80393032,False,False,103.0,3.222967429,0.105120754,3.128226995,3.337531805,0.08566261,133.2793081,9.929716097,4.59e-05,9.92965126,237.7889803,,1,전라남도,목포시,상동
271,126.9954714,34.90396196,True,False,102.0,82.04912679,6.49940241,80.50382996,93.84465027,1.390768207,241.0157808,9.921793938,0.0,9.921793938,238.132019,3.0,1,전라남도,화순군,이양면
272,126.6986404,34.81446055,False,False,104.0,4.927569174,1.476622403,4.714958668,7.004977226,0.776270157,326.815918,9.928859919,3.96e-05,9.928845406,237.9564097,2.011498383,1,전라남도,영암군,영암읍
273,126.449768,34.78440398,True,False,101.0,-1.310368547,3.314183662,-1.355654478,3.376376152,1.089995651,136.3376398,9.93125184,3.93e-05,9.931200981,237.8042532,,1,전라남도,영암군,삼호읍
274,126.4151564,34.74619184,False,False,104.0,2.33951319,4.6308279,1.690865993,10.59597778,2.884026168,247.181627,9.934273086,4.17e-05,9.934216499,237.7869288,2.0,1,전라남도,영암군,삼호읍
275,126.4219284,34.86967407,False,False,104.0,42.14673733,5.046447279,33.29777145,43.0851326,13.73670829,280.3476052,9.924515711,4.86e-05,9.92444706,237.7776588,1.0,1,전라남도,무안군,삼향읍
276,128.7006848,36.59964166,False,False,104.0,118.0265579,0.0,118.0265579,118.0265579,4.077942371,222.1818085,9.784172784,4.72e-05,9.784106255,239.0490216,,1,경상북도,안동시,이천동
277,128.0847158,36.65132933,False,False,101.0,163.2907647,10.65462834,148.4504852,165.9000397,13.01799199,151.2380852,9.779855837,3.78e-05,9.77982235,238.6560554,3.751699463,1,경상북도,문경시,마성면
278,128.9931588,36.95575687,False,False,104.0,340.87828,0.602002198,340.0431519,341.0437317,6.845378738,304.4722913,9.7543993,0.0,9.7543993,239.2079773,,1,경상북도,봉화군,소천면
279,127.0124064,37.60406188,False,False,101.0,42.76920382,0.142989249,42.58576202,42.85429764,1.168749602,118.3438877,9.699393272,0.0,9.699393272,237.8919547,2.0,1,서울특별시,성북구,정릉동
280,127.0109417,37.61440256,False,False,102.0,98.3581123,12.01686679,82.41867065,104.2525482,9.75461782,198.5129771,9.698518136,4.02e-05,9.698468208,237.8900026,1.0,1,서울특별시,성북구,정릉동
281,127.0659267,37.6460744,False,False,102.0,25.86643798,1.246461026,25.14276886,27.47380638,0.545655776,195.0262587,9.695809591,4.68e-05,9.695744514,237.923282,3.566139468,1,서울특별시,노원구,중계동
282,127.0521905,37.52466577,False,False,102.0,20.30403228,0.215939914,20.29882813,20.60937309,2.652659924,283.3781922,9.7061774,4.05e-05,9.706168175,237.9240807,2.0,1,서울특별시,강남구,청담동
283,129.0066935,35.19777,False,False,104.0,51.97719796,5.68786637,44.3370285,58.114254,5.749947724,245.5431774,9.898416593,6.25e-07,9.898416519,239.3476164,2.964375675,1,부산광역시,북구,구포동
284,128.586587,35.90068237,False,False,104.0,27.70393728,0.19067288,27.43432426,27.70853233,1.973916614,345.2884336,9.841673094,4.23e-05,9.841672897,239.0310823,2.847257081,1,대구광역시,북구,침산동
285,126.6897219,37.46393327,False,True,101.0,11.25969888,2.717017702,7.439724445,12.59937763,2.337193802,19.20857359,9.711380615,3.88e-05,9.711334229,237.6942781,2.0,1,인천광역시,미추홀구,주안동
286,126.6932069,37.47752166,False,False,103.0,8.5747509,0.0,8.5747509,8.5747509,1.505854011,298.7681274,9.710216689,3.87e-05,9.710178375,237.695531,2.0,1,인천광역시,부평구,십정동
287,126.6836561,37.4889201,False,False,101.0,14.69451232,5.462250499,14.05477333,22.39276505,3.017175702,116.949653,9.709260047,4.41e-05,9.709183693,237.6881194,2.236180905,1,인천광역시,서구,가좌동
288,126.8518601,35.15421312,False,False,104.0,21.5287069,1.922518576,20.14392662,24.65647888,0.517550379,247.8816336,9.90188999,3.88e-05,9.901839256,238.0165045,4.0,1,광주광역시,서구,치평동
289,126.831624,35.14003072,False,False,103.0,18.02929878,0.0,18.02929878,18.02929878,0.740460336,318.9958191,9.902998981,5.05e-05,9.902998924,238.0051576,4.0,1,광주광역시,서구,벽진동
290,126.8648334,35.15775093,False,False,104.0,35.14426302,1.244213311,34.81712723,36.87316895,1.729808694,325.447614,9.901613951,4.77e-05,9.901546478,238.0241541,1.776301616,1,광주광역시,서구,쌍촌동
291,126.8275023,35.21640406,True,False,102.0,40.38018301,0.385196251,40.02713013,40.89591217,0.835471659,327.6820704,9.8969132,3.68e-05,9.896879196,237.9948544,2.0,1,광주광역시,광산구,월계동
292,126.8385034,35.17728078,False,False,101.0,14.82480664,1.490354212,12.81292057,15.45299911,2.089008198,120.41145,9.900044441,0.0,9.900044441,238.0057671,1.0,1,광주광역시,서구,덕흥동
293,126.7303992,35.15852585,True,False,104.0,19.57918947,0.888139096,18.40813637,20.35450554,1.381948932,228.1392614,9.901534081,0.0,9.901534081,237.9398804,3.0,1,광주광역시,광산구,송산동
294,126.8261703,35.14170511,False,False,104.0,18.40485645,1.767201127,15.42657089,18.72943115,0.889867533,158.4386957,9.902866404,4.5e-05,9.902856827,238.0015532,3.0,1,광주광역시,광산구,우산동
295,127.4425129,36.3224784,True,False,103.0,56.33592808,0.679817317,56.22175217,57.29053116,1.41069717,220.4230228,9.807125092,0.0,9.807125092,238.2766703,4.0,1,대전광역시,동구,신흥동
296,127.3401631,36.35048992,False,False,102.0,46.62677854,0.613289824,45.58760071,47.15981293,1.031081577,90.65447527,9.804810292,4.24e-05,9.80475235,238.2093743,4.0,1,대전광역시,유성구,봉명동
297,126.9695108,37.30047311,False,True,104.0,60.61378716,3.625538187,55.49130249,60.83560944,2.151013756,131.4052637,9.725297707,3.78e-05,9.725235939,237.889704,2.0,1,경기도,수원시 장안구,율전동
298,127.0271223,37.26766649,False,False,102.0,43.48875975,2.947541543,39.32955933,43.76634598,1.88113007,269.3474613,9.728054959,4.7e-05,9.728045464,237.9295902,2.0,1,경기도,수원시 팔달구,인계동
299,127.0167637,37.27206224,True,False,101.0,40.36716992,0.477483498,39.99188614,41.08756638,1.111540102,134.4977883,9.727686413,4.2e-05,9.727664948,237.9224057,2.0,1,경기도,수원시 팔달구,중동
300,127.0661655,37.24653487,True,False,103.0,39.7285347,0.0,39.7285347,39.7285347,1.189942837,190.6353912,9.729866982,0.0,9.729866982,237.9563751,5.658519051,1,경기도,수원시 영통구,영통동
301,127.0464622,37.29065641,False,False,101.0,76.72211007,1.183294519,75.13477325,77.25195313,2.079206944,38.28431691,9.726126671,0.0,9.726126671,237.9401245,2.0,1,경기도,수원시 영통구,이의동
302,127.17892,37.44396602,True,False,102.0,125.4136093,3.335988678,120.6959381,125.4485245,6.672910142,157.7718605,9.713064013,4.96e-05,9.713056564,238.0129453,2.827697842,1,경기도,성남시 중원구,상대원동
303,127.1285656,37.43410914,True,False,102.0,31.07062326,1.841371543,29.22940826,32.91215134,3.317993845,196.760807,9.713915652,1.23e-06,9.713913918,237.9809623,2.144292893,1,경기도,성남시 수정구,수진동
304,126.7943873,37.48114246,False,False,101.0,25.28567001,0.718063983,24.19615364,25.94288826,0.984096203,105.788883,9.70989418,0.0,9.70989418,237.7607422,4.0,1,경기도,부천시 소사구,소사본동
305,126.7889711,37.53221928,False,False,103.0,12.14423023,0.365022926,11.96550751,12.76806736,1.060963636,34.41106343,9.70554509,3.87e-05,9.705507278,237.7530967,3.0,1,경기도,부천시 오정구,오정동
306,127.0943949,37.05758145,False,False,101.0,43.32481003,0.0,43.32481003,43.32481003,1.026679635,235.1664429,9.745840207,4.39e-05,9.745779991,237.9905709,2.320115357,1,경기도,평택시,장안동
307,126.8611865,37.30178985,False,False,102.0,8.437410664,0.115063951,8.297502518,8.520507813,0.419888121,315.1676369,9.72518172,4.08e-05,9.725128174,237.8195721,3.720445562,1,경기도,안산시 상록구,본오동
308,126.7950334,37.34384203,True,False,102.0,13.35142199,9.241240948,13.14561081,31.82843399,1.762818209,184.5408777,9.721603825,3.88e-05,9.721561432,237.7729905,6.0,1,경기도,안산시 단원구,선부동
309,126.8146778,37.34053816,False,False,102.0,11.18248516,0.605358446,11.14200878,12.0376339,1.851428571,101.9852252,9.721869262,4.79e-05,9.721858978,237.7860534,5.0,1,경기도,안산시 단원구,선부동
310,126.8104055,37.336747,False,False,102.0,12.80483834,0.776150277,11.82448864,13.29853153,0.938775941,179.3612959,9.72220567,3.86e-05,9.722167969,237.7834919,2.0,1,경기도,안산시 단원구,선부동
311,126.8482086,37.61719169,True,False,101.0,13.0942074,0.805451296,12.36244678,13.96715069,0.393565749,263.1854951,9.698281129,4.2e-05,9.698225975,237.7844318,4.0,1,경기도,고양시 덕양구,행신동
312,126.7277999,37.66284243,False,False,104.0,10.60663457,0.370122425,10.59685326,11.12997532,0.752476027,109.9166066,9.694346428,0.0,9.694346428,237.7022552,4.0,1,경기도,고양시 일산서구,법곳동
313,126.7083455,37.69776409,False,False,102.0,18.64335281,2.11844466,17.31447983,21.32844353,2.793845952,172.0088973,9.691343526,5.32e-05,9.691339493,237.6865121,3.120143885,1,경기도,고양시 일산서구,구산동
314,127.1815467,37.06234611,False,False,101.0,96.87235112,8.69029249,85.67715454,101.9428482,9.534230892,71.60265973,9.745439071,3.73e-05,9.745377541,238.0464841,1.0,1,경기도,안성시,양성면
315,127.0459909,37.81837757,False,False,102.0,89.16456026,1.826833179,88.26870728,91.58779907,1.640189763,65.93533188,9.680972234,4.16e-05,9.680945396,237.8962587,2.0,1,경기도,양주시,덕계동
316,127.6698742,37.96298744,False,False,103.0,89.45235129,15.52845093,71.79620361,99.67147064,26.78395073,43.04549989,9.668497086,0.0,9.668497086,238.2904205,1.0,1,강원특별자치도,춘천시,서면
317,127.9276866,37.3518685,False,False,101.0,146.6981327,3.343976351,141.5929108,148.047821,2.622181185,163.840589,9.720912933,0.0,9.720912933,238.5019953,2.168587896,1,강원특별자치도,원주시,단계동
318,128.5922488,37.19488916,True,False,104.0,321.1968014,6.453012787,317.3489075,333.1907959,5.215720433,118.5205886,9.734234434,3.82e-05,9.734194756,238.9375171,2.0,1,강원특별자치도,영월군,산솔면
319,127.5515416,36.65069198,False,False,104.0,308.0398524,2.317066786,306.3675232,312.0369568,2.474773697,45.67284826,9.779927042,5.11e-05,9.779854774,238.3178075,4.0,1,충청북도,청주시 상당구,낭성면
320,127.5143332,36.65817698,False,False,103.0,90.84215726,2.485853546,90.35418701,94.32365417,3.549499507,306.1875548,9.779285159,3.9e-05,9.779252052,238.2935175,4.0,1,충청북도,청주시 청원구,율량동
321,127.9207867,36.93885446,False,False,101.0,71.77745894,2.414215692,68.7766037,73.40587616,6.572441573,220.6468039,9.755801339,4.87e-05,9.755793571,238.5292964,,1,충청북도,충주시,단월동
322,127.1400681,36.8257101,False,False,102.0,49.04045868,0.0,49.04045868,49.04045868,1.503941774,185.3621216,9.765299797,0.0,9.765299797,238.0401001,5.203590664,1,충청남도,천안시 서북구,성정동
323,127.1381105,36.83895389,False,True,102.0,64.92465267,2.526072809,61.35296631,64.99637604,1.95585174,321.9630562,9.764180125,3.75e-05,9.764168739,238.0374756,2.0,1,충청남도,천안시 서북구,두정동
324,126.4026374,36.72303575,False,False,103.0,48.49340275,3.184326799,43.99139404,48.60199356,3.14370936,342.7754838,9.773889542,0.0,9.773889542,237.5758057,2.0,1,충청남도,서산시,부석면
325,126.682586,36.94447124,False,False,103.0,41.41921997,0.0,41.41921997,41.41921997,4.638507843,282.4786377,9.755361134,5.37e-05,9.755285263,237.7355636,2.0,1,충청남도,당진시,송산면
326,126.8919046,36.26572222,False,False,103.0,2.065450391,0.0731646,1.963339806,2.08217001,0.100538433,333.0596626,9.811782092,1.21e-06,9.811781883,237.9323555,,1,충청남도,부여군,규암면
327,126.7967389,36.69610904,True,False,103.0,12.06596317,0.713724148,11.61828518,12.97061157,2.524968449,20.48339443,9.77612114,0.0,9.77612114,237.8316923,4.0,1,충청남도,예산군,오가면
328,126.9467245,35.93028795,False,False,104.0,5.696968452,0.042278133,5.637185097,5.697880268,0.121206403,232.3751169,9.839268826,3.92e-05,9.839245796,237.9989911,4.0,1,전북특별자치도,익산시,인화동1가
329,126.8565582,35.56911815,False,False,104.0,38.52219518,0.404082962,38.31415939,39.20051193,2.686705869,244.695245,9.868578201,3.58e-05,9.868544579,237.9773756,2.0,1,전북특별자치도,정읍시,수성동
330,126.8769447,35.58526903,False,False,104.0,33.72942652,2.823212761,29.14984512,35.6997757,2.773800425,97.24907283,9.867288441,4.62e-05,9.86722374,237.988512,4.0,1,전북특별자치도,정읍시,북면
331,126.9031592,35.88667839,True,False,102.0,9.456727248,1.28376562,9.204702377,11.25466824,0.761947965,62.98461545,9.842833956,3.75e-05,9.84278965,237.9753466,3.19179561,1,전북특별자치도,김제시,공덕면
332,126.9142282,35.78415737,False,False,103.0,5.959650019,0.39600658,5.785709858,6.555075169,0.356041173,205.6042371,9.851153487,4.49e-05,9.851143837,237.9924745,3.457020057,1,전북특별자치도,김제시,황산동
333,126.422584,34.80924685,False,False,104.0,3.640697334,0.034099322,3.628632545,3.687387466,0.232555537,14.37328176,9.929295784,4.87e-05,9.929225922,237.7846284,2.0,1,전라남도,목포시,상동
334,126.4265861,34.81105926,False,False,104.0,3.36934346,0.385093588,3.260894775,3.89185214,0.072187395,65.61218313,9.929152488,1.35e-06,9.929150581,237.7867738,,1,전라남도,목포시,옥암동
335,126.4289857,34.80383604,False,False,104.0,3.177396035,0.118450537,3.128226995,3.337531805,0.059286,109.5851153,9.929719925,0.0,9.929719925,237.7890732,,1,전라남도,목포시,상동
336,126.4246593,34.80596896,False,False,101.0,3.33360585,0.483420643,3.256117582,4.012860298,0.226519251,105.721524,9.929535469,3.76e-05,9.929508209,237.7861526,,1,전라남도,목포시,상동
337,126.9951801,34.90424705,True,False,102.0,88.79941801,5.691097337,80.50382996,93.84465027,4.740834994,186.4684099,9.921766313,3.73e-05,9.921720505,238.1319246,3.0,1,전라남도,화순군,이양면
338,126.4150811,34.74641782,False,False,103.0,1.826060625,5.06440818,1.690865993,10.59597778,3.038420017,249.2210535,9.934234796,4.11e-05,9.934216499,237.7868651,2.0,1,전라남도,영암군,삼호읍
339,126.6987765,34.81385305,False,False,103.0,6.635483596,1.375843902,5.836488724,8.409603119,1.352734016,349.2864251,9.92891407,0.0,9.92891407,237.9564819,2.365010799,1,전라남도,영암군,영암읍
340,129.2519281,35.98490491,False,False,104.0,6.028918912,5.959639903,3.503161907,17.44023132,4.011727202,318.4392426,9.834812164,0.0,9.834812164,239.4382629,2.12863816,1,경상북도,경주시,강동면
341,128.7006417,36.59972558,False,False,101.0,118.0544386,2.326307042,118.0265579,121.3442154,4.077467426,220.476653,9.784159659,4.06e-05,9.784106255,239.0489531,1.704782452,1,경상북도,안동시,이천동
342,128.8933722,36.00082255,True,False,102.0,88.10263347,4.670153584,83.92520142,93.21826935,7.286117229,70.41758752,9.833525594,4.09e-05,9.833470345,239.2144095,3.800779558,1,경상북도,영천시,청통면
343,128.0847884,36.65113816,False,False,101.0,160.9382161,8.056121964,148.4504852,165.9000397,12.04504794,152.209707,9.77988801,4.63e-05,9.77982235,238.6561819,3.089831117,1,경상북도,문경시,마성면
344,128.4455826,36.25876086,False,False,101.0,97.62865702,2.331069872,94.86341095,99.42342377,6.085354383,23.49310231,9.812349452,4.31e-05,9.812334061,238.914475,2.828848224,1,대구광역시,군위군,소보면
345,128.324049,35.91179582,False,False,102.0,35.55514643,4.807809976,31.04176521,43.66814804,11.53481472,36.25889931,9.840767927,6.29e-07,9.84076786,238.8663839,1.063017645,1,경상북도,성주군,선남면
346,128.9932003,36.95560133,False,False,101.0,340.9447738,0.641371507,340.0431519,341.0437317,7.234693666,305.4042308,9.7543993,0.0,9.7543993,239.2079773,1.224305806,1,경상북도,봉화군,소천면
347,127.0116063,37.60460774,False,False,101.0,44.40085667,1.155208661,42.85429764,45.90078354,2.617473,135.0510832,9.699344622,3.99e-05,9.699316025,237.8915134,2.0,1,서울특별시,성북구,정릉동
348,127.0282801,37.63553746,False,False,103.0,30.15034909,0.234852447,29.75210381,30.18710518,0.666129273,180.4749644,9.696684937,6.08e-07,9.696684837,237.8997951,3.689877961,1,서울특별시,강북구,번동
349,127.0521905,37.52466577,False,False,102.0,20.30403228,0.215939914,20.29882813,20.60937309,2.652659924,283.3781922,9.7061774,4.05e-05,9.706168175,237.9240807,2.0,1,서울특별시,강남구,청담동
350,127.0311314,37.48995388,False,False,103.0,19.52101898,0.0,19.52101898,19.52101898,0.65289253,272.459137,9.709170935,4.98e-05,9.709100723,237.9134319,3.0,1,서울특별시,서초구,서초동
351,127.0535384,37.51307041,False,False,104.0,32.97199883,3.337576294,30.07847786,37.60616302,3.901568715,169.7141207,9.707169533,0.0,9.707169533,237.9259531,4.0,1,서울특별시,강남구,삼성동
352,129.0066935,35.19777,False,False,102.0,51.97719796,5.68786637,44.3370285,58.114254,5.749947724,245.5431774,9.898416593,6.25e-07,9.898416519,239.3476164,2.964375675,1,부산광역시,북구,구포동
353,128.6972014,35.98705293,False,False,103.0,442.4717517,9.212877421,441.1676941,455.4353027,8.66748614,158.1225082,9.834625368,5.12e-05,9.834623337,239.0933549,1.0,1,대구광역시,동구,도학동
354,128.586587,35.90068237,False,False,101.0,27.70393728,0.19067288,27.43432426,27.70853233,1.973916614,345.2884336,9.841673094,4.23e-05,9.841672897,239.0310823,2.847257081,1,대구광역시,북구,침산동
355,126.6897219,37.46393327,False,True,102.0,11.25969888,2.717017702,7.439724445,12.59937763,2.337193802,19.20857359,9.711380615,3.88e-05,9.711334229,237.6942781,2.0,1,인천광역시,미추홀구,주안동
356,126.6930333,37.47735717,False,False,103.0,8.5747509,0.0,8.5747509,8.5747509,1.505854011,298.7681274,9.710245469,4.74e-05,9.710178375,237.6953249,2.0,1,인천광역시,부평구,십정동
357,126.6836561,37.4889201,False,False,103.0,14.69451232,5.462250499,14.05477333,22.39276505,3.017175702,116.949653,9.709260047,4.41e-05,9.709183693,237.6881194,2.236180905,1,인천광역시,서구,가좌동
358,126.8517648,35.15414021,False,False,103.0,20.79880039,1.989655075,20.14392662,24.65647888,0.589070034,234.3418117,9.901900781,4.41e-05,9.901839256,238.0163924,4.0,1,광주광역시,서구,치평동
359,126.8471985,35.12688973,False,False,101.0,28.13659696,1.279527935,26.04335022,28.86358261,0.887974397,42.54351896,9.904068947,0.0,9.904068947,238.0162506,4.0,1,광주광역시,서구,매월동
360,126.8265925,35.14157624,False,False,101.0,18.72943115,0.0,18.72943115,18.72943115,1.05701077,110.0859375,9.902887037,3.67e-05,9.902856827,238.0019047,3.0,1,광주광역시,광산구,우산동
361,126.8391932,35.17703734,False,False,101.0,13.60993254,1.625001466,12.81292057,15.76539803,0.408073515,184.9686765,9.900044676,4.23e-05,9.900044441,238.0059758,1.0,1,광주광역시,서구,덕흥동
362,126.800596,35.16234839,False,False,101.0,35.9021215,0.924002188,35.86684418,37.20838165,2.757930673,111.7686569,9.901216478,4.93e-05,9.901212692,237.9834947,2.584172662,1,광주광역시,광산구,우산동
363,127.4428057,36.32237087,True,False,101.0,56.89842213,0.553006208,56.22175217,57.29053116,1.537599395,208.5441581,9.807125092,1.78e-15,9.807125092,238.2770232,4.0,1,대전광역시,동구,신흥동
364,127.3224877,36.29979021,False,False,103.0,71.23484944,1.2234377,69.91114807,72.34903717,1.951745188,298.664331,9.808992386,0.0,9.808992386,238.2027234,2.989928058,1,대전광역시,유성구,원내동
365,127.3401052,36.349977,False,False,104.0,47.00131556,0.112090826,46.99861526,47.15981293,1.12804816,66.65221098,9.804825929,4.23e-05,9.804825783,238.2093109,3.90222063,1,대전광역시,유성구,봉명동
366,127.0272522,37.26745809,False,False,104.0,43.76634598,0.0,43.76634598,43.76634598,1.874227762,269.5802612,9.728090146,3.83e-05,9.728045464,237.9297547,2.0,1,경기도,수원시 팔달구,인계동
367,126.9374843,37.27624419,False,False,103.0,55.85549796,1.956970861,52.20145416,56.4125061,1.012791746,35.1518976,9.72733106,3.69e-05,9.727313042,237.8707242,2.486185863,1,경기도,수원시 권선구,금곡동
368,127.0166868,37.2720899,True,False,102.0,40.50961272,0.460784554,39.99188614,41.08756638,1.248912889,133.700746,9.727682056,4.4e-05,9.727664948,237.9222971,2.0,1,경기도,수원시 팔달구,중동
369,127.0331156,37.26509511,False,False,101.0,48.95384769,2.105959302,48.09739685,51.80632401,1.112932199,165.4256695,9.728271484,0.0,9.728271484,237.9336243,2.583153348,1,경기도,수원시 팔달구,인계동
370,127.0661655,37.24653487,True,False,101.0,39.7285347,0.0,39.7285347,39.7285347,1.189942837,190.6353912,9.729866982,0.0,9.729866982,237.9563751,5.658519051,1,경기도,수원시 영통구,영통동
371,127.1791366,37.44226142,False,False,101.0,120.5544448,11.19465849,118.3733826,139.7865448,7.441828923,260.96564,9.713210106,0.0,9.713210106,238.013092,2.0,1,경기도,성남시 중원구,상대원동
372,127.1285656,37.43410914,True,False,102.0,31.07062326,1.841371543,29.22940826,32.91215134,3.317993845,196.760807,9.713915652,1.23e-06,9.713913918,237.9809623,2.144292893,1,경기도,성남시 수정구,수진동
373,126.8010014,37.5217697,False,False,104.0,15.46256272,2.407592784,13.57526398,19.88308716,1.958008466,40.71825358,9.706424713,0.0,9.706424713,237.7614797,4.0,1,경기도,부천시 오정구,원종동
374,126.7876157,37.50388824,False,False,101.0,18.27587317,1.805011207,15.724123,18.34444427,1.765878667,195.6219446,9.70797333,1.25e-06,9.707971573,237.7543302,2.517985612,1,경기도,부천시 원미구,춘의동
375,126.7889711,37.53221928,False,False,101.0,12.14423023,0.365022926,11.96550751,12.76806736,1.060963636,34.41106343,9.70554509,3.87e-05,9.705507278,237.7530967,3.0,1,경기도,부천시 오정구,오정동
376,126.8468928,37.44240711,False,True,104.0,26.07294785,2.523812807,22.13294983,27.91814423,2.279203481,192.8237664,9.713213272,3.86e-05,9.713173866,237.7980048,2.402578797,1,경기도,광명시,노온사동
377,127.0930667,37.12932111,False,False,102.0,52.16728875,5.006323025,51.18456268,59.17876434,6.590399788,239.666426,9.73977211,9.9e-07,9.739770889,237.9836816,2.0,1,경기도,평택시,진위면
378,126.8611865,37.30178985,False,False,103.0,8.437410664,0.115063951,8.297502518,8.520507813,0.419888121,315.1676369,9.72518172,4.08e-05,9.725128174,237.8195721,3.720445562,1,경기도,안산시 상록구,본오동
379,126.8721506,37.28904932,True,False,102.0,14.02612585,2.834164605,9.759533882,17.44393921,2.615643318,142.6630444,9.72627149,4.34e-05,9.726196289,237.8275181,3.0,1,경기도,안산시 상록구,본오동
380,126.8747949,37.36916117,False,False,102.0,58.05359565,1.36956127,56.77523422,59.50865173,1.710033759,244.010676,9.719453812,1.78e-15,9.719453812,237.822326,2.648833034,1,,,
381,126.7950334,37.34384203,True,False,103.0,13.35142199,9.241240948,13.14561081,31.82843399,1.762818209,184.5408777,9.721603825,3.88e-05,9.721561432,237.7729905,6.0,1,경기도,안산시 단원구,선부동
382,126.8147113,37.34014485,False,False,101.0,11.08796359,0.461261276,10.43788433,11.14200878,1.80484161,103.218179,9.721933585,5.28e-05,9.721858978,237.7861297,5.0,1,경기도,안산시 단원구,선부동
383,126.8490958,37.61687464,True,False,101.0,13.7023246,0.367591749,13.24350739,14.00339699,0.579336926,207.2320702,9.698303223,1.78e-15,9.698303223,237.7848695,4.0,1,경기도,고양시 덕양구,행신동
384,126.7276211,37.6626074,False,False,101.0,10.80356486,0.814081161,10.59685326,11.93614006,0.766198651,110.4231209,9.694370809,4.21e-05,9.694346428,237.7022085,4.0,1,경기도,고양시 일산서구,법곳동
385,126.9853037,37.41619376,False,False,103.0,60.36363358,2.911803368,58.25831223,64.98348999,2.634595071,83.37394561,9.715433784,4.51e-05,9.715419769,237.8899278,2.069089601,1,경기도,과천시,갈현동
386,127.1150183,37.27604427,False,False,101.0,67.81125801,1.564454538,65.76309204,68.64794922,4.667611565,167.9257714,9.727348721,4.27e-05,9.727331161,237.9855557,1.0,1,경기도,용인시 기흥구,구갈동
387,126.6332231,37.65263879,False,False,102.0,10.48727175,0.275982468,10.28798008,10.82285404,0.647642768,45.9110796,9.695251057,5.24e-05,9.695176125,237.6413602,2.0,1,경기도,김포시,양촌읍
388,127.0675795,37.19243786,False,False,101.0,49.44140523,1.063841749,48.89197922,51.20003128,1.303642468,222.1463332,9.734446526,0.0,9.734446526,237.9618835,2.0,1,경기도,화성시 동탄구,반송동
389,126.9909982,37.78715667,False,False,101.0,113.5727111,1.903275832,109.9003296,114.4144287,0.854999229,111.8525041,9.683684349,0.0,9.683684349,237.8632919,2.15508596,1,경기도,양주시,백석읍
390,127.0054566,37.83980969,False,False,101.0,106.0333401,1.067691899,104.8782654,107.0058289,5.285369483,253.974396,9.679127058,3.91e-05,9.679094315,237.8684694,1.499099099,1,경기도,양주시,은현면
391,127.5653722,37.22990539,True,False,103.0,57.68123549,1.018999034,56.44219208,58.41709518,1.554903286,320.0905235,9.731252997,5.31e-05,9.731251717,238.2791148,,1,경기도,여주시,가남읍
392,127.9276866,37.3518685,False,False,101.0,146.6981327,3.343976351,141.5929108,148.047821,2.622181185,163.840589,9.720912933,0.0,9.720912933,238.5019953,2.168587896,1,강원특별자치도,원주시,단계동
393,127.5531539,36.6501607,False,False,102.0,307.6867115,0.735988866,307.2592773,308.6357422,4.286781731,350.1138866,9.779943232,4.45e-05,9.779929161,238.3186781,1.914480776,1,충청북도,청주시 상당구,낭성면
394,127.4244315,36.60972537,False,False,101.0,54.418056,0.574474964,53.89490891,55.0396347,1.461335062,88.26522573,9.783307076,0.0,9.783307076,238.2401605,4.320057409,1,충청북도,청주시 흥덕구,석곡동
395,127.1406549,36.8257162,False,False,102.0,49.20175169,0.139758824,49.04045868,49.31598663,1.600294576,193.847365,9.765299797,1.78e-15,9.765299797,238.0403499,4.205533597,1,충청남도,천안시 서북구,성정동
396,127.1390453,36.83894481,False,True,102.0,65.1021251,1.557322457,62.89982224,65.12132263,2.41746786,34.22869854,9.764181544,4.32e-05,9.764168739,238.0381631,2.906743185,1,충청남도,천안시 서북구,두정동
397,126.4020796,36.72267285,False,False,101.0,41.95595942,4.322687994,40.14260483,48.60199356,4.504348796,268.8948167,9.773898374,4.64e-05,9.773889542,237.575521,2.0,1,충청남도,서산시,부석면
398,126.7967389,36.69610904,True,False,104.0,12.06596317,0.713724148,11.61828518,12.97061157,2.524968449,20.48339443,9.77612114,0.0,9.77612114,237.8316923,4.0,1,충청남도,예산군,오가면
399,126.4224036,34.80927923,False,False,103.0,3.660668623,0.029497516,3.628632545,3.687387466,0.260583667,16.29645639,9.929293115,4.69e-05,9.929225922,237.7843998,2.0,1,전라남도,목포시,상동
400,126.4172168,34.81140361,False,False,103.0,2.949979828,0.677961414,2.33038497,3.947198629,1.496493285,79.46938749,9.929099157,4.25e-05,9.929087639,237.7810603,2.698704104,1,전라남도,목포시,상동
401,126.4266019,34.810989,False,False,102.0,3.296022676,0.439854178,3.260894775,3.89185214,0.060974156,65.19433526,9.929152477,1.34e-06,9.929150581,237.7867779,,1,전라남도,목포시,옥암동
402,126.425055,34.80556687,False,False,103.0,3.301912475,0.052973807,3.256117582,3.36120224,0.222152806,101.3690867,9.929581642,1.78e-15,9.929581642,237.7866919,,1,전라남도,목포시,상동
403,126.9954714,34.90396196,True,False,103.0,82.04912679,6.49940241,80.50382996,93.84465027,1.390768207,241.0157808,9.921793938,0.0,9.921793938,238.132019,3.0,1,전라남도,화순군,이양면
404,126.6987765,34.81385305,False,False,102.0,6.635483596,1.375843902,5.836488724,8.409603119,1.352734016,349.2864251,9.92891407,0.0,9.92891407,237.9564819,2.365010799,1,전라남도,영암군,영암읍
405,126.2966003,35.11283853,False,False,102.0,7.970131985,1.150910086,6.398359299,8.392883301,3.024624877,216.615271,9.905197125,4.07e-05,9.905126572,237.6722242,3.117372577,1,전라남도,무안군,해제면
406,128.4455826,36.25876086,False,False,104.0,97.62865702,2.331069872,94.86341095,99.42342377,6.085354383,23.49310231,9.812349452,4.31e-05,9.812334061,238.914475,2.828848224,1,대구광역시,군위군,소보면
407,128.9934603,36.95597964,False,False,104.0,342.2591527,3.308879395,341.0437317,346.7780151,8.957443442,284.8485494,9.7543917,4.86e-05,9.754323006,239.2080477,1.75206909,1,경상북도,봉화군,소천면
408,126.3546001,33.33100617,True,False,103.0,,,,,,,,,,,2.0,1,제주특별자치도,서귀포시,안덕면
409,126.9457392,37.53420113,False,False,103.0,18.57905456,6.039725471,12.80503941,24.87328339,9.067043105,183.1668083,9.705359614,4.4e-05,9.705358505,237.8543174,2.0,1,서울특별시,용산구,청암동
410,127.0279865,37.6351043,False,False,101.0,30.0760746,0.0,30.0760746,30.0760746,1.188426256,349.4467468,9.696751732,4.76e-05,9.696684837,237.8994826,1.839368949,1,서울특별시,강북구,번동
411,126.9019197,37.4834156,False,False,103.0,13.74336513,0.111745674,13.7359066,13.90122128,0.329547541,277.7754591,9.709700679,4.66e-05,9.709688187,237.8301973,3.491026561,1,서울특별시,관악구,신림동
412,127.0668923,37.45594221,False,False,103.0,78.22830963,0.0,78.22830963,78.22830963,11.08455276,195.4815216,9.712067787,4.25e-05,9.712011337,237.9395699,2.853448276,1,서울특별시,서초구,내곡동
413,127.0520318,37.52478496,False,False,102.0,20.24904445,2.114760637,17.25873566,20.29882813,2.58985289,282.7145302,9.706168175,0.0,9.706168175,237.9240723,2.0,1,서울특별시,강남구,청담동
414,129.0061189,35.19782359,False,False,102.0,49.71564455,7.052168149,44.3370285,58.114254,7.447003472,19.41122135,9.898415342,4.12e-05,9.89834404,239.3475434,2.990322581,1,부산광역시,북구,구포동
415,128.6976667,35.9863944,False,False,104.0,421.2802997,3.555598582,416.25354,421.4077759,12.95498994,145.7054195,9.834697887,5.71e-07,9.834697723,239.0935321,1.0,1,대구광역시,동구,도학동
416,128.5861571,35.90084854,False,False,103.0,27.64770483,0.236968167,27.34940147,27.94164276,1.465782521,257.7240418,9.841672897,0.0,9.841672897,239.0310364,3.0,1,대구광역시,북구,침산동
417,126.6764888,37.43956664,False,False,102.0,32.65151975,4.567291604,31.45558739,39.9093399,4.015978123,248.2158735,9.713452642,3.76e-05,9.713418007,237.6878332,2.485652798,1,인천광역시,미추홀구,학익동
418,126.851791,35.15397233,False,False,101.0,20.23266183,0.067370928,20.14392662,20.26735687,0.644780782,218.2792598,9.901910782,0.0,9.901910782,238.0164385,4.0,1,광주광역시,서구,치평동
419,126.8627118,35.15574752,False,False,103.0,42.92227378,5.190805344,34.69072723,43.82437515,3.541643395,327.337248,9.901762009,1.78e-15,9.901762009,238.0230675,2.0,1,광주광역시,서구,쌍촌동
420,126.863408,35.16186607,False,False,101.0,23.22517183,1.466202829,23.01264954,25.56508446,0.994971832,225.5668858,9.901257515,0.0,9.901257515,238.0227356,4.0,1,광주광역시,서구,쌍촌동
421,126.8849315,35.17299515,True,False,101.0,27.98266618,0.289210214,27.7652874,28.40756989,0.323287991,223.7681208,9.900384903,0.0,9.900384903,238.0353088,4.0,1,광주광역시,북구,운암동
422,126.7985871,35.14757598,False,False,102.0,25.4279273,2.671081758,21.5435257,26.46141434,4.62719628,264.9322817,9.902420856,4.07e-05,9.902365685,237.9837555,2.0,1,광주광역시,광산구,소촌동
423,126.826147,35.14169098,False,False,104.0,18.36485899,0.488774082,17.77758789,18.72943115,0.868469998,164.8578901,9.902868358,4.39e-05,9.902856827,238.0015557,3.0,1,광주광역시,광산구,우산동
424,126.806413,35.17944644,True,False,102.0,20.06136461,0.650125071,20.05664825,20.9807682,0.365727916,221.1436172,9.899854865,4.33e-05,9.899841309,237.9852659,2.839913855,1,광주광역시,광산구,하남동
425,126.801572,35.16312948,False,False,103.0,38.81124414,2.66467299,35.05578613,39.12349319,1.718006948,183.3481123,9.901162136,3.87e-05,9.901141167,237.9840967,2.0,1,광주광역시,광산구,우산동
426,126.8428188,35.21313162,False,False,103.0,24.73437119,0.0,24.73437119,24.73437119,0.471486121,38.87475204,9.897159625,4.24e-05,9.897159576,238.0048208,2.917352415,1,광주광역시,광산구,월계동
427,126.7923678,35.13872119,False,False,104.0,16.74092704,0.748500257,15.78778934,17.10104561,0.290463238,122.6571679,9.903111458,3.83e-05,9.90308857,237.9806479,4.0,1,광주광역시,광산구,송정동
428,127.3242649,36.37635647,False,False,101.0,69.08559956,6.926189676,60.6228714,79.15314484,5.656676619,128.3680242,9.802669525,0.0,9.802669525,238.1968848,2.340379792,1,대전광역시,유성구,지족동
429,127.3095009,36.28385789,False,False,101.0,99.06097066,0.712671606,98.16325378,100.1680527,4.757098537,244.0742515,9.810294283,3.67e-05,9.810257912,238.1960362,2.615549982,1,대전광역시,유성구,방동
430,127.333199,36.33260837,False,True,102.0,53.51473056,0.546529219,53.10589218,54.28570175,0.484368741,302.6494947,9.80627195,3.81e-05,9.806240082,238.2064532,2.100828232,1,대전광역시,유성구,원신흥동
431,126.9732133,37.29805994,False,False,104.0,59.1269722,0.0,59.1269722,59.1269722,2.627445936,242.2426605,9.725477625,4.59e-05,9.725463867,237.8920756,2.0,1,경기도,수원시 장안구,율전동
432,127.0317532,37.24533112,False,False,104.0,30.15986026,0.868581957,28.80211449,30.96643639,0.539759095,216.2519754,9.729953766,0.0,9.729953766,237.9344709,2.0,1,경기도,수원시 권선구,곡반정동
433,127.0273197,37.26796919,False,False,104.0,43.73408799,0.033124529,43.70011902,43.76634598,1.996568431,273.7691279,9.728045464,0.0,9.728045464,237.9297485,2.0,1,경기도,수원시 팔달구,인계동
434,127.0505659,37.24560233,False,False,104.0,29.57446111,1.675926146,28.60366821,32.29146194,1.601285113,161.6867287,9.729948044,1.78e-15,9.729948044,237.9463643,4.0,1,경기도,수원시 영통구,망포동
435,126.8467693,37.44144164,False,True,104.0,21.72427509,1.006591654,21.06803322,23.55129242,1.094364606,197.2667929,9.713301997,4.05e-05,9.713251114,237.798095,3.196332255,1,경기도,광명시,노온사동
436,127.0455134,37.05953612,False,False,104.0,34.34051815,0.571293687,33.50032806,34.85233307,0.747268477,101.501322,9.745647754,5.05e-05,9.745641708,237.9592192,2.0,1,경기도,평택시,고덕동
437,126.8746674,37.36818521,False,False,102.0,65.00130827,7.391571879,55.25812912,68.78827667,2.486213695,121.1633283,9.719531059,1.78e-15,9.719531059,237.8222844,3.462558223,1,경기도,안산시 상록구,수암동
438,126.8721024,37.28901257,True,False,102.0,13.88437221,3.167556982,9.759533882,17.44393921,2.725326015,140.5334161,9.726271629,1.78e-15,9.726271629,237.8274565,3.0,1,경기도,안산시 상록구,본오동
439,126.8607034,37.302319,False,False,102.0,8.475184198,0.125658304,8.297502518,8.478223801,0.434343089,238.4124709,9.725129686,1.11e-06,9.725128174,237.8189229,5.956178161,1,경기도,안산시 상록구,본오동
440,126.7954406,37.34363085,False,False,101.0,13.21933399,1.622865975,13.14561081,16.00440216,0.457964346,235.2645403,9.721636627,5.32e-05,9.721561432,237.7733744,4.245954693,1,경기도,안산시 단원구,선부동
441,126.8145596,37.34068028,False,False,104.0,11.42925944,0.475727032,11.14200878,12.0376339,1.952348687,101.0005802,9.721858978,1.78e-15,9.721858978,237.7860333,5.0,1,경기도,안산시 단원구,선부동
442,126.8483002,37.61714967,True,False,101.0,13.36927537,0.827997191,12.36244678,13.96715069,0.403454999,260.0717145,9.698288168,3.8e-05,9.698225975,237.7845108,4.0,1,경기도,고양시 덕양구,행신동
443,126.7485889,37.68113671,False,False,101.0,16.0291493,2.928862791,13.56664276,19.78061104,2.754453898,268.6384065,9.692788124,1.78e-15,9.692788124,237.7140354,2.0,1,경기도,고양시 일산서구,대화동
444,126.9852124,37.41632406,False,False,101.0,61.68726075,2.872961192,58.25831223,64.98348999,3.364017891,105.0050754,9.715419769,0.0,9.715419769,237.8897925,2.027230383,1,경기도,과천시,갈현동
445,127.2849894,37.62929912,False,False,102.0,147.7249576,19.06849951,147.4908752,174.6908722,14.11084265,80.4212838,9.697238922,0.0,9.697238922,238.0664215,2.0,1,경기도,남양주시,화도읍
446,127.1151847,37.27659466,False,False,104.0,74.07004318,5.037993012,65.76309204,75.83576202,3.969143798,156.0411091,9.72732922,4.35e-05,9.727253914,237.9857264,1.0,1,경기도,용인시 기흥구,구갈동
447,127.2184813,37.107952,True,False,104.0,49.45526012,3.746386016,44.82424927,53.23421097,0.884359018,304.3253005,9.741568565,0.0,9.741568565,238.0663328,3.0,1,경기도,안성시,양성면
448,127.2380968,37.39350708,False,False,101.0,47.78182988,0.384364368,47.50427246,48.24919891,1.256368376,269.006127,9.717372082,4.01e-05,9.717344284,238.0551422,3.0,1,경기도,광주시,장지동
449,127.0937826,37.82181933,False,False,103.0,96.39105995,0.631948048,95.55285645,96.70111084,1.193322401,59.64734266,9.680697439,4.46e-05,9.680620193,237.927129,2.0,1,경기도,양주시,옥정동
450,126.9915951,37.7870601,False,False,102.0,112.6742805,2.29826583,109.4899826,114.4144287,1.008353105,119.845704,9.683684313,6.49e-07,9.683683395,237.86337,2.0,1,경기도,양주시,백석읍
451,127.0060985,37.83984393,False,False,104.0,117.7612501,8.730456257,104.8782654,121.2679596,4.756151656,242.2228679,9.679121285,4.05e-05,9.679093361,237.8685925,2.154261057,1,경기도,양주시,은현면
452,127.1464689,37.82798298,False,False,102.0,114.2729954,4.245526648,113.0997925,120.1613388,2.083070382,152.625475,9.680139542,0.0,9.680139542,237.9611097,2.0,1,경기도,포천시,소흘읍
453,127.5514844,36.65068475,False,False,104.0,308.2397813,2.229493961,306.3675232,312.0369568,2.53541742,44.26682854,9.779927639,5.15e-05,9.779854774,238.3178082,3.970905172,1,충청북도,청주시 상당구,낭성면
454,127.5127824,36.61723562,False,False,103.0,63.60860154,1.801440085,61.20494843,65.88208771,0.970451344,308.0355201,9.782704353,0.0,9.782704353,238.2957649,3.0,1,충청북도,청주시 상당구,용암동
455,127.4663807,36.64917617,False,False,102.0,76.53993379,6.457436403,66.84096527,77.84849548,3.753052096,133.5351403,9.780032845,3.48e-05,9.780004501,238.263787,1.043462644,1,충청북도,청주시 흥덕구,봉명동
456,127.4240904,36.60973417,False,False,102.0,55.03378875,0.80532027,53.89490891,55.0396347,1.896143686,56.91278578,9.783307076,0.0,9.783307076,238.2401123,4.0,1,충청북도,청주시 흥덕구,석곡동
457,127.4601592,36.63826716,False,False,104.0,70.12130038,0.859686298,68.90552521,70.12473297,0.906434599,44.82336008,9.780948714,3.84e-05,9.780903816,238.260466,1.605679367,1,충청북도,청주시 흥덕구,봉명동
458,127.4864572,36.96740881,False,False,104.0,79.72295621,0.975376536,78.34429932,79.76794434,2.047516601,127.8409946,9.753412319,3.57e-05,9.753383636,238.2498906,2.0,1,충청북도,음성군,대소읍
459,127.1335295,36.81698987,False,False,102.0,54.56833198,1.662325463,52.58874512,55.83635712,2.00653316,110.0570226,9.766044781,4.73e-05,9.765978813,238.0365947,2.008629989,1,충청남도,천안시 서북구,성정동
460,127.1402532,36.82605943,False,False,102.0,49.48317413,1.8962005,49.04045868,52.1280098,1.577158187,185.3488475,9.765283201,4.45e-05,9.765222549,238.0400804,3.211358735,1,충청남도,천안시 서북구,성정동
461,126.42319,34.80926568,False,False,104.0,3.620126699,0.052288488,3.546670437,3.628632545,0.204323683,15.91405957,9.929294855,4.88e-05,9.929225922,237.7849249,,1,전라남도,목포시,상동
462,126.4174051,34.81246481,False,False,104.0,3.272448009,0.765985537,2.352070332,3.843738317,0.892048742,119.5329796,9.929016113,0.0,9.929016113,237.7810974,4.963453959,1,전라남도,목포시,상동
463,126.9952627,34.90409184,True,False,104.0,84.10818351,5.41216885,80.50382996,93.84465027,2.927041744,201.9233069,9.921789371,3.99e-05,9.921720505,238.1320109,3.0,1,전라남도,화순군,이양면
464,126.3545752,33.3309392,True,False,104.0,,,,,,,,,,,2.0,1,제주특별자치도,서귀포시,안덕면
465,127.0324282,37.56277452,False,False,104.0,28.9145444,0.782738101,27.80805779,28.94687462,1.185836371,150.184321,9.70293808,0.0,9.70293808,237.9083557,2.0,1,서울특별시,성동구,하왕십리동
466,127.0343713,37.55839758,False,False,102.0,18.02969535,1.073521359,17.64101791,20.1411953,0.821875114,98.13470425,9.703322411,0.0,9.703322411,237.9100489,2.0,1,서울특별시,성동구,행당동
467,126.9034097,37.52403496,False,False,104.0,10.93925476,0.337609069,10.46180344,10.93925476,0.292866051,86.7045746,9.706229143,4.15e-05,9.706223488,237.8280458,4.0,1,서울특별시,영등포구,영등포동7가
468,126.9019197,37.4834156,False,False,101.0,13.74336513,0.111745674,13.7359066,13.90122128,0.329547541,277.7754591,9.709700679,4.66e-05,9.709688187,237.8301973,3.491026561,1,서울특별시,관악구,신림동
469,127.1309208,37.51555991,False,False,103.0,18.78181728,1.096134188,18.6891346,20.5166378,0.449133718,321.1330271,9.706984335,4.11e-05,9.706913948,237.9761403,4.586800574,1,서울특별시,송파구,방이동
470,127.1427595,37.55474173,False,False,101.0,31.5797044,0.855093937,30.70639229,32.41618347,1.622267304,309.0298365,9.703604249,5.04e-05,9.703598022,237.9803149,2.835976929,1,서울특별시,강동구,암사동
471,128.4455603,36.25876103,False,False,101.0,97.81951371,2.378136981,94.86341095,99.42342377,6.152017435,22.90019832,9.812349453,4.31e-05,9.812334061,238.914475,2.821082825,1,대구광역시,군위군,소보면
472,126.6764888,37.43956664,False,False,102.0,32.65151975,4.567291604,31.45558739,39.9093399,4.015978123,248.2158735,9.713452642,3.76e-05,9.713418007,237.6878332,2.485652798,1,인천광역시,미추홀구,학익동
473,126.6763518,37.52880782,False,False,101.0,26.83386705,1.214068022,26.1290226,28.39947128,3.661177329,151.5739582,9.705835565,3.95e-05,9.705801964,237.6799644,2.0,1,인천광역시,서구,가정동
474,126.8870138,35.1603909,False,False,103.0,30.12734344,0.765133436,29.87817192,31.41854095,0.987938207,297.9472616,9.901391983,0.0,9.901391983,238.037908,3.0,1,광주광역시,서구,농성동
475,126.851791,35.15397233,False,False,104.0,20.23266183,0.067370928,20.14392662,20.26735687,0.644780782,218.2792598,9.901910782,0.0,9.901910782,238.0164385,4.0,1,광주광역시,서구,치평동
476,126.8602549,35.12120877,False,False,102.0,33.47145434,0.481576025,32.80195618,33.59636688,0.544930796,287.1645581,9.904498975,5e-05,9.904496193,238.0250742,6.0,1,광주광역시,서구,풍암동
477,126.8804681,35.17604329,False,False,102.0,31.0883257,1.503456859,28.96225357,31.11245728,4.542692837,218.960242,9.900143333,3.48e-05,9.900097847,238.032228,3.604316547,1,광주광역시,북구,운암동
478,126.8982252,35.15952737,False,False,102.0,33.2727456,2.267240081,28.84267235,34.23815918,0.614274122,237.6144704,9.901460648,0.0,9.901460648,238.0450134,1.0,1,광주광역시,북구,임동
479,126.8784775,35.20719066,False,False,103.0,36.20315643,0.783083062,35.48991013,37.05033875,2.030591214,302.5514677,9.897652626,2.02e-06,9.897649765,238.0275269,2.098088713,1,광주광역시,북구,양산동
480,126.801572,35.16312948,False,False,104.0,38.81124414,2.66467299,35.05578613,39.12349319,1.718006948,183.3481123,9.901162136,3.87e-05,9.901141167,237.9840967,2.0,1,광주광역시,광산구,우산동
481,126.8171053,35.179997,False,False,104.0,21.11386434,0.727275428,20.81533051,22.20590401,0.577435375,118.5045498,9.89983743,5.05e-05,9.899765968,237.9919433,4.0,1,광주광역시,광산구,신가동
482,126.7923678,35.13872119,False,False,101.0,16.74092704,0.748500257,15.78778934,17.10104561,0.290463238,122.6571679,9.903111458,3.83e-05,9.90308857,237.9806479,4.0,1,광주광역시,광산구,송정동
483,126.826147,35.14169098,False,False,102.0,18.36485899,0.488774082,17.77758789,18.72943115,0.868469998,164.8578901,9.902868358,4.39e-05,9.902856827,238.0015557,3.0,1,광주광역시,광산구,우산동
484,126.7985871,35.14757598,False,False,103.0,25.4279273,2.671081758,21.5435257,26.46141434,4.62719628,264.9322817,9.902420856,4.07e-05,9.902365685,237.9837555,2.0,1,광주광역시,광산구,소촌동
485,126.8463423,35.21753067,False,False,102.0,24.67171258,0.215850323,24.42526436,24.95299149,0.184775091,125.7014111,9.896813403,4.15e-05,9.896800041,238.006426,3.886609071,1,광주광역시,광산구,쌍암동
486,127.4329276,36.34677903,False,False,102.0,54.39288698,1.273831588,52.59894562,54.55741119,1.642741695,275.1117424,9.805114746,1.78e-15,9.805114746,238.2687168,2.154731918,1,대전광역시,동구,성남동
487,126.9365306,37.27556361,False,False,104.0,56.27298874,0.777186294,55.54167175,57.32426453,0.811446345,93.78578806,9.727391747,1.08e-06,9.727390289,237.8702287,3.248743719,1,경기도,수원시 권선구,금곡동
488,127.0254183,37.26744047,False,False,103.0,37.10495377,0.0,37.10495377,37.10495377,0.77047646,217.8503418,9.728091952,3.87e-05,9.728045464,237.9283308,3.585523947,1,경기도,수원시 팔달구,인계동
489,127.0312661,37.26598919,False,False,102.0,44.45810538,0.064269777,44.3672142,44.45815659,2.217599051,323.7696758,9.728197859,1.22e-06,9.728196144,237.9321692,2.0,1,경기도,수원시 팔달구,인계동
490,127.0734487,37.25367336,False,False,104.0,61.91588459,2.614585495,57.75811005,63.63526535,4.878559918,136.5104196,9.729251862,1.78e-15,9.729251862,237.9606549,2.198922801,1,경기도,수원시 영통구,영통동
491,127.1445788,37.44494993,False,False,103.0,46.79492161,0.543253275,46.68518829,47.55532074,3.746912125,167.9343459,9.7129879,0.0,9.7129879,237.9905692,2.0,1,경기도,성남시 수정구,신흥동
492,127.104391,37.37111467,False,False,103.0,40.20689915,0.85695233,39.54644775,41.57149124,0.300547229,279.3682745,9.7192941,1.05e-06,9.719293594,237.9708141,4.0,1,경기도,성남시 분당구,정자동
493,127.1282067,37.40880868,False,False,102.0,30.25667713,0.693442002,30.00853348,31.20543861,0.573220636,18.87186555,9.716064453,0.0,9.716064453,237.9830627,4.0,1,경기도,성남시 분당구,야탑동
494,127.1200697,37.38178884,False,False,101.0,37.00156934,0.070733516,36.96532059,37.09480286,0.266943375,270.8778319,9.718368365,9.68e-07,9.718367577,237.9799827,2.987760979,1,경기도,성남시 분당구,수내동
495,126.788014,37.50287651,False,False,103.0,15.6666523,0.738594506,14.87978268,16.90759087,1.024351693,200.6981447,9.708049279,1.07e-06,9.70804882,237.7549165,4.0,1,경기도,부천시 원미구,춘의동
496,126.8463901,37.44084465,False,False,103.0,21.1572939,0.497666521,20.32987785,21.38186264,0.628605474,199.8028835,9.713329972,4.26e-05,9.713328362,237.7980894,6.0,1,경기도,광명시,노온사동
497,127.0455134,37.05953612,False,False,103.0,34.34051815,0.571293687,33.50032806,34.85233307,0.747268477,101.501322,9.745647754,5.05e-05,9.745641708,237.9592192,2.0,1,경기도,평택시,고덕동
498,126.8746674,37.36818521,False,False,103.0,65.00130827,7.391571879,55.25812912,68.78827667,2.486213695,121.1633283,9.719531059,1.78e-15,9.719531059,237.8222844,3.462558223,1,경기도,안산시 상록구,수암동
499,126.872165,37.28893628,True,False,104.0,13.07709062,3.167650614,9.759533882,17.44393921,2.780492052,140.7107574,9.726271629,0.0,9.726271629,237.8275361,3.0,1,경기도,안산시 상록구,본오동
500,126.7769208,37.44303146,True,False,102.0,33.21974182,0.0,33.21974182,33.21974182,1.802917242,150.8479462,9.713147337,4.46e-05,9.713130951,237.7525831,2.810655148,1,경기도,시흥시,신천동
501,127.1151847,37.27659466,False,False,102.0,74.07004318,5.037993012,65.76309204,75.83576202,3.969143798,156.0411091,9.72732922,4.35e-05,9.727253914,237.9857264,1.0,1,경기도,용인시 기흥구,구갈동
502,126.9915951,37.7870601,False,False,104.0,112.6742805,2.29826583,109.4899826,114.4144287,1.008353105,119.845704,9.683684313,6.49e-07,9.683683395,237.86337,2.0,1,경기도,양주시,백석읍
503,127.0655903,38.02914278,True,False,102.0,55.22155798,2.305651533,54.23702621,58.33005524,1.753570259,65.31452248,9.662759041,4.66e-05,9.662693977,237.8926044,2.0,1,경기도,연천군,전곡읍
504,128.0333802,37.26276669,False,False,101.0,349.4810767,4.524393403,346.8856506,355.3294983,6.333638308,306.5312452,9.728481829,3.86e-05,9.728449821,238.5764532,2.475227503,1,강원특별자치도,원주시,판부면
505,127.45917,36.6388698,False,False,101.0,65.39962006,0.0,65.39962006,65.39962006,3.093055964,324.7673645,9.780903816,0.0,9.780903816,238.2598157,1.992797983,1,충청북도,청주시 흥덕구,봉명동
506,127.4240904,36.60973417,False,False,104.0,55.03378875,0.80532027,53.89490891,55.0396347,1.896143686,56.91278578,9.783307076,0.0,9.783307076,238.2401123,4.0,1,충청북도,청주시 흥덕구,석곡동
507,127.4647585,36.64919824,False,False,102.0,75.87777207,0.479166824,75.08242798,76.39283752,1.737766524,201.8367903,9.780029023,3.87e-05,9.780004501,238.2624861,3.9356578,1,충청북도,청주시 흥덕구,봉명동
508,127.4864572,36.96740881,False,False,101.0,79.72295621,0.975376536,78.34429932,79.76794434,2.047516601,127.8409946,9.753412319,3.57e-05,9.753383636,238.2498906,2.0,1,충청북도,음성군,대소읍
509,127.1335295,36.81698987,False,False,101.0,54.56833198,1.662325463,52.58874512,55.83635712,2.00653316,110.0570226,9.766044781,4.73e-05,9.765978813,238.0365947,2.008629989,1,충청남도,천안시 서북구,성정동
510,127.074173,36.77471259,False,False,103.0,21.43376486,2.026725236,18.48741722,21.90451431,1.215423626,15.98671536,9.769554816,4.33e-05,9.769539833,238.0023621,3.0,1,충청남도,아산시,배방읍
511,127.103618,35.82426113,False,False,102.0,25.52620457,0.222222485,25.50398636,25.80961418,0.28166188,70.01738988,9.847922484,4.64e-05,9.847857475,238.1082964,3.697991392,1,전북특별자치도,전주시 완산구,효자동3가
512,127.1196306,35.81246384,False,False,102.0,29.48438662,1.658108035,27.13975716,29.52122688,1.971953377,291.8488416,9.848880666,1.28e-06,9.84887886,238.1192696,4.0,1,전북특별자치도,전주시 완산구,중화산동2가
513,127.1181562,35.81719716,False,False,103.0,26.2894624,0.591690253,26.0722084,27.09754372,0.457345157,283.7542118,9.848490531,3.88e-05,9.848441124,238.1180731,4.0,1,전북특별자치도,전주시 완산구,중화산동2가
514,126.7161683,35.96531676,False,False,104.0,5.829853748,0.266343637,5.460451126,5.90347147,0.085261423,36.32445348,9.836405754,0.0,9.836405754,237.8491821,4.0,1,전북특별자치도,군산시,수송동
515,126.4231793,34.80940963,False,False,101.0,3.583822175,0.152720387,3.322468042,3.730791092,0.195964598,55.33299101,9.929276499,3.85e-05,9.929225922,237.7848971,,1,전라남도,목포시,상동
516,126.7096572,34.71840604,False,False,103.0,81.31304216,3.051457822,78.89864349,86.5250473,4.709516112,76.20042585,9.936458588,0.0,9.936458588,237.9735239,4.0,1,전라남도,강진군,성전면
517,129.3511936,36.71938764,True,False,103.0,105.8623063,1.665055709,104.462265,107.7556381,3.858922149,180.735295,9.77419388,4.02e-05,9.774141312,239.4491748,,1,경상북도,울진군,온정면
518,126.3545752,33.3309392,True,False,101.0,,,,,,,,,,,2.0,1,제주특별자치도,서귀포시,안덕면
519,126.9779233,37.55918667,False,False,104.0,37.1905072,3.494147774,36.4266243,42.55010605,1.864164865,311.9634248,9.703253096,4.69e-05,9.703187943,237.8734469,2.0,1,서울특별시,중구,남창동
520,127.0077933,37.5332908,True,False,103.0,14.7574278,0.888486913,13.31997204,15.7853384,1.391683991,220.7209497,9.705457486,3.92e-05,9.705411911,237.8947684,3.961109111,1,서울특별시,용산구,한남동
521,127.0308726,37.56804519,False,False,102.0,23.19595692,2.358971153,19.43360901,24.93959618,2.09531428,65.51581641,9.70247364,0.0,9.70247364,237.9069741,2.0,1,서울특별시,성동구,하왕십리동
522,127.0242134,37.54789453,False,False,104.0,16.48871225,1.375531685,14.19464779,17.95095444,5.143735101,138.7843011,9.704199321,4.06e-05,9.704174995,237.9043153,3.745689655,1,서울특별시,성동구,금호동4가
523,127.0324282,37.56277452,False,False,103.0,28.9145444,0.782738101,27.80805779,28.94687462,1.185836371,150.184321,9.70293808,0.0,9.70293808,237.9083557,2.0,1,서울특별시,성동구,하왕십리동
524,127.0343713,37.55839758,False,False,101.0,18.02969535,1.073521359,17.64101791,20.1411953,0.821875114,98.13470425,9.703322411,0.0,9.703322411,237.9100489,2.0,1,서울특별시,성동구,행당동
525,127.0468782,37.6200793,False,False,102.0,25.4190698,1.867153783,22.71717834,26.22915268,1.867218833,91.32724858,9.69801988,4.08e-05,9.697992325,237.9129656,2.916786744,1,서울특별시,성북구,장위동
526,127.0178794,37.59178637,False,False,101.0,28.54704208,1.005243526,27.74589729,30.01800728,1.80969955,223.431011,9.700462622,4.85e-05,9.70039463,237.8963753,4.0,1,서울특별시,성북구,동선동1가
527,127.0298818,37.61566635,False,False,103.0,33.96098553,0.36374947,33.77101135,34.43904114,0.792542037,148.2833457,9.69838738,5.25e-05,9.698384285,237.9023157,4.0,1,서울특별시,강북구,미아동
528,126.9042059,37.52440884,False,False,102.0,9.956423787,0.72781724,9.278045654,10.93925476,0.406191213,81.59866328,9.706223488,0.0,9.706223488,237.8283647,4.0,1,서울특별시,영등포구,영등포동7가
529,126.9093188,37.48648724,False,False,102.0,13.47079938,0.247099002,13.19477749,13.77644253,0.194549497,209.7937989,9.709454695,1.24e-06,9.709454536,237.8350221,4.0,1,서울특별시,동작구,신대방동
530,126.9019197,37.4834156,False,False,103.0,13.74336513,0.111745674,13.7359066,13.90122128,0.329547541,277.7754591,9.709700679,4.66e-05,9.709688187,237.8301973,3.491026561,1,서울특별시,관악구,신림동
531,126.9245521,37.48835747,False,False,103.0,18.93945087,0.401601658,18.75780869,19.46142387,0.406639163,256.5048306,9.709293365,0.0,9.709293365,237.8444519,4.0,1,서울특별시,관악구,신림동
532,127.0315263,37.48830595,False,False,104.0,19.81958318,1.432077412,18.71726608,21.51857948,1.309072048,290.8732031,9.70930115,3.97e-05,9.709253311,237.914032,2.0,1,서울특별시,서초구,서초동
533,127.035439,37.50310821,False,False,101.0,53.03681226,2.351561496,51.14883804,56.59958649,3.653579364,229.7153558,9.70802021,0.0,9.70802021,237.9150178,2.0,1,서울특별시,강남구,역삼동
534,127.1309208,37.51555991,False,False,101.0,18.78181728,1.096134188,18.6891346,20.5166378,0.449133718,321.1330271,9.706984335,4.11e-05,9.706913948,237.9761403,4.586800574,1,서울특별시,송파구,방이동
535,127.1058915,37.5082902,False,False,103.0,14.5729884,0.541558978,13.52912045,14.82334423,0.336844603,330.623771,9.707604965,4.81e-05,9.707537651,237.9604468,2.0,1,서울특별시,송파구,송파동
536,127.1427595,37.55474173,False,False,101.0,31.5797044,0.855093937,30.70639229,32.41618347,1.622267304,309.0298365,9.703604249,5.04e-05,9.703598022,237.9803149,2.835976929,1,서울특별시,강동구,암사동
537,126.6764888,37.43956664,False,False,102.0,32.65151975,4.567291604,31.45558739,39.9093399,4.015978123,248.2158735,9.713452642,3.76e-05,9.713418007,237.6878332,2.485652798,1,인천광역시,미추홀구,학익동
538,126.7070659,37.46756394,True,True,103.0,17.47990453,0.731631205,16.23592186,18.06886292,1.367744489,239.4876616,9.71107842,4.44e-05,9.711016655,237.7054706,4.0,1,인천광역시,남동구,간석동
539,126.6763518,37.52880782,False,False,101.0,26.83386705,1.214068022,26.1290226,28.39947128,3.661177329,151.5739582,9.705835565,3.95e-05,9.705801964,237.6799644,2.0,1,인천광역시,서구,가정동
540,126.851791,35.15397233,False,False,103.0,20.23266183,0.067370928,20.14392662,20.26735687,0.644780782,218.2792598,9.901910782,0.0,9.901910782,238.0164385,4.0,1,광주광역시,서구,치평동
541,126.8840662,35.1530406,False,True,104.0,30.69133882,0.416922828,30.60462761,31.40701675,0.427127472,303.3497338,9.901968956,0.0,9.901968956,238.0367737,4.0,1,광주광역시,서구,농성동
542,126.8602549,35.12120877,False,False,103.0,33.47145434,0.481576025,32.80195618,33.59636688,0.544930796,287.1645581,9.904498975,5e-05,9.904496193,238.0250742,6.0,1,광주광역시,서구,풍암동
543,126.8657727,35.15509664,False,False,103.0,52.665994,1.644579379,50.72881317,54.72869492,2.565934488,73.77750649,9.901825883,3.72e-05,9.901762009,238.0249361,2.0,1,광주광역시,서구,쌍촌동
544,126.9113558,35.13303213,False,False,102.0,47.70897981,1.120205034,46.13021469,47.84020233,1.09860905,301.265655,9.903564853,3.85e-05,9.903539658,238.0559401,3.747027027,1,광주광역시,남구,봉선동
545,126.8930739,35.19078619,False,False,103.0,47.40637282,2.985550463,46.2608223,52.40061569,2.726096852,67.99352147,9.898947198,4.7e-05,9.898941994,238.0383756,2.226049516,1,광주광역시,북구,매곡동
546,126.8804681,35.17604329,False,False,101.0,31.0883257,1.503456859,28.96225357,31.11245728,4.542692837,218.960242,9.900143333,3.48e-05,9.900097847,238.032228,3.604316547,1,광주광역시,북구,운암동
547,126.8982252,35.15952737,False,False,104.0,33.2727456,2.267240081,28.84267235,34.23815918,0.614274122,237.6144704,9.901460648,0.0,9.901460648,238.0450134,1.0,1,광주광역시,북구,임동
548,126.9057274,35.16213426,False,False,102.0,35.06969204,0.124073003,34.8949585,35.0857048,0.225593165,324.8782008,9.901241302,0.0,9.901241302,238.0494616,4.0,1,광주광역시,북구,신안동
549,126.8915951,35.17924458,False,False,102.0,39.57394409,0.0,39.57394409,39.57394409,1.902156115,75.50904083,9.899877548,0.0,9.899877548,238.0387726,2.011527378,1,광주광역시,북구,용봉동
550,126.9218386,35.17176577,False,False,103.0,39.98597657,1.687780647,38.24266815,42.85509872,0.757795042,201.3660368,9.900482937,3.6e-05,9.900443077,238.0583915,4.0,1,광주광역시,북구,우산동
551,126.801572,35.16312948,False,False,102.0,38.81124414,2.66467299,35.05578613,39.12349319,1.718006948,183.3481123,9.901162136,3.87e-05,9.901141167,237.9840967,2.0,1,광주광역시,광산구,우산동
552,126.8171053,35.179997,False,False,104.0,21.11386434,0.727275428,20.81533051,22.20590401,0.577435375,118.5045498,9.89983743,5.05e-05,9.899765968,237.9919433,4.0,1,광주광역시,광산구,신가동
553,126.8463423,35.21753067,False,False,103.0,24.67171258,0.215850323,24.42526436,24.95299149,0.184775091,125.7014111,9.896813403,4.15e-05,9.896800041,238.006426,3.886609071,1,광주광역시,광산구,쌍암동
554,126.8424032,35.22025499,False,False,104.0,26.22068183,0.266931189,26.12261963,26.58522034,0.311569708,69.5617713,9.896593465,4.46e-05,9.896584511,238.0036668,2.768734313,1,광주광역시,광산구,쌍암동
555,126.8242531,35.19215753,False,False,102.0,22.21694289,0.096249585,22.08658028,22.25610352,1.498120883,277.5916166,9.898839911,4.22e-05,9.898825645,237.9953504,5.0,1,광주광역시,광산구,수완동
556,126.806314,35.17946841,False,False,102.0,20.05755844,0.07396115,20.05664825,20.16215134,0.363357253,221.2374033,9.899852008,4.49e-05,9.899841309,237.9851446,3.340884574,1,광주광역시,광산구,하남동
557,127.4329276,36.34677903,False,False,102.0,54.39288698,1.273831588,52.59894562,54.55741119,1.642741695,275.1117424,9.805114746,1.78e-15,9.805114746,238.2687168,2.154731918,1,대전광역시,동구,성남동
558,127.333094,36.33222957,False,True,102.0,54.10167223,0.204629431,53.81228256,54.10183716,0.83863818,318.8704525,9.806315422,0.0,9.806315422,238.2064972,2.0,1,대전광역시,유성구,원신흥동
559,126.9365306,37.27556361,False,False,103.0,56.27298874,0.777186294,55.54167175,57.32426453,0.811446345,93.78578806,9.727391747,1.08e-06,9.727390289,237.8702287,3.248743719,1,경기도,수원시 권선구,금곡동
560,126.997795,37.26980004,True,False,102.0,36.97721863,0.0,36.97721863,36.97721863,1.405748129,239.109726,9.727901845,1.11e-06,9.727901459,237.9105147,2.794761392,1,경기도,수원시 팔달구,고등동
561,127.0376239,37.27941791,False,False,101.0,54.210325,2.121119151,52.36449051,57.15299606,1.609317151,169.4926436,9.727057925,4.75e-05,9.727046967,237.9352547,2.876476907,1,경기도,수원시 팔달구,우만동
562,127.0312661,37.26598919,False,False,102.0,44.45810538,0.064269777,44.3672142,44.45815659,2.217599051,323.7696758,9.728197859,1.22e-06,9.728196144,237.9321692,2.0,1,경기도,수원시 팔달구,인계동
563,127.0254183,37.26744047,False,False,104.0,37.10495377,0.0,37.10495377,37.10495377,0.77047646,217.8503418,9.728091952,3.87e-05,9.728045464,237.9283308,3.585523947,1,경기도,수원시 팔달구,인계동
564,127.049849,37.24670833,False,False,102.0,30.34340589,0.205282539,30.34274483,30.63371849,1.836455317,19.5544219,9.729857967,4.46e-05,9.729795456,237.9460675,2.0,1,경기도,수원시 영통구,망포동
565,127.1445788,37.44494993,False,False,103.0,46.79492161,0.543253275,46.68518829,47.55532074,3.746912125,167.9343459,9.7129879,0.0,9.7129879,237.9905692,2.0,1,경기도,성남시 수정구,신흥동
566,127.1467578,37.44037827,False,False,104.0,41.12248552,2.056359006,38.60279465,43.46517181,3.047681402,173.0854381,9.713372231,0.0,9.713372231,237.9922892,4.0,1,경기도,성남시 중원구,중앙동
567,127.103143,37.37110147,False,False,101.0,40.87923424,0.761188012,39.5768013,41.08319092,0.429748719,102.1739503,9.719295502,0.0,9.719295502,237.9699215,3.858738739,1,경기도,성남시 분당구,궁내동
568,126.8463901,37.44084465,False,False,103.0,21.1572939,0.497666521,20.32987785,21.38186264,0.628605474,199.8028835,9.713329972,4.26e-05,9.713328362,237.7980894,6.0,1,경기도,광명시,노온사동
569,127.0531643,37.04854974,False,False,103.0,20.51735878,0.0,20.51735878,20.51735878,0.781443298,202.2758179,9.746589313,3.77e-05,9.746551514,237.9650344,3.0,1,경기도,평택시,장당동
570,126.9296395,36.98384646,False,False,102.0,25.81400416,2.903261884,24.82812881,30.18117714,2.060729526,39.61655178,9.752049547,4.84e-05,9.751981735,237.8910473,2.039412397,1,경기도,평택시,안중읍
571,126.8723887,37.28917183,True,False,101.0,14.12324462,2.838906668,9.759533882,17.44393921,2.488409834,154.9887754,9.726257675,4.52e-05,9.726194382,237.8278276,3.0,1,경기도,안산시 상록구,본오동
572,126.83328,37.31675206,False,False,101.0,7.069323835,0.398379537,6.414095402,7.285215855,0.466493753,95.73316959,9.723917961,0.0,9.723917961,237.7999573,6.0,1,경기도,안산시 단원구,고잔동
573,127.1716383,37.6121289,False,False,104.0,34.84748693,3.089252885,30.8324337,36.56978607,2.405651985,254.5334668,9.698722339,4.98e-05,9.698652267,237.994454,3.0,1,경기도,남양주시,다산동
574,127.2497894,37.33747978,True,False,102.0,51.31472243,2.100767103,50.46716309,54.24882889,0.584513476,249.2585103,9.722152327,4.25e-05,9.72209549,238.0671505,2.0,1,경기도,용인시 처인구,모현읍
575,127.2198421,37.10823466,False,False,101.0,46.34799957,0.0,46.34799957,46.34799957,0.938155055,63.46270752,9.741568565,0.0,9.741568565,238.0670776,3.0,1,경기도,안성시,양성면
576,127.4371939,37.01014849,False,False,101.0,111.206487,5.31140567,105.6601563,119.2868805,7.901463691,267.608406,9.749821663,0.0,9.749821663,238.2146912,1.0,1,경기도,안성시,죽산면
577,127.031575,37.21335326,False,False,103.0,23.47490019,1.232976927,21.73127365,23.49008942,3.512564559,263.3939309,9.732677426,4.1e-05,9.732625008,237.9368308,2.539928058,1,경기도,화성시 병점구,진안동
578,126.9548586,37.22412125,False,False,102.0,28.31727055,1.7482432,25.38563156,28.56153679,1.864099423,101.8265023,9.731743465,4.17e-05,9.731738091,237.8864085,3.748468468,1,경기도,화성시 효행구,봉담읍
579,127.2882995,37.38659937,False,False,101.0,56.23004188,1.760258106,54.48486328,58.43845749,4.778024257,59.71557992,9.71795,5.45e-05,9.717949867,238.0880895,3.204741379,1,경기도,광주시,초월읍
580,127.2468404,37.41720535,False,False,102.0,52.0781952,1.551221512,51.14683914,54.26548386,1.153810198,59.81899769,9.71534729,0.0,9.71534729,238.0589905,2.0,1,경기도,광주시,탄벌동
581,126.9915951,37.7870601,False,False,102.0,112.6742805,2.29826583,109.4899826,114.4144287,1.008353105,119.845704,9.683684313,6.49e-07,9.683683395,237.86337,2.0,1,경기도,양주시,백석읍
582,127.0937826,37.82181933,False,False,101.0,96.39105995,0.631948048,95.55285645,96.70111084,1.193322401,59.64734266,9.680697439,4.46e-05,9.680620193,237.927129,2.0,1,경기도,양주시,옥정동
583,127.7223869,37.86599612,False,False,104.0,74.74207297,1.512151474,74.67139435,76.87940979,0.4327527,333.3648836,9.676856792,4.68e-05,9.676844597,238.3314773,4.0,1,강원특별자치도,춘천시,퇴계동
584,128.0333802,37.26276669,False,False,104.0,349.4810767,4.524393403,346.8856506,355.3294983,6.333638308,306.5312452,9.728481829,3.86e-05,9.728449821,238.5764532,2.475227503,1,강원특별자치도,원주시,판부면
585,127.4620855,36.62450087,False,False,101.0,64.24835239,3.364123398,59.49249649,64.37675476,3.189362842,12.75634035,9.782104492,0.0,9.782104492,238.2630768,4.010737294,1,충청북도,청주시 서원구,개신동
586,127.45917,36.6388698,False,False,102.0,65.39962006,0.0,65.39962006,65.39962006,3.093055964,324.7673645,9.780903816,0.0,9.780903816,238.2598157,1.992797983,1,충청북도,청주시 흥덕구,봉명동
587,127.4602047,36.6498594,False,False,103.0,71.86023693,0.086604861,71.76330566,71.93510437,1.100424102,226.4971363,9.779994791,4.69e-05,9.779929161,238.2595318,1.128893663,1,충청북도,청주시 흥덕구,봉명동
588,127.4647585,36.64919824,False,False,104.0,75.87777207,0.479166824,75.08242798,76.39283752,1.737766524,201.8367903,9.780029023,3.87e-05,9.780004501,238.2624861,3.9356578,1,충청북도,청주시 흥덕구,봉명동
589,127.4541481,36.63446831,False,False,103.0,60.97195695,3.588590125,57.38949585,64.56666565,2.923904534,181.4954984,9.781278256,5.17e-05,9.781205177,238.2572304,2.0,1,충청북도,청주시 흥덕구,복대동
590,127.4864572,36.96740881,False,False,104.0,79.72295621,0.975376536,78.34429932,79.76794434,2.047516601,127.8409946,9.753412319,3.57e-05,9.753383636,238.2498906,2.0,1,충청북도,음성군,대소읍
591,127.1335295,36.81698987,False,False,102.0,54.56833198,1.662325463,52.58874512,55.83635712,2.00653316,110.0570226,9.766044781,4.73e-05,9.765978813,238.0365947,2.008629989,1,충청남도,천안시 서북구,성정동
592,127.1390772,36.8261937,False,False,103.0,50.01658969,1.720202382,48.48949432,51.91030884,1.610984412,179.6009006,9.76525979,3.77e-05,9.765224457,238.0393272,6.0,1,충청남도,천안시 서북구,성정동
593,127.074173,36.77471259,False,False,102.0,21.43376486,2.026725236,18.48741722,21.90451431,1.215423626,15.98671536,9.769554816,4.33e-05,9.769539833,238.0023621,3.0,1,충청남도,아산시,배방읍
594,127.103618,35.82426113,False,False,103.0,25.52620457,0.222222485,25.50398636,25.80961418,0.28166188,70.01738988,9.847922484,4.64e-05,9.847857475,238.1082964,3.697991392,1,전북특별자치도,전주시 완산구,효자동3가
595,127.1196306,35.81246384,False,False,101.0,29.48438662,1.658108035,27.13975716,29.52122688,1.971953377,291.8488416,9.848880666,1.28e-06,9.84887886,238.1192696,4.0,1,전북특별자치도,전주시 완산구,중화산동2가
596,127.1181562,35.81719716,False,False,104.0,26.2894624,0.591690253,26.0722084,27.09754372,0.457345157,283.7542118,9.848490531,3.88e-05,9.848441124,238.1180731,4.0,1,전북특별자치도,전주시 완산구,중화산동2가
597,126.7161683,35.96531676,False,False,101.0,5.829853748,0.266343637,5.460451126,5.90347147,0.085261423,36.32445348,9.836405754,0.0,9.836405754,237.8491821,4.0,1,전북특별자치도,군산시,수송동
598,126.4174051,34.81246481,False,False,102.0,3.272448009,0.765985537,2.352070332,3.843738317,0.892048742,119.5329796,9.929016113,0.0,9.929016113,237.7810974,4.963453959,1,전라남도,목포시,상동
599,126.4231793,34.80940963,False,False,101.0,3.583822175,0.152720387,3.322468042,3.730791092,0.195964598,55.33299101,9.929276499,3.85e-05,9.929225922,237.7848971,,1,전라남도,목포시,상동
600,126.4798546,33.48766336,False,False,104.0,,,,,,,,,,,2.0,1,제주특별자치도,제주시,노형동
601,126.5381165,33.49084859,False,False,104.0,,,,,,,,,,,2.0,1,제주특별자치도,제주시,이도이동
602,126.5700336,33.46961018,False,False,101.0,,,,,,,,,,,2.0,1,제주특별자치도,제주시,영평동
603,126.4901596,33.49249089,False,False,102.0,,,,,,,,,,,2.0,1,제주특별자치도,제주시,연동
604,126.6221534,37.52691928,False,False,104.0,5.906635508,0.242286385,5.643210888,6.282899857,0.054167976,197.175008,9.705989838,0.0,9.705989838,237.6448742,237.6448742,0,인천광역시,서구,청라동
605,127.1302682,36.66093106,False,False,102.0,172.7598958,18.31251685,142.6042328,182.0861511,13.50424734,192.5736319,9.779075443,5.32e-05,9.779000282,238.0482045,238.0482045,0,충청남도,천안시 동남구,광덕면
606,128.0165124,35.61153599,False,False,104.0,300.0143351,23.49352199,284.4119263,337.1319275,16.50945978,140.5180129,9.86514473,1.78e-15,9.86514473,238.7003348,238.7003348,0,경상남도,합천군,봉산면
607,127.0530482,36.17066612,False,False,104.0,8.11058712,0.0,8.11058712,8.11058712,1.236853957,341.0332031,9.819588607,4.75e-05,9.819581985,238.0435568,238.0435568,0,충청남도,논산시,채운면
608,126.7740027,35.29291125,False,False,103.0,41.46048355,0.0,41.46048355,41.46048355,1.625580788,287.5366821,9.890778582,4.54e-05,9.890771866,237.9534403,237.9534403,0,전라남도,장성군,장성읍
609,128.470363,35.69358058,False,False,102.0,71.19476202,0.923892624,71.07989502,72.49628448,1.623261569,331.6413575,9.858513832,0.0,9.858513832,238.9759148,238.9759148,0,대구광역시,달성군,유가읍
610,129.3163086,35.5617258,True,False,103.0,33.27496109,2.830586764,31.52604485,38.18516541,4.98253284,191.8325286,9.869169388,3.87e-05,9.869145393,239.5095288,239.5095288,0,울산광역시,중구,교동
611,126.8313896,37.66280316,False,False,104.0,18.86065872,1.125694616,18.02057457,20.77882004,1.649129261,269.8577897,9.694368362,1.78e-15,9.694368362,237.7693859,237.7693859,0,경기도,고양시 덕양구,주교동
612,128.132589,36.01090535,False,False,103.0,130.6167297,0.0,130.6167297,130.6167297,1.329138994,5.471572876,9.832697395,3.79e-05,9.832651138,238.7386401,238.7386401,0,경상북도,김천시,조마면
613,128.738753,36.56469897,False,False,104.0,92.96411652,3.629041279,90.54380035,98.24617767,4.081348639,194.0150488,9.787061691,0.0,9.787061691,239.0753174,239.0753174,0,경상북도,안동시,법흥동
614,128.922969,35.10678535,False,False,104.0,2.454562621,0.290098932,2.21620822,2.788481712,0.336616654,54.27667741,9.905674477,4.77e-07,9.905673981,239.3039076,239.3039076,0,부산광역시,강서구,명지동
615,126.671152,33.27653342,False,False,104.0,,,,,,,,,,,,0,제주특별자치도,서귀포시,남원읍
616,129.0441603,35.33005852,False,False,102.0,23.67474365,0.0,23.67474365,23.67474365,5.024593353,195.9474182,9.887820268,3.8e-05,9.88777256,239.3600002,239.3600002,0,경상남도,양산시,다방동
617,127.8346911,35.27610009,False,False,101.0,108.9718088,1.685770052,108.9551086,111.3557892,1.164266271,100.0515442,9.892150879,0.0,9.892150879,238.6173096,238.6173096,0,경상남도,산청군,시천면
618,126.8427599,35.04779845,False,False,103.0,14.18225963,1.05183921,12.97338676,15.04676342,1.177367507,314.5941758,9.910365107,3.63e-05,9.910321236,238.0217926,238.0217926,0,전라남도,나주시,남평읍
619,129.2110114,35.2453551,False,False,104.0,36.02151644,1.853544516,33.67531967,38.19719696,2.768315227,76.63779715,9.89459631,5.46e-07,9.8945961,239.4691083,239.4691083,0,부산광역시,기장군,기장읍
620,126.4024705,36.78177485,False,False,101.0,0.0,0.0,0.0,0.0,0.0,,9.768991863,5.09e-05,9.768918991,237.5703022,237.5703022,0,충청남도,서산시,인지면
621,128.0693471,35.19464465,False,False,103.0,26.07147678,0.68383807,25.42616463,26.87962151,1.837323654,110.6666744,9.898638726,5.06e-05,9.898638725,238.7703552,238.7703552,0,경상남도,진주시,상봉동
622,127.4049821,34.8488022,False,False,104.0,76.30197906,0.0,76.30197906,76.30197906,12.75952435,211.2202148,9.926141739,0.0,9.926141739,238.3919983,238.3919983,0,전라남도,순천시,별량면
623,127.0927208,38.06663458,False,False,101.0,92.82704827,4.30635833,90.04055786,98.80383301,4.404384655,120.8524911,9.659476698,1.09e-06,9.65947628,237.9073645,237.9073645,0,경기도,연천군,연천읍
624,128.5178895,37.65799236,False,False,103.0,717.7472914,8.659356679,704.7547607,722.2932739,8.16338904,116.1845511,9.694770582,3.92e-05,9.694738388,238.8583725,238.8583725,0,강원특별자치도,평창군,진부면
625,126.5788609,35.34839931,True,False,101.0,19.04395866,0.358728951,18.56719971,19.21737671,1.694918204,295.5094024,9.886329425,4.69e-05,9.886323929,237.8248831,237.8248831,0,전북특별자치도,고창군,대산면
626,127.1272044,37.33204908,False,False,103.0,83.70786025,0.439992689,83.10336304,83.85540771,3.705432537,184.7640395,9.722589216,5.03e-05,9.722582817,237.9887827,237.9887827,0,경기도,용인시 수지구,죽전동
627,127.9763301,37.49791129,False,False,104.0,126.8577612,17.48696349,114.1025314,148.0448303,10.37964681,237.9626335,9.708486557,0.0,9.708486557,238.5224152,238.5224152,0,강원특별자치도,횡성군,횡성읍
628,129.2389162,35.93055637,False,False,104.0,16.76389468,2.575391456,13.42377186,19.07904434,1.806714402,155.6283229,9.839257256,3.74e-05,9.839211464,239.4340522,239.4340522,0,경상북도,경주시,천북면
629,129.0992525,35.57207777,True,False,103.0,99.06194896,0.16483334,99.03811646,99.27091217,0.73011074,71.63965773,9.868329506,4.31e-05,9.86831665,239.3750234,239.3750234,0,울산광역시,울주군,상북면
630,127.1305815,35.45084046,False,False,104.0,263.6336053,11.97545651,252.1383209,276.0707092,10.42409808,156.5397496,9.878116608,0.0,9.878116608,238.1613796,238.1613796,0,전북특별자치도,순창군,구림면
631,126.8645473,37.24854315,False,False,102.0,25.11418343,2.086271762,22.69684601,28.50333214,3.169053939,101.9868308,9.729705849,4.78e-05,9.729639053,237.8260714,237.8260714,0,경기도,화성시 효행구,비봉면
632,126.5212274,35.06491311,False,False,103.0,12.21456814,0.0,12.21456814,12.21456814,2.771774292,129.4702148,9.908987003,9.55e-07,9.908986092,237.8185959,237.8185959,0,전라남도,함평군,함평읍
633,128.2093805,38.14741257,False,False,103.0,0.0,0.0,0.0,0.0,0.0,,9.65246693,5.75e-07,9.652466774,238.6268922,238.6268922,0,강원특별자치도,인제군,북면
634,129.3639616,35.42606875,False,False,102.0,0.0,0.0,0.0,0.0,0.0,,9.880099259,6.48e-07,9.880098343,239.5491213,239.5491213,0,,,
635,126.9179283,35.25244881,False,False,103.0,28.94805935,1.308867519,28.78426933,30.79181671,0.726627978,294.0073394,9.894030018,1.03e-06,9.894028664,238.0476799,238.0476799,0,광주광역시,북구,용강동
636,129.0951925,37.57669525,False,False,102.0,13.64854924,0.431681723,13.56521797,14.28523731,1.887258091,103.7212591,9.701746492,3.96e-05,9.70169735,239.2321533,239.2321533,0,강원특별자치도,동해시,초구동
637,128.6046878,34.7296591,False,False,101.0,0.0,0.0,0.0,0.0,0.0,,9.935581751,4.89e-05,9.935512543,239.1415082,239.1415082,0,경상남도,거제시,남부면
638,126.7379693,35.7284275,False,False,104.0,9.70142746,0.0,9.70142746,9.70142746,1.240473628,234.1878357,9.855688095,1.78e-15,9.855688095,237.8866996,237.8866996,0,전북특별자치도,부안군,부안읍
639,127.4666141,36.39356547,False,False,103.0,153.3370739,15.50327757,129.7375336,158.9532318,14.79447355,97.06589082,9.801242828,0.0,9.801242828,238.2859039,238.2859039,0,대전광역시,동구,효평동
640,127.0217802,37.0189694,True,False,103.0,12.42493502,4.091014246,7.186168194,14.88015747,2.936302045,128.6480134,9.749067283,9.54e-07,9.749066353,237.9473356,237.9473356,0,경기도,평택시,고덕면
641,127.4317671,36.36582601,False,False,103.0,74.00342486,2.225943402,70.49975586,76.00608826,2.081577886,300.9738321,9.8035477,4.86e-05,9.803479195,238.2662978,238.2662978,0,대전광역시,대덕구,법동
642,128.8219665,35.0903323,False,False,104.0,3.383438027,0.131764823,3.246105671,3.581647158,0.082318767,253.3867336,9.906965434,4.01e-05,9.90694809,239.2434508,239.2434508,0,경상남도,창원시 진해구,용원동
643,126.6787634,34.83378846,False,False,104.0,18.46814948,1.474615422,18.2711277,20.54424286,2.516443693,199.3907519,9.92735511,4.94e-05,9.927285194,237.9419547,237.9419547,0,전라남도,영암군,덕진면
644,127.1511084,36.87054465,False,False,104.0,39.07007599,0.0,39.07007599,39.07007599,2.547864914,281.8659668,9.761532853,4.59e-05,9.761521339,238.0432551,238.0432551,0,충청남도,천안시 서북구,성거읍
645,127.1171299,35.26420816,False,False,104.0,100.0522649,4.232571574,94.09616852,103.8026581,4.697330961,193.3954866,9.893098831,1.78e-15,9.893098831,238.1714004,238.1714004,0,전라남도,곡성군,오산면
646,128.4905076,35.84266778,False,False,101.0,20.60023525,0.20226248,20.42399216,20.96004486,0.157777173,52.15078862,9.846409619,3.69e-05,9.846376419,238.9759228,238.9759228,0,대구광역시,달서구,호산동
647,127.8282764,36.99998642,False,False,102.0,186.0839758,7.149334214,177.3503265,191.1780243,6.375554126,156.2158207,9.750692368,0.0,9.750692368,238.4656067,238.4656067,0,충청북도,충주시,대소원면
648,128.8345782,35.14964095,False,False,103.0,19.58900591,3.539556153,13.7052536,20.61415482,3.086874209,159.3572864,9.902241942,3.7e-05,9.902215004,239.2459606,239.2459606,0,부산광역시,강서구,지사동
649,126.6787895,36.90275604,False,False,101.0,37.23182785,1.052642718,36.49578857,38.91024399,6.436526059,209.5103095,9.758845995,1.16e-06,9.758844376,237.7368179,237.7368179,0,충청남도,당진시,시곡동
650,126.7737967,37.66708691,False,False,104.0,16.29734612,0.0,16.29734612,16.29734612,0.456327498,272.1398315,9.694010915,5.27e-05,9.693935394,237.7317127,237.7317127,0,경기도,고양시 일산동구,정발산동
651,127.0710661,37.58691012,False,False,103.0,14.40748056,1.831445366,12.22894382,15.80832386,1.496973062,68.1189774,9.70085383,3.85e-05,9.70084095,237.9312148,237.9312148,0,서울특별시,동대문구,휘경동
652,127.511265,36.58193269,False,False,104.0,66.81208731,1.41517679,64.94094086,66.98008728,2.24974126,248.3822709,9.785628319,0.0,9.785628319,238.2980042,238.2980042,0,충청북도,청주시 상당구,남일면
653,126.2987019,36.75463033,False,False,102.0,0.0,0.0,0.0,0.0,0.0,,9.771259749,4.17e-05,9.771187782,237.5059915,237.5059915,0,충청남도,태안군,태안읍
654,129.0008347,35.30362403,False,False,103.0,13.74098354,18.02470652,11.21756649,39.10655975,10.66696106,122.4854147,9.889933464,3.62e-05,9.889897346,239.3354491,239.3354491,0,경상남도,양산시,물금읍
655,129.287076,35.60599649,False,False,101.0,75.62527925,8.070548465,65.37857819,84.92263031,11.44191559,136.460332,9.865615866,4.24e-05,9.865542412,239.4879677,239.4879677,0,울산광역시,울주군,범서읍
656,126.8570314,37.49871755,False,False,104.0,20.89502144,0.0,20.89502144,20.89502144,2.061107874,132.2113647,9.708401324,1.02e-06,9.708400726,237.8000023,237.8000023,0,서울특별시,구로구,고척동
657,127.7057409,34.7703626,False,False,101.0,69.34275412,3.02608326,64.85050201,71.96549225,7.416284094,198.5474867,9.932354927,0.0,9.932354927,238.5856934,238.5856934,0,전라남도,여수시,미평동
658,128.0583372,37.99223941,False,False,103.0,195.4393482,23.84412465,188.8347321,232.5230103,15.40490198,306.1386381,9.665945053,0.0,9.665945053,238.5397949,238.5397949,0,강원특별자치도,인제군,남면
659,129.198308,35.92671437,False,False,104.0,88.21353149,0.0,88.21353149,88.21353149,5.159017086,42.75412369,9.839563462,3.66e-05,9.839531898,239.4094371,239.4094371,0,경상북도,경주시,안강읍
660,126.8146013,37.28324222,False,False,103.0,4.233379164,0.153359477,4.04816246,4.469236374,1.069565067,97.00974614,9.726758003,1.78e-15,9.726758003,237.790763,237.790763,0,경기도,화성시 만세구,새솔동
661,127.093004,37.33158653,False,False,101.0,90.96546451,0.532823892,90.68078613,91.66314697,8.045236615,93.4760448,9.722656817,4.7e-05,9.7225914,237.9665503,237.9665503,0,경기도,용인시 수지구,풍덕천동
662,128.8352562,36.04412186,False,False,102.0,144.9008484,0.0,144.9008484,144.9008484,8.039002419,275.5004883,9.829963274,4.51e-05,9.82995224,239.1748547,239.1748547,0,경상북도,영천시,화산면
663,129.4067812,37.04499557,True,False,101.0,8.33659675,2.800853335,6.05450964,12.76492119,2.307843523,155.5485309,9.746878116,4.3e-05,9.74685955,239.4627708,239.4627708,0,경상북도,울진군,죽변면
664,128.7618609,37.47730603,False,False,103.0,498.6388608,38.3415748,437.4043884,511.8153687,25.60994441,132.0014262,9.710221132,4.85e-05,9.7102108,239.0262333,239.0262333,0,강원특별자치도,정선군,여량면
665,126.2674599,34.48066103,False,False,104.0,0.0,0.0,0.0,0.0,0.0,,9.955146243,3.47e-05,9.955106735,237.724466,237.724466,0,전라남도,진도군,진도읍
666,126.7007489,37.79150134,False,False,102.0,0.0,0.0,0.0,0.0,0.0,,9.683280035,4.51e-05,9.683279991,237.673567,237.673567,0,경기도,파주시,탄현면
667,127.1180906,37.53259273,False,False,103.0,15.63746749,1.063509797,15.32040882,17.29962921,0.336482879,106.9169845,9.705530341,5.34e-05,9.705454826,237.9662681,237.9662681,0,서울특별시,송파구,풍납동
668,127.5525037,37.40477079,False,False,102.0,53.23199577,1.748851206,53.07814026,55.70045471,5.248571079,201.7517019,9.716402752,4.31e-05,9.716400146,238.2567409,238.2567409,0,경기도,여주시,대신면
669,127.4334015,36.8122234,False,False,104.0,119.0365915,8.164460111,103.6212387,123.1184464,7.988883169,237.5874968,9.766436013,4.03e-05,9.766386032,238.2287419,238.2287419,0,충청북도,진천군,문백면
670,126.2925926,36.67429752,False,False,101.0,26.81911278,0.0,26.81911278,26.81911278,1.971437335,117.0487137,9.777959794,5.33e-05,9.777884483,237.5095672,237.5095672,0,충청남도,태안군,남면
671,127.0136639,37.30436555,False,False,104.0,67.40668856,3.86151984,62.09901428,69.55249786,2.688982313,284.7401113,9.724959514,3.91e-05,9.724914551,237.9177779,237.9177779,0,경기도,수원시 장안구,조원동
672,127.0763873,35.84264816,False,False,101.0,30.96644623,0.211413441,30.63998795,31.22429276,0.448782763,234.8465033,9.846399307,0.0,9.846399307,238.0890957,238.0890957,0,전북특별자치도,전주시 덕진구,만성동
673,127.9248577,38.0338721,False,False,101.0,233.5365149,4.622155827,230.3392487,239.2379303,10.6477471,110.5681142,9.662332714,3.98e-05,9.662301064,238.4506721,238.4506721,0,강원특별자치도,양구군,양구읍
674,128.9852863,35.21720582,False,False,102.0,2.931772639,0.04083488,2.877727747,2.952122688,0.514584297,160.9713028,9.896854656,3.71e-05,9.896809578,239.3330044,239.3330044,0,부산광역시,강서구,대저1동
675,128.8156765,35.83631265,False,False,104.0,66.0089055,0.868840523,64.79994202,66.22839355,2.312247841,241.9461948,9.846923828,0.0,9.846923828,239.1788483,239.1788483,0,경상북도,경산시,자인면
676,129.4269448,35.49773121,False,False,101.0,12.09754844,3.311990318,9.188167572,17.73996162,2.977105552,140.8768955,9.87433578,3.65e-05,9.874300003,239.5821278,239.5821278,0,울산광역시,동구,일산동
677,126.6189568,34.87784074,False,False,104.0,16.29879692,1.654367474,15.76533127,18.57679558,1.926203983,290.1595242,9.923850442,3.72e-05,9.923819542,237.9000281,237.9000281,0,전라남도,영암군,시종면
678,127.9814267,36.90768781,False,False,102.0,147.1577162,6.508155762,142.1028748,154.8493195,4.31714226,168.3600828,9.758441473,4.15e-05,9.758385658,238.5705065,238.5705065,0,충청북도,충주시,살미면
679,126.6564472,35.9423391,False,False,103.0,11.09095291,2.341422388,7.785293102,11.28364658,0.681113761,320.6855447,9.83827877,0.0,9.83827877,237.8135681,237.8135681,0,전북특별자치도,군산시,신관동
680,129.3890282,36.08397166,False,False,103.0,24.19272034,1.416478056,23.35317421,26.23345757,1.542639808,179.80457,9.826724409,4.92e-07,9.826724052,239.5161256,239.5161256,0,경상북도,포항시 북구,장성동
681,129.0312574,35.10815199,False,False,101.0,116.3675475,11.85965805,98.9080658,119.9144974,15.50307357,106.9671594,9.905564308,0.0,9.905564308,239.3700104,239.3700104,0,부산광역시,중구,대청동4가
682,127.2058643,37.01143212,False,False,104.0,37.17168943,5.119053339,30.9491806,40.87166214,3.757133388,215.4679306,9.749698683,4.46e-05,9.749698639,238.0660871,238.0660871,0,경기도,안성시,공도읍
683,127.0577617,37.75018169,False,False,103.0,42.39175197,0.437502417,41.7621727,42.46257782,3.128538258,217.7438365,9.686842918,0.0,9.686842918,237.9093611,237.9093611,0,경기도,의정부시,금오동
684,129.1117256,35.56550754,False,False,104.0,85.58497264,1.020610757,84.80511475,87.29106903,1.153486392,181.2565415,9.868866405,3.78e-05,9.86883831,239.3829566,239.3829566,0,울산광역시,울주군,언양읍
685,127.2198925,37.59057919,False,False,101.0,30.21257924,2.395616597,28.66840363,33.2281189,2.019070932,167.2129882,9.700569563,5.26e-05,9.700494766,238.0275719,238.0275719,0,경기도,남양주시,와부읍
686,128.1804659,36.58748897,False,False,103.0,90.1315155,0.0,90.1315155,90.1315155,1.597285271,154.7234497,9.785184185,4.92e-05,9.785114288,238.7217429,238.7217429,0,경상북도,문경시,모전동
687,127.1950657,37.60724956,False,False,101.0,22.99056416,2.058560845,21.4449749,25.45764732,3.002477295,143.7916651,9.699110031,0.0,9.699110031,238.0102124,238.0102124,0,경기도,남양주시,이패동
688,126.4603186,33.34519381,False,False,103.0,,,,,,,,,,,,0,제주특별자치도,서귀포시,중문동
689,129.0991597,35.21955263,False,False,104.0,73.17166032,9.954583545,56.40043259,77.1697998,11.12454864,165.6965031,9.896650639,4.27e-05,9.896636963,239.4026299,239.4026299,0,부산광역시,금정구,서동
690,128.5254597,35.80778332,False,False,103.0,39.58553314,0.0,39.58553314,39.58553314,1.20992732,304.8963623,9.849259377,0.0,9.849259377,239.0005493,239.0005493,0,대구광역시,달서구,대곡동
691,126.8278438,37.20107919,False,False,104.0,32.78537364,1.428377533,32.69020844,34.80316162,3.235220844,244.8808423,9.733701706,0.0,9.733701706,237.8064897,237.8064897,0,경기도,화성시 만세구,남양읍
692,129.2393062,35.31734966,False,False,104.0,26.7931976,1.045351133,24.81855583,26.93190575,1.385444223,143.2003702,9.888848542,3.94e-05,9.888780594,239.4810107,239.4810107,0,부산광역시,기장군,장안읍
693,127.2865765,37.01295965,False,False,104.0,33.98533293,7.285882617,33.59399414,48.35398483,3.787671203,143.06292,9.749600982,4.93e-05,9.749531746,238.117912,238.117912,0,경기도,안성시,가사동
694,128.8593974,35.15522604,False,False,104.0,8.116880292,0.406704349,7.563620567,8.274107933,0.982957763,99.43077404,9.901804924,0.0,9.901804924,239.2609558,239.2609558,0,부산광역시,강서구,미음동
695,129.2460971,36.56308061,False,False,102.0,728.9484334,19.7641892,695.2133789,732.885376,11.8034323,45.10702331,9.787212772,5.22e-05,9.787138939,239.3936755,239.3936755,0,경상북도,영양군,석보면
696,126.6554769,37.18816694,False,False,102.0,0.0,0.0,0.0,0.0,0.0,,9.734786348,4.44e-05,9.734786034,237.6961818,237.6961818,0,경기도,화성시 만세구,서신면
697,126.708809,35.99287001,False,False,102.0,5.599587756,1.039351056,4.130629063,5.65117836,1.824289402,14.87577353,9.834166517,3.68e-05,9.834126472,237.842111,237.842111,0,전북특별자치도,군산시,금동
698,127.1087868,35.9127563,False,False,103.0,14.35488765,0.42141117,13.59332085,14.37084961,0.198244887,210.0234104,9.840707968,3.75e-05,9.840662003,238.1031062,238.1031062,0,전북특별자치도,완주군,삼례읍
699,127.5370629,35.18156913,False,False,101.0,32.98432159,0.0,32.98432159,32.98432159,4.400920868,69.1463623,9.899684906,1.78e-15,9.899684906,238.441391,238.441391,0,전라남도,구례군,간전면
700,126.2861913,34.50730885,False,False,103.0,12.43515199,5.603924329,7.483035088,22.47665215,5.515663095,307.1248861,9.953039169,1.78e-15,9.953039169,237.7333404,237.7333404,0,전라남도,진도군,군내면
701,128.6250832,35.24078392,False,False,104.0,8.056356212,0.309575019,7.882762432,8.458274841,2.280801498,52.78800757,9.894979621,4.72e-05,9.89491272,239.1094932,239.1094932,0,경상남도,창원시 의창구,팔용동
702,126.8975837,35.2398087,False,False,103.0,26.29542213,0.552540051,25.78131676,27.24601364,0.429021757,277.2805851,9.895048141,0.0,9.895048141,238.036438,238.036438,0,광주광역시,북구,용전동
703,128.210171,35.44680356,False,False,102.0,318.0949218,14.00860075,313.9271545,339.1607056,16.85775246,101.5511429,9.878452166,3.88e-05,9.878385544,238.8351135,238.8351135,0,경상남도,의령군,궁류면
704,127.064789,37.59466028,False,False,103.0,14.7196056,0.312157004,14.66875648,15.15812397,0.282639579,140.7253346,9.700218371,4.93e-05,9.700148582,237.9268386,237.9268386,0,서울특별시,동대문구,휘경동
705,129.298028,35.48137127,False,False,102.0,0.0,0.0,0.0,0.0,0.0,,9.875666608,6.67e-07,9.875665665,239.5044177,239.5044177,0,울산광역시,울주군,청량읍
706,126.9914518,35.71755345,False,False,102.0,19.13609932,0.428879436,18.50759125,19.50096703,0.494979653,284.427597,9.856578971,3.8e-05,9.856531143,238.0477493,238.0477493,0,전북특별자치도,김제시,금산면
707,128.5929491,34.86450782,False,False,101.0,0.0,0.0,0.0,0.0,0.0,,9.924898406,4.19e-05,9.92488575,239.1225102,239.1225102,0,경상남도,거제시,거제면
708,128.4426258,35.59922135,False,False,104.0,27.19068869,7.321546077,15.00625229,30.61281013,4.023212192,314.0683872,9.866154368,5.08e-07,9.866153717,238.9665129,238.9665129,0,경상남도,창녕군,대합면
709,126.5216765,36.56316582,False,False,104.0,55.19474915,11.86011283,46.04186249,69.24996948,8.577852828,17.36295659,9.787181786,4.11e-05,9.787158012,237.6675326,237.6675326,0,충청남도,홍성군,서부면
710,128.8259316,35.18866266,False,False,104.0,6.411760264,0.487173134,5.740194798,6.565627575,0.372246994,179.5481952,9.899116151,4.82e-05,9.899111748,239.2375974,239.2375974,0,경상남도,김해시,신문동
711,127.7014985,36.46177086,False,False,102.0,167.6064911,1.503208313,167.5461121,169.7314911,6.654184875,133.8262628,9.795589447,1.78e-15,9.795589447,238.4288014,238.4288014,0,충청북도,보은군,수한면
712,126.8662111,36.79590763,True,False,104.0,36.91246887,1.062776678,36.47431564,38.83309555,3.509051903,230.5299612,9.767807961,1.78e-15,9.767807961,237.8671096,237.8671096,0,충청남도,아산시,선장면
713,129.2253475,35.99236904,False,False,103.0,11.06360992,0.105279556,10.96396542,11.21915722,0.156975706,87.57758015,9.834192358,5.19e-05,9.834192276,239.4213105,239.4213105,0,경상북도,경주시,안강읍
714,129.0284459,35.53335119,False,False,103.0,554.889782,19.06383164,549.3293457,591.4243164,24.48516045,211.2718865,9.871452421,4.52e-05,9.871442795,239.3341375,239.3341375,0,울산광역시,울주군,상북면
715,126.5996406,34.56757984,False,False,101.0,33.29592127,0.143653339,33.12916565,33.4119606,0.677688207,250.8331103,9.948314684,3.93e-05,9.948299408,237.9215936,237.9215936,0,전라남도,해남군,해남읍
716,126.5719998,33.25728163,False,False,101.0,,,,,,,,,,,,0,제주특별자치도,서귀포시,동홍동
717,126.9487036,36.55712007,False,False,102.0,67.42687052,0.475392049,67.04179382,68.11737061,1.697799672,185.7307439,9.787680626,0.0,9.787680626,237.9415376,237.9415376,0,충청남도,공주시,유구읍
718,127.3031483,36.32089617,False,False,104.0,87.04564572,1.761602903,84.26034546,88.24876404,3.279776095,39.92717584,9.807231901,3.96e-05,9.807209969,238.1884124,238.1884124,0,대전광역시,유성구,대정동
719,128.1210031,35.54976322,False,False,101.0,43.09757843,0.287959653,43.00074005,43.49313354,0.558618475,129.0244233,9.870136782,1.09e-06,9.870135307,238.7708862,238.7708862,0,경상남도,합천군,용주면
720,127.1954417,37.67452663,False,False,103.0,73.59389208,2.376310112,70.23368073,73.64565277,0.773832647,333.4791907,9.693360088,3.96e-05,9.693312645,238.0047961,238.0047961,0,경기도,남양주시,진건읍
721,127.8883591,34.90688742,False,False,102.0,62.91309391,3.903158157,61.51125717,69.46098328,5.875533976,242.8761027,9.921545029,0.0,9.921545029,238.6853395,238.6853395,0,경상남도,남해군,고현면
722,126.2619358,34.48463233,False,False,104.0,0.0,0.0,0.0,0.0,0.0,,9.954825401,0.0,9.954825401,237.7205505,237.7205505,0,전라남도,진도군,진도읍
723,127.5832899,36.78486336,False,False,101.0,57.61722375,0.359336465,57.61414337,58.12539291,0.391070395,309.4546893,9.768724442,0.0,9.768724442,238.3265991,238.3265991,0,충청북도,증평군,증평읍
724,127.1838469,37.27059953,False,False,104.0,151.2665253,0.0,151.2665253,151.2665253,11.50524902,103.3343964,9.727831309,4.44e-05,9.727770805,238.0304029,238.0304029,0,경기도,용인시 처인구,포곡읍
725,126.8525802,37.69360984,True,False,102.0,20.69412781,0.751110695,20.11886597,21.77870369,0.446638366,244.4887279,9.691727638,0.0,9.691727638,237.7806702,237.7806702,0,경기도,고양시 일산동구,사리현동
726,126.1632342,34.7187176,False,False,103.0,,,,,,,,,,,,0,전라남도,신안군,안좌면
727,127.3526192,34.89558745,False,False,104.0,33.05892468,2.550739081,29.48554611,33.55238724,2.74627118,200.0483176,9.92243374,4.03e-05,9.922432899,238.354692,238.354692,0,전라남도,순천시,낙안면
728,127.1826079,36.16318406,True,False,101.0,32.87382762,1.229519852,32.03225708,34.39540482,1.208598482,286.2189632,9.820215225,0.0,9.820215225,238.1263297,238.1263297,0,충청남도,논산시,가야곡면
729,128.54929,35.24225273,False,False,103.0,76.55886687,10.41011225,64.59391785,85.21782684,15.10954184,50.75378836,9.89485768,5.18e-07,9.894857407,239.0626358,239.0626358,0,경상남도,창원시 마산회원구,두척동
730,127.9861997,34.72363287,False,False,103.0,0.0,0.0,0.0,0.0,0.0,,9.936047554,0.0,9.936047554,238.763031,238.763031,0,경상남도,남해군,상주면
731,129.1701575,35.3371995,False,False,103.0,103.0108185,0.0,103.0108185,103.0108185,5.503997803,148.7518005,9.88725608,5.09e-05,9.887183189,239.4368913,239.4368913,0,부산광역시,기장군,정관읍
732,126.7408335,35.96790228,False,False,102.0,7.794013023,0.0,7.794013023,7.794013023,1.456011057,324.6938782,9.836200965,3.78e-05,9.836173058,237.8646693,237.8646693,0,전북특별자치도,군산시,조촌동
733,126.5204014,37.4774776,False,False,103.0,10.79906637,1.592151229,8.78123951,11.9134016,0.626736328,187.7204523,9.710213661,0.0,9.710213661,237.5832977,237.5832977,0,인천광역시,중구,운남동
734,127.4874702,36.10603035,False,False,103.0,163.5109199,1.884527756,160.8467102,163.5807495,1.244890855,47.53955935,9.824912071,1.78e-15,9.824912071,238.3245197,238.3245197,0,충청남도,금산군,금산읍
735,126.7404054,37.49429055,False,False,103.0,14.23596542,1.248654448,12.04224586,14.82437515,1.149854539,326.9201946,9.708770703,5.27e-05,9.708768845,237.7246083,237.7246083,0,인천광역시,부평구,부개동
736,128.2705695,35.32393688,False,False,104.0,28.10197878,20.68836719,17.17435074,64.13005066,13.45384435,162.1043886,9.888310351,3.77e-05,9.888262749,238.8833414,238.8833414,0,경상남도,의령군,의령읍
737,126.777036,37.19103502,False,False,101.0,36.32596299,14.08224117,33.84394836,56.54486084,7.564379178,167.4353683,9.734566689,0.0,9.734566689,237.7744792,237.7744792,0,경기도,화성시 만세구,마도면
738,126.7324414,36.49866849,False,False,102.0,57.06559514,0.032672598,57.06554413,57.11180115,6.802394696,349.0637046,9.7925535,4.38e-05,9.792492867,237.8086715,237.8086715,0,충청남도,홍성군,장곡면
739,127.6376285,35.41873991,False,False,104.0,311.0190686,8.794936015,308.7167664,328.4558716,4.138066261,207.2402239,9.880688667,0.0,9.880688667,238.4816493,238.4816493,0,전북특별자치도,남원시,산내면
740,127.4601318,37.28141523,False,False,103.0,61.20453585,0.812739591,60.09293747,61.49683762,1.650477173,36.88145824,9.726895332,0.0,9.726895332,238.2072878,238.2072878,0,경기도,이천시,갈산동
741,126.659357,33.54338402,False,False,101.0,,,,,,,,,,,,0,제주특별자치도,제주시,조천읍
742,127.8883822,34.83705549,False,False,102.0,41.07333886,2.458708751,37.63764572,43.58398819,2.457715709,117.6722913,9.927085806,3.68e-05,9.927042961,238.6920097,238.6920097,0,경상남도,남해군,남해읍
743,128.60232,34.77083062,False,False,104.0,0.0,0.0,0.0,0.0,0.0,,9.932308197,0.0,9.932308197,239.136351,239.136351,0,경상남도,거제시,동부면
744,126.4014269,34.68977189,False,False,103.0,1.254981933,0.160362954,1.068213701,1.383629441,0.518513866,328.3647756,9.938706533,1.26e-06,9.938706398,237.7847118,237.7847118,0,전라남도,해남군,산이면
745,127.2986036,36.33767475,False,False,104.0,100.8701699,6.688308256,100.6453857,110.3261948,4.454337679,92.83049319,9.805871603,5.17e-05,9.805798531,238.1840969,238.1840969,0,대전광역시,유성구,계산동
746,127.2620303,34.91019684,False,False,101.0,210.0844574,0.0,210.0844574,210.0844574,1.983625531,87.7795105,9.921300888,1.78e-15,9.921300888,238.2971518,238.2971518,0,전라남도,순천시,외서면
747,129.0571556,35.13306997,False,False,101.0,2.503502214,0.089307942,2.433624268,2.608711004,0.212397673,166.6097506,9.903577183,1.14e-06,9.903576851,239.3838295,239.3838295,0,부산광역시,동구,범일동
748,127.4621179,35.3203584,False,False,103.0,166.4498202,1.124635637,164.9228363,166.8947144,4.472571206,164.4603236,9.888578417,4.73e-05,9.8885746,238.38124,238.38124,0,전라남도,구례군,산동면
749,128.9966503,36.50424898,False,False,104.0,163.3900981,4.495010486,157.9406128,166.6632233,15.69278896,259.1515527,9.792094179,5.26e-05,9.792019844,239.2417297,239.2417297,0,경상북도,청송군,파천면
750,126.7885951,36.4938642,False,False,101.0,67.33232858,6.252566974,64.62701416,77.79558563,3.835818644,59.70874853,9.792929284,3.53e-05,9.79291153,237.8451367,237.8451367,0,충청남도,청양군,비봉면
751,126.921223,37.57219548,False,False,101.0,19.14220475,0.124149698,19.12439728,19.31687355,0.796931714,139.7287226,9.702132225,0.0,9.702132225,237.8355713,237.8355713,0,서울특별시,서대문구,남가좌동
752,129.3038879,35.57425363,False,False,102.0,144.6254541,7.255092693,131.7771606,146.748291,4.030970859,282.5611328,9.868178905,3.86e-05,9.868112564,239.5006984,239.5006984,0,울산광역시,중구,성안동
753,129.3628469,35.59934759,False,False,101.0,22.54597785,0.985968876,21.15058327,23.6629734,1.06899722,232.4026778,9.866146088,0.0,9.866146088,239.5351563,239.5351563,0,울산광역시,북구,송정동
754,128.8652702,35.28054875,False,False,101.0,104.5872268,19.98745921,77.76911163,122.9309616,20.28625359,130.5127942,9.891790465,6.23e-07,9.89179039,239.2539606,239.2539606,0,경상남도,김해시,삼계동
755,126.9436604,37.3100855,False,False,101.0,43.60277939,0.0,43.60277939,43.60277939,1.165006757,127.6735229,9.724481583,0.0,9.724481583,237.8720703,237.8720703,0,경기도,의왕시,초평동
756,126.4562733,34.75259148,False,False,102.0,2.8385468,0.212955807,2.537381887,2.838764191,0.097283533,276.4833337,9.933760911,1.17e-06,9.933760643,237.8120221,237.8120221,0,전라남도,영암군,삼호읍
757,127.6247832,35.3067733,False,False,102.0,697.0562453,16.92302428,687.2313232,723.9499512,15.35753422,174.0052361,9.889664905,4.02e-05,9.889660835,238.4838433,238.4838433,0,경상남도,하동군,화개면
758,129.3968801,36.54232847,False,False,101.0,6.640509542,0.989705624,5.694364071,7.897580624,0.913234922,354.3989771,9.788903853,5.15e-05,9.788901329,239.4894839,239.4894839,0,경상북도,영덕군,영해면
759,126.5669951,33.28366994,False,False,101.0,,,,,,,,,,,,0,제주특별자치도,서귀포시,토평동
760,126.879302,35.24691468,False,False,103.0,23.76564183,0.265207648,23.55841255,24.11094856,0.221949094,262.3937282,9.894478798,0.0,9.894478798,238.023966,238.023966,0,광주광역시,북구,월출동
761,127.0106157,38.11007707,False,False,102.0,37.32236183,10.78276447,34.3339653,52.27580643,8.601502217,5.296510839,9.655724934,4.41e-05,9.655665398,237.8503694,237.8503694,0,경기도,연천군,왕징면
762,127.8933136,37.69402944,False,False,101.0,133.9925933,3.487600576,132.7665405,138.769989,2.506572771,142.9897337,9.691690949,4.35e-05,9.691632271,238.4545428,238.4545428,0,강원특별자치도,홍천군,홍천읍
763,128.8443388,36.23424603,False,False,104.0,213.4415793,0.642059405,212.8882294,214.161499,7.918495562,253.637086,9.814364605,3.78e-05,9.814352989,239.1662798,239.1662798,0,경상북도,의성군,춘산면
764,128.1446209,36.12601418,False,False,102.0,60.84216309,7.11e-15,60.84216309,60.84216309,5.872189999,315.0662537,9.823281288,0.0,9.823281288,238.7366028,238.7366028,0,경상북도,김천시,지좌동
765,129.2297303,35.55951105,False,False,102.0,39.89053435,2.04374866,38.16357422,42.20816803,2.763905148,223.3545483,9.869340145,4.79e-05,9.869334221,239.456134,239.456134,0,울산광역시,울주군,범서읍
766,128.4713931,36.61764857,False,False,101.0,95.72630064,17.83621372,79.0652771,124.8925095,13.32741275,144.5376499,9.782658772,5.54e-07,9.782658577,238.903018,238.903018,0,경상북도,예천군,호명읍
767,126.9319445,37.51862054,False,False,101.0,13.38098335,0.0,13.38098335,13.38098335,0.040219162,342.2147827,9.706702395,3.99e-05,9.706673622,237.8468969,237.8468969,0,서울특별시,영등포구,여의도동
768,126.760516,36.85910521,False,False,104.0,7.828953617,1.384676177,6.799684048,9.995049477,2.236769987,124.6943936,9.762501781,1.3e-06,9.762501717,237.793647,237.793647,0,충청남도,당진시,신평면
769,128.0958588,34.93147395,False,False,103.0,6.168360035,3.099828892,1.193765998,7.627262115,3.885643119,213.4836723,9.919608116,0.0,9.919608116,238.8109741,238.8109741,0,경상남도,사천시,향촌동
770,126.7508461,35.73044137,False,False,103.0,5.220667941,0.328488739,4.75641346,5.237325668,0.242178102,106.1672176,9.855534775,9.79e-07,9.8555336,237.894465,237.894465,0,전북특별자치도,부안군,부안읍
771,127.3261942,36.64516275,False,False,102.0,50.24029448,4.764305661,43.50255203,50.24689865,4.842847108,173.1124165,9.780388022,5.2e-05,9.780314445,238.1746729,238.1746729,0,충청북도,청주시 흥덕구,오송읍
772,129.3745261,36.05884097,False,False,104.0,7.080174267,1.217538616,5.879497528,8.314344406,4.251993052,20.76030639,9.828771591,0.0,9.828771591,239.5090179,239.5090179,0,경상북도,포항시 북구,두호동
773,126.9340871,36.04782897,False,False,102.0,14.06185166,1.379428925,13.95536709,16.00975037,1.00087121,319.619758,9.829675674,0.0,9.829675674,237.9795227,237.9795227,0,전북특별자치도,익산시,황등면
774,126.8654313,37.2440418,False,False,104.0,27.5730876,1.59326272,25.33211899,27.80767632,5.784504496,56.49980892,9.730086487,4.65e-05,9.730021477,237.8270443,237.8270443,0,경기도,화성시 효행구,비봉면
775,128.2206127,35.19111458,False,False,103.0,33.04290948,5.519071312,27.35554886,42.31617355,13.62899406,38.18459303,9.898920773,4.94e-05,9.898920059,238.8644113,238.8644113,0,경상남도,진주시,진성면
776,126.4924749,34.8482781,False,False,102.0,9.383137945,1.506498573,6.854039669,9.913785934,1.814563912,147.3898438,9.926183701,0.0,9.926183701,237.8240814,237.8240814,0,전라남도,무안군,일로읍
777,128.1519775,35.51474953,False,False,101.0,232.7566411,6.904402011,223.5845184,240.3558502,5.766565846,149.9264766,9.87298156,4.9e-05,9.872912407,238.7931779,238.7931779,0,경상남도,합천군,대양면
778,127.1955673,37.74157464,True,False,104.0,81.59900148,16.38714503,69.70999908,107.076622,12.82789267,88.73109026,9.687580109,0.0,9.687580109,237.9997828,237.9997828,0,경기도,남양주시,진접읍
779,127.8722189,36.78434652,False,False,104.0,121.440454,1.376995091,119.5945053,122.0606995,1.022917049,280.9236614,9.768770218,0.0,9.768770218,238.5107727,238.5107727,0,충청북도,괴산군,칠성면
780,126.7449875,33.28712359,False,False,103.0,,,,,,,,,,,,0,제주특별자치도,서귀포시,남원읍
781,129.4054515,35.9939455,False,False,101.0,6.206556297,0.343990708,6.155520439,6.690348148,0.256543145,259.2288266,9.834072807,3.81e-05,9.834046364,239.5326038,239.5326038,0,경상북도,포항시 남구,청림동
782,128.4048832,36.06729206,False,False,102.0,42.29519118,3.077387131,38.03801727,43.19912338,4.747112338,209.2335694,9.828073502,1.78e-15,9.828073502,238.9044668,238.9044668,0,경상북도,칠곡군,석적읍
783,128.8209496,37.24608919,False,False,103.0,754.8624927,7.392935475,747.7381592,765.677124,9.501740747,299.2078351,9.729888947,6.53e-07,9.729888916,239.0792009,239.0792009,0,강원특별자치도,정선군,사북읍
784,128.0947763,36.24131412,False,False,104.0,144.3399149,1.426960912,143.2809143,146.1484985,5.777097916,139.6771579,9.813780189,5.23e-05,9.813779831,238.6954654,238.6954654,0,경상북도,김천시,어모면
785,129.3271478,35.98342833,False,False,104.0,52.43011137,13.75785448,52.18786621,76.13761139,9.594580758,89.07273491,9.834933947,3.75e-05,9.834904671,239.4851012,239.4851012,0,경상북도,포항시 남구,연일읍
786,127.9758441,35.43642047,False,False,104.0,290.0082754,7.26855247,281.3080139,298.1191406,14.76934015,53.92082994,9.879274002,3.54e-05,9.879236221,238.6906869,238.6906869,0,경상남도,산청군,신등면
787,127.4847898,37.67796269,False,False,103.0,65.87178836,3.464054091,64.91725922,71.8575592,2.394390676,46.92114324,9.693047523,1.78e-15,9.693047523,238.1919248,238.1919248,0,경기도,가평군,설악면
788,127.0346545,36.45154114,False,False,103.0,49.86845549,2.487420963,46.37379837,50.27082062,3.852255023,155.0714964,9.796460027,4.66e-05,9.796395302,238.0060606,238.0060606,0,충청남도,공주시,우성면
789,128.4960919,37.93987063,False,False,101.0,276.6010258,19.22011376,249.4269714,277.2305603,31.70756926,124.6112844,9.670489311,0.0,9.670489311,238.8256836,238.8256836,0,강원특별자치도,양양군,서면
790,127.7403846,37.40243496,False,False,104.0,131.8114889,4.871135624,129.3374481,138.2407227,5.999354059,166.2167179,9.716624225,4.06e-05,9.716572762,238.3779692,238.3779692,0,경기도,양평군,양동면
791,127.3126721,36.6430169,False,False,103.0,52.62442384,1.308928956,51.85501862,54.42876816,1.58585593,159.9071758,9.780542374,0.0,9.780542374,238.1661383,238.1661383,0,충청북도,청주시 흥덕구,오송읍
792,126.6456408,37.19606807,False,False,103.0,0.0,0.0,0.0,0.0,0.0,,9.734123447,4.34e-05,9.734106064,237.6893589,237.6893589,0,경기도,안산시 단원구,선감동
793,127.8898764,34.77122689,False,False,103.0,41.20294952,0.0,41.20294952,41.20294952,3.450065136,56.44918442,9.932288815,3.65e-05,9.932247162,238.6992265,238.6992265,0,경상남도,남해군,남면
794,128.9524646,35.98844688,False,False,102.0,107.0184671,1.876190102,105.9594955,109.4513168,1.070439353,227.8694297,9.834533251,3.82e-05,9.834486008,239.2521046,239.2521046,0,경상북도,영천시,망정동
795,127.9210986,35.29864227,False,False,104.0,124.3537598,0.0,124.3537598,124.3537598,4.373284817,136.9451904,9.890335018,3.63e-05,9.890293121,238.6691437,238.6691437,0,경상남도,산청군,단성면
796,126.8900945,37.54368822,False,False,102.0,10.17250347,0.0,10.17250347,10.17250347,1.608209729,204.3764038,9.704556574,4.2e-05,9.704534531,237.8175223,237.8175223,0,서울특별시,영등포구,양평동6가
797,128.7048845,35.84112966,False,False,104.0,50.53768702,0.846779456,49.23130798,51.18296814,0.81212599,14.90818618,9.846536636,0.0,9.846536636,239.109726,239.109726,0,대구광역시,수성구,신매동
798,127.5941159,35.665237,False,False,104.0,448.055585,2.533088255,447.7499084,451.6248474,3.018388889,337.0720111,9.860824617,5e-05,9.860754013,238.4314851,238.4314851,0,전북특별자치도,장수군,계남면
799,126.5906009,33.51203497,False,False,103.0,,,,,,,,,,,,0,제주특별자치도,제주시,도련일동
800,129.1347869,36.57820766,False,False,104.0,203.2463261,21.98528446,200.7770538,234.2400055,9.063932513,123.8001851,9.785956166,4.13e-05,9.785884857,239.3228888,239.3228888,0,경상북도,영양군,석보면
801,128.4178234,36.14552508,False,False,104.0,53.08510027,0.655394188,52.15876007,53.1163559,6.810613341,45.11036492,9.821652757,4.95e-07,9.821652412,238.9061569,238.9061569,0,경상북도,구미시,옥계동
802,127.2540351,37.04402983,False,False,104.0,83.67477713,8.939079813,71.93004608,96.96504211,5.76700044,274.0736865,9.746956825,0.0,9.746956825,238.0942993,238.0942993,0,경기도,안성시,대덕면
803,126.2941959,33.29890901,False,False,104.0,,,,,,,,,,,,0,제주특별자치도,서귀포시,안덕면
804,126.8459845,37.06687694,False,False,101.0,18.87901245,4.139778386,15.01325417,25.7085762,3.43425871,139.982495,9.745037026,9.55e-07,9.745036125,237.8299995,237.8299995,0,경기도,화성시 만세구,장안면
805,127.0943203,35.9258778,False,False,104.0,22.98259163,0.0,22.98259163,22.98259163,1.859066606,188.0778656,9.839635849,0.0,9.839635849,238.0927124,238.0927124,0,전북특별자치도,완주군,삼례읍
806,126.8717328,37.49243809,True,False,101.0,10.98021341,4.511029947,6.18388319,15.18663692,1.243214597,266.3364419,9.708932733,9.64e-07,9.708931923,237.8100223,237.8100223,0,서울특별시,구로구,구로동
807,127.0671612,37.59610144,False,False,102.0,14.57854046,0.072729768,14.47571659,14.58108807,0.14114625,200.0266466,9.700070381,0.0,9.700070381,237.9282379,237.9282379,0,서울특별시,동대문구,이문동
808,129.1113778,35.49793404,False,False,102.0,120.3838647,14.25300982,106.7050781,135.1888428,13.66649933,150.8536319,9.874312291,3.87e-05,9.87429142,239.388038,239.388038,0,울산광역시,울주군,삼동면
809,129.255628,36.93850106,False,False,101.0,254.3169201,18.70543912,251.044281,280.4908752,21.40051812,145.7903613,9.75583744,0.0,9.75583744,239.3745422,239.3745422,0,경상북도,울진군,금강송면
810,127.2759062,36.86506469,False,False,104.0,179.978912,11.32723701,176.5813904,195.633606,11.18146848,134.5408694,9.76202029,4.94e-05,9.761950493,238.1235314,238.1235314,0,충청남도,천안시 동남구,북면
811,128.0343181,37.70645284,False,False,102.0,362.4158193,1.235821379,360.7215271,362.844635,7.820968448,38.48749614,9.690596695,4.4e-05,9.690595627,238.5445705,238.5445705,0,강원특별자치도,홍천군,화촌면
812,127.6466273,36.65157065,False,False,104.0,242.2555393,4.611035937,234.043045,244.2789154,1.373268474,209.8883898,9.779852862,4.76e-05,9.77978611,238.3782262,238.3782262,0,충청북도,청주시 상당구,미원면
813,127.438945,34.86093691,False,False,101.0,7.327632644,9.569146691,1.869598031,19.71096802,3.433798367,128.5062144,9.9252075,4.76e-05,9.925140381,238.4118434,238.4118434,0,전라남도,순천시,별량면
814,126.6980017,37.26403392,False,False,103.0,0.774811466,0.077103989,0.659791291,0.841777444,0.069089427,145.6673471,9.728366978,4.24e-05,9.728348732,237.7172158,237.7172158,0,,,
815,127.0080165,37.45200618,False,False,103.0,28.3494776,0.839047973,27.36441612,29.01103401,0.731941947,43.84249858,9.712408963,4.15e-05,9.712337494,237.9018588,237.9018588,0,경기도,과천시,과천동
816,129.3778476,36.33001758,False,False,102.0,10.30872786,4.47557411,4.412201881,15.78318024,6.846665094,84.97545505,9.806481361,0.0,9.806481361,239.4919586,239.4919586,0,경상북도,영덕군,남정면
817,126.9732476,37.86324607,False,False,103.0,92.98031413,1.888043027,92.31375885,96.34712219,1.776097817,100.0705257,9.677092569,4.9e-05,9.677083015,237.8454924,237.8454924,0,경기도,양주시,광적면
818,129.1150079,37.55862458,False,False,102.0,84.28550658,2.747076851,83.30532074,89.19521332,3.537603761,110.4777818,9.703273856,4.77e-05,9.703263283,239.2459759,239.2459759,0,강원특별자치도,동해시,묵호진동
819,126.9391967,37.38091008,False,False,103.0,31.06708547,0.214434029,31.06484604,31.37033272,0.444197697,276.444422,9.718433163,5.15e-05,9.718428612,237.8630523,237.8630523,0,경기도,안양시 만안구,안양동
820,129.0199852,35.0924336,False,False,103.0,52.3288269,0.0,52.3288269,52.3288269,13.301054,74.97762299,9.906804637,3.66e-05,9.906773567,239.3643755,239.3643755,0,부산광역시,서구,남부민동
821,127.9865721,35.31009221,False,False,103.0,68.51394604,7.875220705,62.65153885,77.98339081,6.948569928,209.4826099,9.889420091,3.73e-05,9.889373779,238.7085608,238.7085608,0,경상남도,산청군,신안면
822,126.1038831,35.08940203,False,False,104.0,,,,,,,,,,,,0,전라남도,신안군,임자면
823,127.7288501,35.52637209,False,False,103.0,177.8384247,0.0,177.8384247,177.8384247,4.505812168,103.4158096,9.872034233,3.73e-05,9.87198925,238.5283502,238.5283502,0,경상남도,함양군,함양읍
824,128.6965963,35.22739304,False,False,101.0,48.15943078,1.816648761,45.12775421,49.63907242,1.93887656,243.4173563,9.896049937,1.05e-06,9.896048546,239.154817,239.154817,0,경상남도,창원시 성산구,신월동
825,129.2128916,36.52191259,False,False,104.0,378.4012572,27.92636707,365.8380127,415.8435974,25.36635103,140.4276191,9.79061608,6.44e-07,9.790616035,239.3756737,239.3756737,0,경상북도,영양군,석보면
826,126.8258527,35.56573272,False,False,101.0,24.35304745,1.077791791,22.57024002,24.45246696,0.692039092,208.0218146,9.868847847,0.0,9.868847847,237.958252,237.958252,0,전북특별자치도,정읍시,하모동
827,127.8402343,34.87912835,False,False,103.0,35.43434525,0.0,35.43434525,35.43434525,17.14168167,214.9218597,9.92374897,0.0,9.92374897,238.6583443,238.6583443,0,경상남도,남해군,서면
828,126.9646177,35.98751589,False,False,102.0,5.014829933,0.214159815,4.686778069,5.176938057,0.322024591,194.1301333,9.834602983,1.81e-06,9.834600449,238.0045967,238.0045967,0,전북특별자치도,익산시,임상동
829,126.8971417,37.70373016,False,False,103.0,73.4414069,0.542860938,73.14958954,74.15150452,4.221467999,44.74686962,9.690856934,0.0,9.690856934,237.8089042,237.8089042,0,경기도,고양시 덕양구,고양동
830,127.3136456,36.39462592,False,False,104.0,84.25868988,0.0,84.25868988,84.25868988,2.360695362,213.0846252,9.801164673,4.26e-05,9.801106453,238.1888105,238.1888105,0,대전광역시,유성구,반석동
831,127.0699246,36.18184606,False,False,103.0,6.635795125,0.732045279,6.204400539,7.576900482,1.356124974,312.5107075,9.818689346,0.0,9.818689346,238.0530853,238.0530853,0,충청남도,논산시,등화동
832,126.2645709,34.85643735,False,False,102.0,21.43929417,9.50179988,8.00914669,21.88599396,12.61493659,275.809211,9.925564994,4.2e-05,9.925492287,237.6805357,237.6805357,0,전라남도,신안군,압해읍
833,126.1690855,34.62858167,False,False,101.0,,,,,,,,,,,,0,전라남도,신안군,장산면
834,127.306116,37.43094188,False,False,103.0,41.66890257,7.256480549,36.94042587,50.77684021,5.00207805,144.2500906,9.714185715,0.0,9.714185715,238.0959053,238.0959053,0,경기도,광주시,초월읍
835,128.7544713,35.48203418,False,False,101.0,9.918022401,0.477736634,9.245954514,9.98722744,0.341502497,68.44894635,9.875616938,3.97e-05,9.875548363,239.1694402,239.1694402,0,경상남도,밀양시,삼문동
836,126.7594037,37.32654323,False,False,102.0,5.322906666,0.537409033,4.709867001,5.957780361,0.627862946,220.1777454,9.72306893,3.89e-05,9.723034859,237.7515425,237.7515425,0,경기도,안산시 단원구,신길동
837,127.1633123,36.7822988,False,False,103.0,51.01935859,2.635282556,48.55197906,54.83224487,0.932786059,259.4500113,9.768915673,5.1e-05,9.768912315,238.058638,238.058638,0,충청남도,천안시 동남구,삼룡동
838,126.6847569,36.90287491,False,False,104.0,56.23191777,4.426755232,48.96216583,57.85725403,3.73146317,222.9485392,9.758841515,1.78e-15,9.758841515,237.7409077,237.7409077,0,충청남도,당진시,시곡동
839,128.7071603,35.18835308,False,False,102.0,54.53572526,2.837377194,51.65894699,58.51753616,2.840907141,303.097013,9.899156533,6.48e-07,9.899155617,239.1646915,239.1646915,0,경상남도,창원시 성산구,성주동
840,127.1250414,35.91996074,False,False,102.0,19.2063035,0.177786704,19.14500999,19.51426125,0.244373426,129.5002421,9.840128185,4.17e-05,9.840071678,238.1127316,238.1127316,0,전북특별자치도,완주군,삼례읍
841,127.8805603,34.89484103,False,False,101.0,17.42036353,0.937726762,16.81108093,18.59825897,2.290021701,246.1023645,9.922506333,3.48e-05,9.922472954,238.6816201,238.6816201,0,경상남도,남해군,고현면
842,126.7950069,36.43866068,False,False,103.0,85.85641265,0.613211029,84.66049194,85.98132324,0.379076165,182.9327336,9.797523625,4.37e-05,9.797463417,237.8542001,237.8542001,0,충청남도,청양군,청양읍
843,128.8196874,35.931841,False,False,102.0,104.8942265,2.817811088,100.9462738,107.7807846,2.502972319,9.841988592,9.839143753,0.0,9.839143753,239.1737366,239.1737366,0,경상북도,경산시,하양읍
844,126.3882718,36.48551208,False,False,101.0,0.0,0.0,0.0,0.0,0.0,,9.793616025,5.15e-05,9.793613434,237.589236,237.589236,0,충청남도,태안군,안면읍
845,126.8823093,35.11980747,False,False,102.0,82.99822542,8.203138523,82.78177643,96.909729,6.885358446,346.9429908,9.904630661,0.0,9.904630661,238.0389709,238.0389709,0,광주광역시,서구,풍암동
846,129.3493345,35.64372548,False,False,103.0,55.48276138,0.0,55.48276138,55.48276138,3.731733084,220.9367828,9.862558365,0.0,9.862558365,239.5236359,239.5236359,0,울산광역시,북구,매곡동
847,127.7674554,34.81567939,False,False,101.0,38.79597157,16.18998769,15.0445919,58.50568008,18.02216337,52.54731397,9.9287812,3.87e-05,9.928729057,238.6193628,238.6193628,0,전라남도,여수시,신덕동
848,127.5855209,35.74262052,False,False,104.0,358.4973156,1.777118383,356.6014404,360.8092041,1.893930275,259.3804901,9.85454464,0.0,9.85454464,238.4188843,238.4188843,0,전북특별자치도,장수군,장계면
849,127.7555924,37.04933746,False,False,101.0,141.9249505,3.72420784,141.910965,147.1917572,2.079790702,166.5886846,9.746507128,5.17e-05,9.74650383,238.4151187,238.4151187,0,충청북도,충주시,노은면
850,128.347661,36.14739184,False,False,102.0,39.22205734,0.0,39.22205734,39.22205734,5.62971735,90.08468628,9.821528324,4.74e-05,9.821461678,238.8619803,238.8619803,0,경상북도,구미시,지산동
851,126.7429617,37.35250739,False,False,102.0,7.192431926,0.814252428,6.251021862,8.11031723,1.615075084,199.5267276,9.720870441,3.86e-05,9.720823288,237.7384888,237.7384888,0,경기도,시흥시,정왕동
852,126.7375204,36.92010463,False,False,103.0,26.28112138,2.240116944,23.56892014,27.91825676,3.431797366,142.9438766,9.757372894,4.46e-05,9.757372856,237.7733154,237.7733154,0,충청남도,당진시,송악읍
853,127.6764257,34.74736702,False,False,104.0,6.628255367,0.0,6.628255367,6.628255367,1.744394422,180.614624,9.934173162,3.64e-05,9.934130669,238.5697777,238.5697777,0,전라남도,여수시,웅천동
854,127.9122056,35.57286503,False,False,101.0,361.5022811,2.395863096,360.2763367,364.6609802,15.20608403,177.8910495,9.868274555,3.74e-05,9.868245125,238.6385468,238.6385468,0,경상남도,거창군,신원면
855,127.4756626,36.69087898,False,False,103.0,65.55904697,2.432132301,62.73758698,67.52625275,1.42273096,163.1663453,9.776550293,0.0,9.776550293,238.2658997,238.2658997,0,충청북도,청주시 청원구,오동동
856,128.3004847,35.09278491,False,False,101.0,146.9560882,1.6263131,144.7040558,147.4231415,12.38829407,160.4848883,9.906793161,4.58e-05,9.906727791,238.9223164,238.9223164,0,경상남도,고성군,개천면
857,126.9733137,37.37739244,False,False,102.0,71.98197387,2.009049087,69.99658203,75.17973328,2.753291874,319.6381407,9.718735456,4.62e-05,9.718723297,237.885551,237.885551,0,경기도,의왕시,내손동
858,128.8533336,35.13821897,False,False,101.0,4.969855634,0.385477067,4.587542057,5.35847044,7.103610862,12.2268184,9.903166449,5.01e-07,9.903165817,239.2586237,239.2586237,0,부산광역시,강서구,구랑동
859,128.2637684,36.07137047,False,False,104.0,192.2915561,3.849973882,189.6499176,198.701355,2.29028561,173.358336,9.827757203,4.33e-05,9.827697754,238.815714,238.815714,0,경상북도,김천시,남면
860,128.6654893,37.4452964,False,False,101.0,346.2579041,0.0,346.2579041,346.2579041,0.685435236,212.3524933,9.712971508,5.62e-07,9.712970734,238.9671168,238.9671168,0,강원특별자치도,정선군,북평면
861,128.916221,35.13188967,False,False,103.0,4.238910584,0.507653499,3.524965525,4.314452648,0.386321549,331.1246938,9.903655052,0.0,9.903655052,239.2976685,239.2976685,0,부산광역시,강서구,명지동
862,127.3733153,37.16409713,False,False,101.0,100.3755079,0.545541222,99.78483582,101.2550507,0.584616042,205.350769,9.736824989,0.0,9.736824989,238.1609023,238.1609023,0,경기도,용인시 처인구,백암면
863,128.7490599,36.16624202,False,False,103.0,149.7080058,2.479860256,146.7704315,151.6237488,9.573869715,113.4209608,9.819974899,0.0,9.819974899,239.1117249,239.1117249,0,대구광역시,군위군,의흥면
864,127.4568406,36.30779985,False,False,104.0,77.55775127,2.672684634,74.36121368,79.57483673,2.612862324,222.6447938,9.80831337,0.0,9.80831337,238.2871094,238.2871094,0,대전광역시,동구,가오동
865,127.7269331,36.59323204,False,False,101.0,279.4338074,0.0,279.4338074,279.4338074,3.683950901,240.9996185,9.784676193,4.96e-05,9.784671783,238.4341323,238.4341323,0,충청북도,보은군,산외면
866,129.0379223,35.64655459,False,False,104.0,563.1960657,6.587936508,554.5073853,566.5588989,13.94424823,250.9218714,9.862330903,4.09e-05,9.862276077,239.33131,239.33131,0,경상북도,청도군,운문면
867,127.538489,35.63527711,False,False,103.0,609.6775886,22.50903922,578.6875,616.9527588,14.60293508,80.41166044,9.863232613,0.0,9.863232613,238.3995094,238.3995094,0,전북특별자치도,장수군,장수읍
868,129.0336361,37.14017428,False,False,102.0,625.0904541,0.0,625.0904541,625.0904541,8.462270737,103.8973999,9.738875929,4.38e-05,9.738800049,239.2213906,239.2213906,0,강원특별자치도,태백시,백산동
869,126.8057239,37.62298469,False,False,101.0,6.232949821,1.246276616,4.852595329,7.328866005,0.752447146,265.838058,9.697784328,1.28e-06,9.697782516,237.7560343,237.7560343,0,경기도,고양시 덕양구,토당동
870,127.2197619,37.28270462,False,False,103.0,75.07518172,0.839516802,74.55277252,76.1413269,1.241854176,75.47219071,9.726779751,4.85e-05,9.726770401,238.0524071,238.0524071,0,경기도,용인시 처인구,포곡읍
871,129.0194818,37.09904988,False,False,102.0,569.5713501,0.0,569.5713501,569.5713501,9.239691734,136.8873444,9.742340803,4.21e-05,9.742284775,239.2150757,239.2150757,0,강원특별자치도,태백시,장성동
872,127.4620978,37.37847864,False,False,101.0,230.905382,9.206904057,215.7993774,234.1094818,6.79042591,105.8040274,9.718649876,4.07e-05,9.718624115,238.2006318,238.2006318,0,경기도,여주시,금사면
873,127.039064,35.76843525,False,False,104.0,124.7807302,22.81143255,99.37139893,159.7801514,17.37357947,81.88833236,9.852432005,4.27e-05,9.852416992,238.0726524,238.0726524,0,전북특별자치도,김제시,금구면
874,128.7624632,37.97095635,False,False,104.0,2.47216909,0.687896086,1.588704705,3.429371834,4.371783953,216.6102358,9.667800391,4.25e-05,9.667744637,238.9950124,238.9950124,0,강원특별자치도,양양군,현남면
875,127.2478875,34.54647291,False,False,102.0,55.91450804,9.807784043,42.6068306,65.26955414,10.01209521,250.1174745,9.949969292,0.0,9.949969292,238.3257251,238.3257251,0,전라남도,고흥군,풍양면
876,126.8778192,35.79647402,False,False,101.0,8.518104646,0.442876328,8.422588348,9.13710022,0.756726548,258.5825179,9.850163234,3.75e-05,9.850133896,237.9683859,237.9683859,0,전북특별자치도,김제시,교동
877,126.7537468,35.12962169,False,False,103.0,25.05113783,0.471462694,24.65487099,25.76508904,0.286919656,85.04330697,9.903827154,5.03e-05,9.903824806,237.9574777,237.9574777,0,광주광역시,광산구,용동
878,129.3900351,36.54216362,False,False,103.0,8.878323162,1.162827004,6.997833729,9.165300369,0.213450872,265.1194114,9.788936647,3.78e-05,9.788892746,239.4851323,239.4851323,0,경상북도,영덕군,영해면
879,129.1143486,37.51957943,False,False,104.0,23.78859528,0.963783742,22.43509674,23.94921875,4.802923721,37.14700496,9.706637729,4.51e-05,9.706575394,239.2479113,239.2479113,0,강원특별자치도,동해시,천곡동
880,128.5736001,35.20222978,False,False,101.0,2.442276236,0.271969538,2.071711779,2.697825432,0.342220073,131.4205997,9.898047447,0.0,9.898047447,239.0811462,239.0811462,0,경상남도,창원시 마산합포구,신포동2가
881,128.8444801,35.15223153,False,False,101.0,79.93664039,0.660873265,79.78250885,80.85845947,14.54044329,197.8160718,9.902035192,3.73e-05,9.902007103,239.2518211,239.2518211,0,부산광역시,강서구,지사동
882,129.2140823,35.85339865,False,False,104.0,37.68069164,0.512294287,37.00029373,37.92958832,1.021356951,260.3623472,9.845541705,3.7e-05,9.845498085,239.4244436,239.4244436,0,경상북도,경주시,성건동
883,126.4487576,35.22775495,False,False,101.0,11.57695055,3.031979255,6.966048717,13.02121258,5.196708762,249.2561433,9.896012306,1.78e-15,9.896012306,237.7555745,237.7555745,0,전라남도,영광군,군남면
884,127.0779549,37.86111336,False,False,102.0,95.86984913,3.651078278,93.17401123,100.2736206,5.655197515,260.01152,9.677280426,0.0,9.677280426,237.9138935,237.9138935,0,경기도,양주시,봉양동
885,128.1780329,36.61363086,False,False,104.0,98.55671183,3.377355325,97.66252136,103.2107697,2.895124997,137.4579717,9.783011537,5.07e-05,9.782939911,238.7181061,238.7181061,0,경상북도,문경시,공평동
886,127.3476018,36.30694642,False,False,101.0,64.58966663,8.560921887,59.27254486,75.46656799,5.628404051,87.06545805,9.808394432,0.0,9.808394432,238.2179565,238.2179565,0,대전광역시,서구,도안동
887,126.9573324,34.66057928,False,False,104.0,0.0,0.0,0.0,0.0,0.0,,9.941017055,3.74e-05,9.940968513,238.1339603,238.1339603,0,전라남도,장흥군,안양면
888,126.3788625,36.49913966,False,False,103.0,2.700553831,0.485847158,2.013487816,2.706487894,3.482146154,51.88130153,9.792500496,0.0,9.792500496,237.5820618,237.5820618,0,충청남도,태안군,안면읍
889,128.1659366,35.88475833,False,False,103.0,125.9264493,1.181858896,124.1896744,126.9174194,1.651202445,80.62430936,9.842971156,4.78e-05,9.84296608,238.7701175,238.7701175,0,경상북도,성주군,가천면
890,126.7250539,36.75520516,False,False,104.0,19.57948334,1.902754292,17.16597557,20.76941109,2.685377085,23.18717606,9.771193498,1.34e-06,9.771191597,237.7800162,237.7800162,0,충청남도,예산군,고덕면
891,129.1681623,35.57603675,False,False,101.0,97.15306649,19.21296203,92.9391861,123.9955521,7.963784528,132.9807831,9.868027687,0.0,9.868027687,239.4169617,239.4169617,0,울산광역시,울주군,언양읍
892,129.0080722,37.54182457,False,False,104.0,354.8905394,9.626626247,354.3620911,368.4943848,11.09327759,316.1437357,9.704726933,3.84e-05,9.704684258,239.1790637,239.1790637,0,강원특별자치도,강릉시,옥계면
893,128.3897596,36.02305532,False,False,101.0,27.16779496,0.515370658,26.90205193,27.84646606,0.236344135,265.8958772,9.831683856,4.89e-05,9.831678391,238.8984441,238.8984441,0,경상북도,칠곡군,약목면
894,126.9218684,36.29442904,False,False,101.0,10.38007774,0.743366364,9.328813553,10.38561916,0.344926172,24.06743629,9.809413352,3.58e-05,9.809392929,237.9487512,237.9487512,0,충청남도,부여군,부여읍
895,126.9753115,35.93997067,False,False,101.0,12.20119411,0.091542746,12.19627571,12.33056164,1.587712624,41.96840395,9.838499069,0.0,9.838499069,238.0161854,238.0161854,0,전북특별자치도,익산시,신흥동
896,128.1155132,35.5187462,False,False,104.0,97.60436397,21.17346217,90.47512817,137.9974365,20.78029854,119.5391032,9.872645038,3.58e-05,9.872607231,238.7701972,238.7701972,0,경상남도,합천군,용주면
897,126.7663471,37.41448466,False,False,102.0,19.34745125,6.411111468,8.945431709,20.69461632,1.904589346,209.9016363,9.715594458,1.24e-06,9.715594292,237.7484713,237.7484713,0,경기도,시흥시,방산동
898,128.6198507,35.91781185,False,False,101.0,29.09377889,0.706587438,28.20691109,30.09995842,0.706572903,220.8257585,9.840301514,0.0,9.840301514,239.0505371,239.0505371,0,대구광역시,북구,검단동
899,127.282024,37.23797277,False,False,101.0,166.6760394,11.74247002,148.9438629,172.8178558,7.668737266,179.2842415,9.73057979,4.81e-07,9.730579376,238.09627,238.09627,0,경기도,용인시 처인구,양지읍
900,128.371957,37.5625483,True,False,101.0,550.506929,15.0712931,537.1695557,568.5480957,13.2947672,176.0794426,9.702964031,4.52e-05,9.70290184,238.7714907,238.7714907,0,강원특별자치도,평창군,봉평면
901,126.6334097,37.46347814,False,False,104.0,5.667250581,0.094439359,5.658247471,5.800504208,0.071077407,31.87045148,9.71142422,4.22e-05,9.711368561,237.657918,237.657918,0,인천광역시,중구,신흥동3가
902,126.9114625,37.32522559,False,False,101.0,48.27525601,4.227249701,47.42765427,54.60025787,2.186205329,349.1594244,9.723193169,0.0,9.723193169,237.8499054,237.8499054,0,경기도,군포시,둔대동
903,129.2921447,35.55125494,False,False,102.0,7.569195346,0.096132316,7.471029758,7.663250446,0.447689076,222.5592361,9.87001553,3.79e-05,9.869990349,239.4953062,239.4953062,0,울산광역시,중구,태화동
904,126.4890953,37.63922924,False,False,103.0,0.0,0.0,0.0,0.0,0.0,,9.696372892,4.57e-05,9.696358681,237.5486285,237.5486285,0,인천광역시,강화군,길상면
905,128.110507,35.14988194,False,False,103.0,40.69997419,0.240868585,40.4766655,40.95720673,0.593337467,208.2272018,9.90223616,4e-05,9.902182579,238.8000564,238.8000564,0,경상남도,진주시,가좌동
906,127.4329899,36.713032,False,False,101.0,53.70146902,0.882618477,53.37998581,54.90756989,3.568159855,258.2209421,9.774723891,4.08e-05,9.774670601,238.2369314,238.2369314,0,충청북도,청주시 청원구,오창읍
907,127.6718126,36.02947647,False,False,102.0,254.5647569,18.64178278,244.0034332,278.7203064,6.656549568,91.6137962,9.831186305,4.45e-05,9.831124306,238.4475922,238.4475922,0,전북특별자치도,무주군,무주읍
908,126.9049713,37.411006,False,False,103.0,42.46778509,7.538797555,31.79245567,52.75307083,8.654963592,38.67607084,9.715901524,4.65e-05,9.715836525,237.8383139,237.8383139,0,경기도,안양시 만안구,석수동
909,128.1159961,35.03613476,False,False,102.0,57.61853852,5.676750203,56.44727707,65.56077576,3.550784155,14.34219421,9.911303087,4.7e-05,9.911236763,238.8138346,238.8138346,0,경상남도,사천시,사남면
910,128.7018507,35.33120668,False,False,102.0,5.040403309,0.276786981,4.83678484,5.507661343,0.206783101,244.0038665,9.887731603,4.01e-05,9.887678146,239.149272,239.149272,0,경상남도,창원시 의창구,대산면
911,128.9507144,35.97314703,False,False,101.0,82.90714479,1.139011857,82.77760315,84.51273346,1.078037687,178.6593663,9.835782499,3.81e-05,9.835735321,239.252272,239.252272,0,경상북도,영천시,망정동
912,127.0689523,35.69297003,False,True,104.0,306.0035372,0.042979296,305.9432678,306.0114136,15.98010433,203.9053315,9.858551025,0.0,9.858551025,238.098999,238.098999,0,전북특별자치도,완주군,구이면
913,126.6912362,37.72309481,False,False,103.0,4.926516899,1.054259411,3.150366783,5.328632832,1.453884574,219.2043455,9.689180374,0.0,9.689180374,237.6731262,237.6731262,0,경기도,파주시,문발동
914,127.0407654,36.94965431,False,False,104.0,7.035584917,0.946695801,6.818935394,8.356769562,0.405788412,35.79764269,9.754897118,0.0,9.754897118,237.9655457,237.9655457,0,경기도,평택시,팽성읍
915,127.5397396,35.54418425,False,False,102.0,340.677721,23.95455473,307.2084045,348.3787842,18.06427665,218.3450328,9.870589256,0.0,9.870589256,238.4087219,238.4087219,0,전북특별자치도,장수군,번암면
916,127.7212323,36.48295411,False,False,103.0,151.5144302,0.28121595,151.5071869,151.9120636,0.318553885,190.3831477,9.793852291,4.1e-05,9.793798447,238.4396493,238.4396493,0,충청북도,보은군,보은읍
917,127.6022877,35.00205178,False,False,102.0,38.61846678,6.968557582,28.9626236,40.58983231,4.943831911,93.07383561,9.913985564,4.83e-05,9.913985252,238.4990696,238.4990696,0,전라남도,광양시,옥룡면
918,127.4042984,35.84186178,False,False,103.0,295.2385611,2.057905559,292.4430542,298.0512695,6.406401875,139.1818926,9.846487999,1.78e-15,9.846487999,238.295975,238.295975,0,전북특별자치도,진안군,부귀면
919,126.9479072,35.21825529,False,False,102.0,50.96968043,0.727295418,49.8022728,51.36826706,0.388492833,41.52784158,9.896758251,9.69e-07,9.896757126,238.0699594,238.0699594,0,광주광역시,북구,운정동
920,127.1081107,37.52837737,False,False,102.0,19.26441383,0.0,19.26441383,19.26441383,2.018504858,279.6136169,9.705866627,4.08e-05,9.705842972,237.9602451,237.9602451,0,서울특별시,송파구,풍납동
921,129.2580661,35.30048399,False,False,102.0,0.0,0.0,0.0,0.0,0.0,,9.890173912,0.0,9.890173912,239.4936218,239.4936218,0,부산광역시,기장군,일광읍
922,126.9430926,36.78316399,False,False,101.0,51.03686543,1.011346632,49.43153,51.80015182,1.547349475,49.86981148,9.768849931,4.22e-05,9.768831253,237.9175604,237.9175604,0,충청남도,아산시,신창면
923,127.3433799,35.79525351,False,False,104.0,308.1423343,1.682582385,307.3763733,310.901886,2.203566921,114.9135921,9.850265498,3.69e-05,9.850232124,238.2618929,238.2618929,0,전북특별자치도,진안군,부귀면
924,127.5638076,35.0623392,False,False,103.0,133.7047042,0.081145739,133.6949463,133.819046,10.59154597,80.85272046,9.909195394,4.05e-05,9.909175873,238.4694457,238.4694457,0,전라남도,광양시,봉강면
925,129.0439686,35.3580651,False,False,102.0,9.07623372,0.199769252,8.683852196,9.138259888,0.269681423,86.0427232,9.885568564,3.65e-05,9.885529518,239.3576627,239.3576627,0,경상남도,양산시,북정동
926,128.1207915,36.11658722,False,False,101.0,90.85977198,13.96397964,71.4085083,94.47702026,7.449094669,41.14890999,9.8240333,3.97e-05,9.824009895,238.7222602,238.7222602,0,경상북도,김천시,황금동
927,126.4561256,33.48187164,False,False,104.0,,,,,,,,,,,,0,제주특별자치도,제주시,도평동
928,129.0263085,36.07879034,False,False,103.0,166.6709825,9.356929185,158.2262421,180.3483734,8.132341057,135.1404088,9.827125774,4.46e-05,9.827113152,239.2912396,239.2912396,0,경상북도,영천시,자양면
929,126.4898105,37.67164972,False,False,103.0,0.0,0.0,0.0,0.0,0.0,,9.69359262,4.3e-05,9.693572998,237.5462613,237.5462613,0,인천광역시,강화군,불은면
930,126.1005195,34.74206624,False,False,103.0,,,,,,,,,,,,0,전라남도,신안군,안좌면
931,126.9888167,34.74012563,False,False,104.0,0.0,0.0,0.0,0.0,0.0,,9.934742972,3.45e-05,9.934704781,238.1449789,238.1449789,0,전라남도,장흥군,장동면
932,128.8817701,37.82063628,False,False,103.0,10.76591566,4.854184705,4.522991657,13.6211071,2.450670657,165.4594973,9.680791855,0.0,9.680791855,239.0809784,239.0809784,0,강원특별자치도,강릉시,사천면
933,127.8694561,35.41826754,False,False,101.0,101.4620289,1.967477685,99.6364212,104.5240784,2.558815918,150.4434068,9.880726819,1.35e-06,9.880726814,238.6258564,238.6258564,0,경상남도,산청군,금서면
934,127.1175909,35.24353506,False,False,102.0,105.8557739,1.42e-14,105.8557739,105.8557739,0.600275636,30.29519653,9.894759157,5.19e-05,9.894685745,238.1736755,238.1736755,0,전라남도,곡성군,오산면
935,126.8348808,37.39877834,False,False,102.0,22.23021896,0.066067586,22.16288948,22.29500008,5.497588073,181.1807939,9.716943696,1.99e-06,9.71694088,237.7939264,237.7939264,0,경기도,시흥시,금이동
936,129.0402361,35.10417126,False,False,103.0,3.334997876,1.263111478,2.652509212,5.701149464,0.617301878,47.35623515,9.905860582,1.01e-06,9.905859947,239.3758695,239.3758695,0,부산광역시,중구,중앙동4가
937,127.4095963,34.52496428,False,False,104.0,0.0,0.0,0.0,0.0,0.0,,9.951655471,4.66e-05,9.951651573,238.42777,238.42777,0,전라남도,고흥군,포두면
938,129.160289,35.16169221,False,False,103.0,3.616716899,0.345586295,2.97234726,3.778026819,0.328942877,237.3061991,9.901293387,3.94e-05,9.901240349,239.4449173,239.4449173,0,부산광역시,해운대구,우동
939,127.636942,34.91086188,False,False,104.0,11.12508103,0.915499224,9.926005363,12.26140785,1.455129548,146.6391141,9.92122351,4.49e-05,9.921216011,238.5295507,238.5295507,0,전라남도,광양시,황금동
940,127.4773707,37.50065104,False,False,104.0,33.10002976,0.004922488,33.09743881,33.10649109,0.660546291,214.8760267,9.708250999,0.0,9.708250999,238.2010803,238.2010803,0,경기도,양평군,양평읍
941,126.8564398,35.03211427,False,False,101.0,19.81951499,1.066575755,18.36981392,20.23608971,1.835807561,66.09061432,9.911606789,0.0,9.911606789,238.0320282,238.0320282,0,전라남도,나주시,남평읍
942,129.4034842,35.972359,False,False,102.0,21.12021445,0.104553123,21.04583168,21.24800301,0.854470244,33.49300874,9.835835136,3.9e-05,9.835811615,239.5331311,239.5331311,0,경상북도,포항시 남구,오천읍
943,126.1163112,34.83956768,False,False,102.0,,,,,,,,,,,,0,전라남도,신안군,암태면
944,128.5144241,35.40289277,False,False,103.0,13.00731945,0.0,13.00731945,13.00731945,1.679737687,264.4041138,9.881967545,0.0,9.881967545,239.0275879,239.0275879,0,경상남도,창녕군,도천면
945,129.4254181,35.96449719,False,False,102.0,38.1629223,5.071401464,31.45446968,38.80587387,4.698230655,216.0289213,9.836499138,4.99e-05,9.836428642,239.547301,239.547301,0,경상북도,포항시 남구,오천읍
946,129.0793697,35.06148031,False,False,104.0,7.028557609,1.294582198,6.596366882,9.150853157,3.410822081,255.7338108,9.909276009,0.0,9.909276009,239.4034729,239.4034729,0,부산광역시,영도구,동삼동
947,128.8221848,35.95064914,False,False,104.0,98.9863659,1.40183064,97.60274506,101.0812988,3.03798524,93.79153197,9.837601662,0.0,9.837601662,239.1738892,239.1738892,0,경상북도,경산시,와촌면
948,128.7848194,35.84846251,False,False,101.0,44.8866829,0.122775659,44.71097565,45.0063858,0.30843848,69.79126373,9.845943451,0.0,9.845943451,239.1587524,239.1587524,0,경상북도,경산시,압량읍
949,128.0554606,34.9890921,False,False,104.0,30.52166541,0.583274112,30.22768211,31.29237366,1.518585474,234.9869725,9.915013218,4.08e-05,9.91501236,238.7808273,238.7808273,0,경상남도,사천시,노룡동
950,127.5375441,36.96790761,False,False,102.0,103.0446553,0.728485888,101.7838211,103.5608673,0.561809298,124.7515714,9.75338459,0.0,9.75338459,238.2822468,238.2822468,0,충청북도,음성군,대소읍
951,127.4033178,36.27577276,False,False,101.0,74.40396803,1.416654542,72.75513458,75.54202271,1.145900439,258.5883925,9.810967036,4.03e-05,9.810914993,238.2560846,238.2560846,0,대전광역시,중구,무수동
952,128.6380105,35.25602474,False,False,101.0,12.71114005,0.652351574,12.51247597,13.61206055,0.463062745,186.1774588,9.893758273,4.47e-05,9.893695831,239.1162809,239.1162809,0,경상남도,창원시 의창구,도계동
953,128.6940166,35.1713891,False,False,103.0,238.1650438,19.79452929,234.0744019,271.2345581,15.14849378,56.64380428,9.900514603,0.0,9.900514603,239.1578674,239.1578674,0,경상남도,창원시 성산구,안민동
954,127.8384545,35.19139415,False,False,104.0,140.1223236,9.826044585,137.1366272,153.6939087,14.7365515,58.71343929,9.898928032,5.08e-05,9.898856163,238.6277141,238.6277141,0,경상남도,하동군,옥종면
955,127.0640034,35.87314359,False,False,101.0,11.46009401,0.628294853,11.32602024,12.30436134,0.374159969,168.1642722,9.843919247,4.5e-05,9.843906403,238.0783645,238.0783645,0,전북특별자치도,전주시 덕진구,반월동
956,128.3000723,36.05817472,False,False,102.0,124.0198126,12.53558625,111.282074,138.5487671,15.22845001,40.00501496,9.828824163,5.96e-07,9.828824043,238.8394109,238.8394109,0,경상북도,김천시,남면
957,128.0995616,35.07680856,False,False,102.0,17.61335984,0.62976034,16.72858429,17.71518517,1.344167429,239.6278279,9.908066616,4.73e-05,9.907999992,238.7997732,238.7997732,0,경상남도,사천시,사천읍
958,126.9625824,34.63846673,False,False,101.0,0.0,0.0,0.0,0.0,0.0,,9.94274044,1.78e-15,9.94274044,238.139308,238.139308,0,전라남도,장흥군,안양면
959,127.4366396,35.31191987,False,False,103.0,116.1923857,1.23413069,114.1892776,116.804718,1.172592784,263.9148789,9.889277216,3.94e-05,9.889225006,238.3660845,238.3660845,0,전라남도,구례군,산동면
960,127.5823979,35.6992634,False,False,104.0,386.4150387,2.608685213,384.4787903,389.5553284,3.937367886,229.3354597,9.858052254,1.78e-15,9.858052254,238.4209167,238.4209167,0,전북특별자치도,장수군,계남면
961,129.2653526,35.56296845,False,False,104.0,20.44223001,5.012937409,13.38263607,21.09124184,6.404803965,81.59679151,9.869084865,4.78e-07,9.869084358,239.4779568,239.4779568,0,울산광역시,중구,다운동
962,126.7850124,36.76926518,False,False,102.0,5.355039979,0.239540246,5.182360172,5.792005062,0.147698335,179.3606473,9.770031929,0.0,9.770031929,237.8175049,237.8175049,0,충청남도,당진시,합덕읍
963,128.7908723,35.29188466,False,False,104.0,17.89953018,2.563752592,15.57679272,21.00671387,3.457269515,201.0285664,9.890859144,5.09e-05,9.89085865,239.207331,239.207331,0,경상남도,김해시,한림면
964,127.1040923,37.33525734,False,True,104.0,61.51119995,0.0,61.51119995,61.51119995,1.269903064,105.9287567,9.722343338,4.53e-05,9.722281456,237.9733759,237.9733759,0,경기도,용인시 수지구,죽전동
965,127.1261729,36.46031277,False,False,104.0,40.21122429,15.9370058,19.10826111,56.90576935,12.64774579,207.7449168,9.795704611,4.83e-05,9.795697212,238.0635466,238.0635466,0,충청남도,공주시,산성동
966,128.5201698,35.80908462,False,False,102.0,34.40392817,1.071267437,32.82893753,34.6506424,0.944539175,268.2261051,9.849138023,3.76e-05,9.849108696,238.9972014,238.9972014,0,대구광역시,달서구,진천동
967,126.7826019,36.63955585,False,False,102.0,41.81865912,0.101316087,41.69255829,41.88669205,4.6466177,78.89854711,9.780853938,4.98e-05,9.780783653,237.8277831,237.8277831,0,충청남도,예산군,응봉면
968,128.9417972,35.22045334,False,False,102.0,6.467625542,2.097524549,3.634829998,8.732666969,1.358523353,178.8172696,9.896593712,3.68e-05,9.896551132,239.3061729,239.3061729,0,부산광역시,강서구,강동동
969,128.5614436,35.56189186,False,False,101.0,145.5408156,10.2263378,137.7933807,164.4276581,3.099596118,165.6083058,9.869147879,4.15e-05,9.869146347,239.043359,239.043359,0,경상남도,창녕군,고암면
970,126.9363861,37.57976267,True,False,104.0,26.36065366,2.111720323,25.65084648,30.23140144,3.151478663,282.1044437,9.701489859,4.39e-05,9.701430321,237.8445029,237.8445029,0,서울특별시,서대문구,연희동
971,126.6705529,35.44591697,False,False,103.0,26.28605202,0.71334323,26.25051498,27.51740837,1.073696954,230.7525232,9.878520012,0.0,9.878520012,237.8724365,237.8724365,0,전북특별자치도,고창군,고창읍
972,128.0433246,37.80637251,True,False,103.0,204.817768,13.51102369,188.3916168,214.5787659,12.87185904,170.694587,9.682000142,4.79e-05,9.681988716,238.5430822,238.5430822,0,강원특별자치도,홍천군,내촌면
973,127.6693462,34.99174104,False,False,101.0,56.82307776,14.23796948,52.97130203,77.91804504,9.214768583,207.1973478,9.91482432,3.71e-05,9.914778709,238.5416577,238.5416577,0,전라남도,광양시,옥곡면
974,128.1165567,38.14761143,False,False,101.0,0.0,0.0,0.0,0.0,0.0,,9.65243141,4.85e-05,9.652420998,238.5669027,238.5669027,0,강원특별자치도,인제군,인제읍
975,126.5904766,34.56965655,False,False,103.0,25.45135311,0.736691367,24.35321236,25.9613533,0.741873246,251.43848,9.948161431,1.15e-06,9.948161125,237.915834,237.915834,0,전라남도,해남군,해남읍
976,129.0635594,35.31916523,False,False,103.0,47.08999997,2.890364701,43.00296402,47.15747833,2.697509065,243.0072068,9.88867862,4.05e-05,9.888660431,239.3729096,239.3729096,0,경상남도,양산시,동면
977,128.1554027,36.41162544,False,False,103.0,58.82487033,0.260275353,58.58511734,59.10416412,0.339385292,49.38929822,9.799752235,1.78e-15,9.799752235,238.719854,238.719854,0,경상북도,상주시,낙양동
978,128.9057865,35.24636567,False,False,101.0,27.79418917,6.609261867,26.49467659,37.05031967,6.025515789,116.785465,9.894503371,4.78e-05,9.894497871,239.2819141,239.2819141,0,경상남도,김해시,삼방동
979,127.425855,36.51009594,False,False,102.0,45.71828288,1.273863181,45.63692856,47.51795959,1.058298987,253.8377259,9.791608913,4.9e-05,9.791540146,238.2498146,238.2498146,0,충청북도,청주시 서원구,현도면
980,128.6055659,36.57734906,False,False,101.0,95.9366616,2.05585133,93.62783813,99.32759094,4.899530146,213.68755,9.786007015,3.9e-05,9.785979271,238.9908254,238.9908254,0,경상북도,안동시,풍산읍
981,128.6430738,35.9236735,False,False,103.0,32.11341866,0.186294256,31.9078083,32.41260147,2.436999233,266.2832121,9.839804649,0.0,9.839804649,239.0646057,239.0646057,0,대구광역시,동구,봉무동
982,130.8720659,37.46758658,False,False,102.0,,,,,,,,,,,,0,경상북도,울릉군,울릉읍
983,128.0793956,35.91870875,False,False,104.0,260.5809864,2.854338107,257.0606384,262.5562439,16.30035245,171.2426546,9.840209961,0.0,9.840209961,238.7129874,238.7129874,0,경상북도,성주군,금수강산면
984,126.6866294,36.17035976,False,False,103.0,54.11039352,0.0,54.11039352,54.11039352,4.602159023,182.3810577,9.819627586,3.68e-05,9.819592476,237.8105613,237.8105613,0,충청남도,서천군,판교면
985,128.1763918,35.8432693,False,False,102.0,202.4819169,5.009228579,194.3171844,203.6626129,4.737875684,109.1283599,9.846346933,5.12e-05,9.846345901,238.7801132,238.7801132,0,경상북도,성주군,수륜면
986,129.3697745,36.05142444,False,False,102.0,3.720187187,0.0,3.720187187,3.720187187,3.739145756,182.2182007,9.829364508,3.92e-05,9.829356194,239.5066589,239.5066589,0,경상북도,포항시 북구,학산동
987,128.7616878,35.54158966,False,False,104.0,26.55180954,0.509274403,25.6103344,26.7219677,0.310530291,72.85100271,9.870809535,3.98e-05,9.870757103,239.1688101,239.1688101,0,경상남도,밀양시,상동면
988,128.1662835,35.86433102,False,False,102.0,148.9346596,3.112621326,144.8136444,150.4819336,11.95938733,218.4596147,9.844653232,6.06e-07,9.84465313,238.7718331,238.7718331,0,경상북도,성주군,가천면
989,127.4590267,37.71655166,True,False,104.0,55.31765046,4.862974096,53.26133728,64.80876923,4.666209063,189.3849457,9.689733345,4.47e-05,9.689717293,238.1724909,238.1724909,0,경기도,가평군,청평면
990,127.1192927,37.33138357,False,False,101.0,61.05644509,1.300651633,60.91049957,62.89004517,1.097626958,239.2976414,9.722660065,1.78e-15,9.722660065,237.9837443,237.9837443,0,경기도,용인시 수지구,죽전동
991,129.1786455,35.99464533,False,False,101.0,42.0518014,0.68194625,41.22624588,42.47814178,0.410969095,157.7458219,9.834014227,3.9e-05,9.833989143,239.3922333,239.3922333,0,경상북도,경주시,안강읍
992,127.7184349,34.96232348,False,False,104.0,35.27433378,4.140585184,29.4187851,35.31229401,8.770789108,74.97554003,9.917146683,0.0,9.917146683,238.574813,238.574813,0,전라남도,광양시,광영동
993,127.3021128,37.67092631,False,False,104.0,154.8675501,5.977799869,153.7474518,165.1551514,2.956697261,165.1360543,9.69367981,0.0,9.69367981,238.0742213,238.0742213,0,경기도,남양주시,화도읍
994,128.3926866,34.80317958,False,False,103.0,0.0,0.0,0.0,0.0,0.0,,9.929748535,1.78e-15,9.929748535,239.0050154,239.0050154,0,경상남도,통영시,산양읍
995,128.1842631,36.12322007,False,False,101.0,71.85363907,0.682480499,70.7299881,72.21920776,1.300516429,225.6105408,9.823509257,4.49e-05,9.823446274,238.7616204,238.7616204,0,경상북도,김천시,율곡동
996,126.7339242,35.22035702,False,False,103.0,28.17523258,0.449161848,27.54085732,28.20780182,0.978742342,86.19812498,9.896596579,3.59e-05,9.89656353,237.9358113,237.9358113,0,광주광역시,광산구,사호동
997,126.5220202,37.52382381,False,False,102.0,9.694071855,1.762658238,9.192444801,12.32940674,1.394142688,20.33050873,9.706277002,3.99e-05,9.706209183,237.5803394,237.5803394,0,인천광역시,중구,운북동
998,126.4532444,34.82753813,False,False,103.0,15.14856382,7.132955336,13.45234108,25.092453,2.787064222,222.8147079,9.927847754,3.96e-05,9.927779198,237.8019163,237.8019163,0,전라남도,무안군,삼향읍
999,127.7248004,37.40086104,False,False,104.0,147.2124873,1.247295201,145.2957153,148.6858063,3.396322641,71.74996273,9.716739846,3.76e-05,9.716723442,238.3681413,238.3681413,0,경기도,양평군,양동면
1000,127.6704564,34.90996293,False,False,104.0,4.644261426,0.448266357,4.169108868,5.256676674,0.224321179,99.41505881,9.921292101,4.94e-05,9.921289444,238.5503518,238.5503518,0,전라남도,광양시,도이동
1001,129.4142003,35.9946495,False,False,104.0,5.486602697,2.328245639,5.29291153,9.510160446,1.530885855,7.180883523,9.834020852,3.67e-05,9.833984375,239.5380476,239.5380476,0,경상북도,포항시 남구,일월동
1002,129.0074344,35.22394724,False,False,104.0,10.25762117,1.484558629,10.16054058,12.3548584,1.449391057,331.5035303,9.896326842,5.08e-05,9.896254539,239.3460893,239.3460893,0,부산광역시,북구,화명동
1003,126.9987927,36.80986347,False,False,104.0,10.13208008,0.0,10.13208008,10.13208008,1.101234078,27.8018074,9.766623497,0.0,9.766623497,237.951004,237.951004,0,충청남도,아산시,염치읍
1004,128.5388768,35.86680783,False,False,104.0,54.08148933,1.113524465,52.51677704,54.2591095,1.733583616,232.9474409,9.844430789,5.04e-05,9.844428062,239.0043232,239.0043232,0,대구광역시,서구,중리동
1005,128.4000748,38.5612924,False,False,103.0,,,,,,,,,,,,0,강원특별자치도,고성군,현내면
1006,126.784911,35.20064975,False,False,103.0,44.8834408,0.149222333,44.67974854,44.93861389,0.670689222,62.74299353,9.898187379,4.55e-05,9.898123741,237.9697144,237.9697144,0,광주광역시,광산구,진곡동
1007,127.9081873,37.29603469,False,False,103.0,154.3804519,3.319023421,151.2045593,158.3008728,6.441942588,116.8139579,9.725653648,0.0,9.725653648,238.4937155,238.4937155,0,강원특별자치도,원주시,흥업면
1008,126.6830308,37.55105619,False,False,103.0,29.78767756,0.275933227,29.32103539,29.89081192,0.807165224,307.7465518,9.703947067,1.78e-15,9.703947067,237.6824001,237.6824001,0,인천광역시,서구,공촌동
1009,129.4440636,36.82623175,False,False,102.0,2.474434995,1.607545088,1.284672379,4.41166687,6.084172612,70.89096252,9.765250408,4.01e-05,9.76522541,239.5002236,239.5002236,0,경상북도,울진군,기성면
1010,127.5690811,36.99789854,False,False,104.0,155.1955723,3.182759906,152.5250092,158.8188324,6.778644463,106.7601439,9.750861929,4.14e-05,9.750807762,238.2999609,238.2999609,0,충청북도,음성군,금왕읍
1011,127.134031,36.90144964,False,False,101.0,32.66909928,3.640391338,30.85023308,39.22423172,3.199457741,265.4796333,9.758955956,0.0,9.758955956,238.0297089,238.0297089,0,충청남도,천안시 서북구,성환읍
1012,129.3170429,35.5576744,False,False,102.0,9.152679954,2.45883891,7.2525177,13.12142277,1.770050402,159.4194247,9.86951106,4.82e-07,9.869510651,239.5101454,239.5101454,0,울산광역시,중구,교동
1013,129.0485488,35.90281135,False,False,102.0,125.8126409,6.645621876,116.5922318,127.6327057,4.811382249,113.0065388,9.841498322,5.13e-05,9.841497421,239.3181616,239.3181616,0,경상북도,경주시,서면
1014,127.4814408,37.24380753,False,False,102.0,96.05278599,3.481029988,94.05587006,102.6482925,2.080451528,237.4910219,9.7301054,0.0,9.7301054,238.2239249,238.2239249,0,경기도,이천시,대월면
1015,127.6152571,35.48773742,False,False,102.0,432.8088989,3.812386602,430.1924133,439.8995972,3.114667801,326.8354752,9.875147864,3.74e-05,9.875100136,238.4610198,238.4610198,0,전북특별자치도,남원시,인월면
1016,128.7360513,35.30880657,False,False,104.0,7.205183659,0.148375583,7.091089249,7.381289005,0.181806343,167.9595494,9.889512312,5.28e-07,9.889512062,239.1721162,239.1721162,0,경상남도,김해시,진영읍
1017,126.917248,36.32200952,False,False,101.0,10.12492899,1.698913929,7.972604275,11.19269085,1.488148001,155.516836,9.807164149,5.06e-05,9.807092667,237.943221,237.943221,0,충청남도,청양군,청남면
1018,128.9358179,35.92666554,False,False,104.0,70.72293908,0.544640621,69.95531464,70.78633881,2.341217049,238.0120091,9.8395572,4.47e-05,9.839547157,239.24644,239.24644,0,경상북도,영천시,도남동
1019,128.1682556,36.99891988,False,False,102.0,170.0225786,6.005927566,169.0185852,178.4566956,6.989390783,255.8338716,9.750758919,4.1e-05,9.750736237,238.6821105,238.6821105,0,충청북도,제천시,청풍면
1020,128.3296124,35.4915501,False,False,103.0,50.68204749,20.18271789,36.79950333,86.67377472,13.32791814,141.6288638,9.874819913,4.07e-05,9.874816895,238.9052901,238.9052901,0,경상남도,의령군,부림면
1021,127.0074923,37.64598584,False,False,102.0,59.61038371,2.444819395,57.91878128,62.6258049,3.197942694,95.4655951,9.695805404,3.87e-05,9.695764542,237.8852671,237.8852671,0,서울특별시,강북구,수유동
1022,129.1014915,37.39463954,False,False,103.0,52.22686286,26.17641689,47.46504974,88.93836975,16.22609222,105.0391814,9.717277767,3.92e-05,9.717245102,239.2475971,239.2475971,0,강원특별자치도,삼척시,미로면
1023,128.1955751,35.08467899,False,False,101.0,44.92061996,0.0,44.92061996,44.92061996,8.501379013,244.34198,9.907419114,3.77e-05,9.907395363,238.8585001,238.8585001,0,경상남도,고성군,영오면
1024,128.1128159,36.7312386,False,False,101.0,157.6551009,1.004250684,155.673233,157.9802856,0.864514295,152.5429119,9.773210479,4.65e-05,9.773145676,238.6676849,238.6676849,0,경상북도,문경시,문경읍
1025,126.7069233,35.51732333,False,False,103.0,27.3003787,0.807166666,26.79820251,28.32549095,2.25780552,137.6915547,9.872761726,0.0,9.872761726,237.8883209,237.8883209,0,전북특별자치도,고창군,흥덕면
1026,127.6921187,35.10435422,False,False,103.0,31.17865181,0.0,31.17865181,31.17865181,8.419427872,130.2991943,9.905868913,4.27e-05,9.905810356,238.54512,238.54512,0,전라남도,광양시,다압면
1027,127.2880287,37.53115625,False,False,102.0,35.63303112,0.825055627,34.75276184,36.39890289,2.227432048,213.4878319,9.705648422,0.0,9.705648422,238.0763971,238.0763971,0,경기도,남양주시,조안면
1028,128.6554009,35.34073447,True,False,104.0,18.63801326,3.629563407,18.39225197,23.76510429,1.664631369,326.4659094,9.886962664,3.71e-05,9.886918068,239.1199244,239.1199244,0,경상남도,창원시 의창구,동읍
1029,129.2466323,35.34350205,False,False,104.0,32.56754015,0.428153371,32.56056976,33.17300034,1.891703583,130.5208522,9.886744455,3.97e-05,9.886692047,239.4834247,239.4834247,0,부산광역시,기장군,장안읍
1030,126.8216842,37.46674649,False,False,102.0,21.05870149,0.485345385,20.37379074,21.10361862,1.499419717,63.1354431,9.711123951,4.46e-05,9.711110115,237.7796618,237.7796618,0,경기도,부천시 소사구,옥길동
1031,126.6953568,35.61600689,False,False,101.0,5.82695681,0.851085581,4.681276321,6.195887089,1.359402509,218.112698,9.864784917,3.93e-05,9.864762306,237.8707373,237.8707373,0,전북특별자치도,부안군,보안면
1032,127.1244206,36.76360751,False,True,102.0,121.8211392,13.25440978,104.4306641,128.8161469,4.239584495,261.2887721,9.770503998,0.0,9.770503998,238.0355928,238.0355928,0,충청남도,천안시 동남구,신방동
1033,127.0273259,37.92699899,False,False,103.0,116.7274017,1.42e-14,116.7274017,116.7274017,7.985108852,93.71318054,9.671610832,1.78e-15,9.671610832,237.8756004,237.8756004,0,경기도,동두천시,안흥동
1034,128.9219389,36.0361964,False,False,101.0,99.95330745,3.097860851,96.44077301,102.5716248,2.947097964,220.6631727,9.830624459,5.94e-07,9.830623627,239.2296028,239.2296028,0,경상북도,영천시,화남면
1035,126.7732435,37.77927349,False,False,101.0,14.94002823,1.234530301,13.1620636,16.62265205,2.557799251,275.0788163,9.684333515,4.97e-05,9.684326172,237.7220517,237.7220517,0,경기도,파주시,야동동
1036,126.8098562,36.76281338,False,False,102.0,24.70750249,3.609935433,19.6030941,24.79851151,1.526448943,16.45663864,9.770546913,0.0,9.770546913,237.8339386,237.8339386,0,충청남도,예산군,신암면
1037,128.4884647,37.29638127,True,False,101.0,432.0787279,12.97260856,416.5509338,441.8493347,21.44354796,60.46461097,9.72563839,0.0,9.72563839,238.8645325,238.8645325,0,강원특별자치도,영월군,북면
1038,126.9841627,37.9920631,False,False,103.0,32.09855623,1.348753435,30.20856667,32.93889618,6.120313928,237.4448694,9.665956865,4.04e-05,9.665927887,237.8423078,237.8423078,0,경기도,파주시,적성면
1039,129.2797329,35.41201614,False,False,103.0,0.0,0.0,0.0,0.0,0.0,,9.881228716,9.91e-07,9.881227493,239.4983856,239.4983856,0,울산광역시,울주군,온양읍
1040,126.7314488,37.38195068,False,False,102.0,9.936556826,1.703222682,9.053212166,12.17745781,0.735275241,53.97163996,9.718375206,1.78e-15,9.718375206,237.7285484,237.7285484,0,경기도,시흥시,배곧동
1041,129.0719236,35.37913303,False,False,101.0,283.4002686,0.0,283.4002686,283.4002686,12.86256218,302.59198,9.88389145,4.92e-05,9.883821487,239.3732161,239.3732161,0,경상남도,양산시,상북면
1042,127.4904598,35.68110454,False,False,102.0,588.161973,11.89853398,574.3320923,597.7476196,18.71064965,115.58585,9.859511375,0.0,9.859511375,238.364871,238.364871,0,전북특별자치도,장수군,천천면
1043,127.0470227,37.69687222,False,False,101.0,30.61458397,0.0,30.61458397,30.61458397,0.700017869,40.50443268,9.691420197,5.35e-05,9.691418648,237.9068858,237.9068858,0,경기도,의정부시,호원동
1044,128.9182432,35.11247846,False,False,104.0,6.375923014,1.397548958,4.464492798,6.87863636,0.320798137,135.7715807,9.905218506,3.95e-05,9.905166626,239.3004282,239.3004282,0,부산광역시,강서구,명지동
1045,126.5265941,37.75691015,False,False,102.0,0.0,0.0,0.0,0.0,0.0,,9.686263084,0.0,9.686263084,237.5630314,237.5630314,0,경기도,김포시,월곶면
1046,126.5820569,37.5799288,False,False,102.0,5.402891791,1.310178443,3.562627792,5.618677616,0.768493445,255.8910737,9.701465848,9.84e-07,9.701464653,237.6143236,237.6143236,0,,,
1047,126.7284303,37.73721892,False,False,101.0,13.01812107,0.333857369,12.98862743,13.4893446,0.480163923,337.7319475,9.68797953,4.48e-05,9.687918663,237.6962688,237.6962688,0,경기도,파주시,다율동
1048,128.9888115,35.14632891,False,False,101.0,2.926617325,0.024420052,2.901579618,2.95040369,0.487862338,178.2424963,9.90250206,0.0,9.90250206,239.3410645,239.3410645,0,부산광역시,사상구,학장동
1049,127.8949004,37.06862608,False,False,101.0,83.36373449,6.68390307,75.13047791,88.75888062,4.700050302,312.5801803,9.744891928,3.96e-05,9.744864464,238.5027686,238.5027686,0,충청북도,충주시,엄정면
1050,127.1591392,36.87824388,False,False,104.0,40.05249474,1.703451752,38.03629684,41.37099457,1.456220217,188.4180499,9.760914803,0.0,9.760914803,238.0476227,238.0476227,0,충청남도,천안시 서북구,성거읍
1051,127.4936047,37.31707505,False,False,101.0,76.20894559,8.346445482,64.62397766,78.47054291,5.089921587,88.96260086,9.723879872,3.89e-05,9.723834038,238.2258301,238.2258301,0,경기도,이천시,백사면
1052,128.8251501,35.93776391,False,False,101.0,82.00783571,0.417187876,81.93481445,82.59329224,2.824564167,186.1496697,9.838658908,3.87e-05,9.838634491,239.1768086,239.1768086,0,경상북도,경산시,하양읍
1053,128.5005928,37.91938577,False,False,102.0,316.1176562,25.56824172,310.6033325,363.6576843,11.78892319,61.29271117,9.672265065,4.25e-05,9.672208786,238.8297758,238.8297758,0,강원특별자치도,양양군,서면
1054,127.2672097,35.12488339,False,False,104.0,62.05509564,2.790135293,58.52330399,63.81468582,6.01073131,26.57426736,9.90423584,4.24e-05,9.904162407,238.2790118,238.2790118,0,전라남도,곡성군,목사동면
1055,128.7353761,36.77238065,False,False,104.0,189.6609708,6.696470791,184.7224274,202.0299683,6.781465943,198.9051755,9.769774152,4.57e-05,9.769710541,239.0580807,239.0580807,0,경상북도,영주시,평은면
1056,126.5601506,36.20501324,False,False,103.0,13.85990289,3.042422631,9.571382523,14.20813274,3.53510206,102.9988845,9.816781044,0.0,9.816781044,237.7265625,237.7265625,0,충청남도,보령시,웅천읍
1057,128.3063236,34.96658137,False,False,104.0,0.0,0.0,0.0,0.0,0.0,,9.916826835,3.99e-05,9.916772842,238.9374516,238.9374516,0,경상남도,고성군,고성읍
1058,127.729695,36.5867008,False,False,104.0,253.8383636,0.0,253.8383636,253.8383636,7.264038563,139.3404236,9.785235492,3.74e-05,9.785197258,238.4361803,238.4361803,0,충청북도,보은군,산외면
1059,129.0799719,37.41548804,False,False,104.0,50.86344085,6.723358244,50.7900238,60.37142181,4.249233213,51.80666863,9.715518386,4.52e-05,9.715456009,239.2328893,239.2328893,0,강원특별자치도,삼척시,미로면
1060,127.1507511,37.36389676,False,False,102.0,123.3259638,2.809234753,119.3546066,123.4351501,19.68060451,300.0269148,9.719893912,1.08e-06,9.719893456,238.0013505,238.0013505,0,경기도,성남시 분당구,분당동
1061,127.2937081,35.28403176,False,False,103.0,68.62645034,1.874311526,65.74417114,69.00748444,1.489362209,94.32587761,9.891492748,4.15e-05,9.891475677,238.2795495,238.2795495,0,전라남도,곡성군,곡성읍
1062,127.4460511,37.28083772,False,False,104.0,60.5402871,1.592086433,60.37572861,62.83250809,0.881922704,168.1610587,9.726968227,5.1e-05,9.726896286,238.1982684,238.1982684,0,경기도,이천시,창전동
1063,127.2300103,36.1648545,False,False,103.0,59.98820019,1.765166394,57.49217224,60.02653122,4.251602009,325.9609318,9.820066583,4.5e-05,9.820055962,238.1562327,238.1562327,0,충청남도,논산시,양촌면
1064,127.930738,36.96595363,False,False,103.0,113.6316539,0.241428261,113.5291061,113.9573212,2.461361838,60.37038895,9.75352478,0.0,9.75352478,238.5333614,238.5333614,0,충청북도,충주시,지현동
1065,126.944276,36.78287697,False,False,101.0,46.92711248,3.038042176,45.74055862,51.05645752,3.253651952,68.93702265,9.768897224,4.69e-05,9.768831253,237.9183257,237.9183257,0,충청남도,아산시,신창면
1066,126.5926592,34.5656437,False,False,103.0,25.4673153,0.920537802,24.06026459,26.21716499,0.979594704,239.8348257,9.948472623,3.6e-05,9.948443413,237.9176177,237.9176177,0,전라남도,해남군,해남읍
1067,128.1984676,35.50494202,False,False,101.0,164.729212,25.15915599,147.9656219,196.1130981,15.68858948,273.4075715,9.873743065,4.51e-05,9.873732567,238.8227321,238.8227321,0,경상남도,합천군,대양면
1068,127.0958306,34.78794353,False,False,101.0,132.518301,1.264505613,130.436554,132.6478271,0.25401346,170.2029735,9.930969238,0.0,9.930969238,238.2063599,238.2063599,0,전라남도,보성군,보성읍
1069,129.0733619,35.07420435,False,False,101.0,49.4536471,15.50464624,22.8653183,59.52451706,10.30353706,58.34701092,9.90826416,0.0,9.90826416,239.3985748,239.3985748,0,부산광역시,영도구,동삼동
1070,129.322893,35.36016619,False,False,103.0,0.0,0.0,0.0,0.0,0.0,,9.885408401,0.0,9.885408401,239.5289459,239.5289459,0,울산광역시,울주군,서생면
1071,127.2804094,36.36053722,False,False,101.0,124.5854583,0.304212675,124.1590576,124.6426697,0.770610776,36.69887127,9.803959862,4.25e-05,9.803938866,238.1706528,238.1706528,0,대전광역시,유성구,갑동
1072,129.0067645,35.08799998,False,False,103.0,27.48768016,6.52190964,17.03347397,31.72890854,10.22053222,260.1854708,9.907166276,3.77e-05,9.907119751,239.3566371,239.3566371,0,부산광역시,사하구,감천동
1073,126.8704711,36.96871529,False,False,101.0,10.09977119,1.569557761,8.402887344,11.53071785,1.539666496,189.0786372,9.753295898,1.78e-15,9.753295898,237.8544605,237.8544605,0,경기도,평택시,포승읍
1074,127.7294054,34.74550237,False,False,102.0,6.636246681,8.88e-16,6.636246681,6.636246681,9.48073101,250.4996338,9.934318246,3.42e-05,9.934281349,238.6028928,238.6028928,0,전라남도,여수시,연등동
1075,126.8780471,36.04458976,False,False,102.0,32.33598878,2.695115834,29.87714195,35.24826813,2.143837195,99.35253689,9.829923586,3.98e-05,9.829919815,237.9444887,237.9444887,0,전북특별자치도,익산시,웅포면
1076,128.4425637,37.62013716,False,False,103.0,575.1623535,0.0,575.1623535,575.1623535,10.58862591,106.1804428,9.698009093,4.83e-07,9.698008537,238.8126585,238.8126585,0,강원특별자치도,평창군,용평면
1077,128.5553728,36.62253328,False,False,104.0,165.6784195,2.203196871,163.8319702,168.1881561,8.90843869,71.1748699,9.78226877,5.3e-07,9.782268524,238.9556254,238.9556254,0,경상북도,안동시,풍산읍
1078,126.192109,34.40670016,False,False,103.0,,,,,,,,,,,,0,전라남도,진도군,임회면
1079,126.9257595,37.68924786,False,False,101.0,63.63440833,1.022928202,63.20038605,65.0144043,3.56332126,137.1648797,9.692081916,1.07e-06,9.692081451,237.8287858,237.8287858,0,경기도,양주시,장흥면
1080,126.7152272,37.80893947,False,False,103.0,0.0,0.0,0.0,0.0,0.0,,9.68179512,0.0,9.68179512,237.6816406,237.6816406,0,경기도,파주시,탄현면
1081,128.7080289,35.19646099,False,False,103.0,47.87333451,2.45287627,44.32271957,50.02280807,3.00649511,230.0363564,9.89850936,4.98e-07,9.898509026,239.1643285,239.1643285,0,경상남도,창원시 성산구,성주동
1082,126.5870281,33.50827752,False,False,103.0,,,,,,,,,,,,0,제주특별자치도,제주시,도련일동
1083,126.17398,34.98333469,False,False,101.0,,,,,,,,,,,,0,전라남도,신안군,증도면
1084,128.6555479,35.21064585,False,False,104.0,16.19673917,1.547127417,15.7852211,19.14467812,1.347993936,321.152927,9.897386976,4.8e-07,9.897386551,239.1308839,239.1308839,0,경상남도,창원시 성산구,웅남동
1085,129.1471131,35.41490424,False,False,104.0,180.6781332,10.39246563,164.8722076,181.6899567,9.364271757,87.75599607,9.881005287,0.0,9.881005287,239.4165649,239.4165649,0,경상남도,양산시,소주동
1086,128.3571563,34.9155595,False,False,104.0,0.0,0.0,0.0,0.0,0.0,,9.92087841,1.78e-15,9.92087841,238.9733388,238.9733388,0,경상남도,통영시,도산면
1087,126.9481,36.88960934,True,False,101.0,10.36937563,2.068564855,9.60857296,13.54950237,1.751158048,210.5140523,9.759935199,4.6e-05,9.759923935,237.911203,237.911203,0,충청남도,아산시,영인면
1088,126.5519035,36.16520109,False,False,102.0,8.63671991,4.175602931,8.265314102,14.53022289,6.222872288,108.490026,9.820043564,0.0,9.820043564,237.7250835,237.7250835,0,충청남도,서천군,서면
1089,126.8735282,37.44065228,False,False,102.0,56.56797625,1.013464197,56.48602295,57.99888611,8.315460356,66.08315792,9.713370687,4.2e-05,9.713314056,237.8157088,237.8157088,0,경기도,광명시,소하동
1090,127.5416066,35.13420385,False,False,104.0,136.7552984,7.719087936,121.7999573,140.1856842,8.052450889,304.3113964,9.9034922,3.86e-05,9.90342617,238.4488766,238.4488766,0,전라남도,구례군,간전면
1091,129.2572062,35.33209604,False,False,104.0,0.0,0.0,0.0,0.0,17.18096452,88.71874233,9.887644647,5.95e-07,9.887643814,239.490834,239.490834,0,부산광역시,기장군,장안읍
1092,127.3320867,36.63523989,False,False,101.0,44.74327063,0.746009442,43.58082581,45.33675003,1.172708422,152.004896,9.781213077,4.2e-05,9.781140327,238.1794475,238.1794475,0,충청북도,청주시 흥덕구,오송읍
1093,126.3275589,36.75572176,False,False,103.0,0.0,0.0,0.0,0.0,0.0,,9.771162987,0.0,9.771162987,237.5243295,237.5243295,0,충청남도,태안군,태안읍
1094,127.3740168,36.25070715,False,False,103.0,101.1101284,7.834707342,96.36534119,111.1227341,6.260745378,63.48903719,9.813012556,4.17e-05,9.812996864,238.2398856,238.2398856,0,충청남도,금산군,복수면
1095,126.6982409,35.55744515,False,False,102.0,28.27581777,3.214093464,27.28024101,32.80644989,2.653297135,273.8134208,9.869512755,4.04e-05,9.869494438,237.8784906,237.8784906,0,전북특별자치도,고창군,흥덕면
1096,127.1802653,36.98550019,False,False,101.0,20.75616009,1.539549821,19.47795296,23.33478355,1.499326017,287.0580315,9.751904488,0.0,9.751904488,238.0519161,238.0519161,0,경기도,안성시,공도읍
1097,128.8013472,36.20152423,False,False,101.0,405.1588331,9.478818951,395.6903076,420.8607788,8.459117975,302.6618575,9.817058287,5.17e-07,9.81705761,239.1418253,239.1418253,0,경상북도,의성군,가음면
1098,127.9026221,37.41930432,False,False,102.0,99.2864899,6.307373657,88.81782532,101.1822205,5.148628158,187.304792,9.715170512,4.34e-05,9.715151787,238.4807582,238.4807582,0,강원특별자치도,원주시,호저면
1099,129.1781174,35.43165665,False,False,104.0,79.33600693,0.05315072,79.2779007,79.38368988,2.822284586,83.42736128,9.879662514,0.0,9.879662514,239.434433,239.434433,0,경상남도,양산시,용당동
1100,128.6481352,36.77855643,False,False,103.0,182.7433167,0.0,182.7433167,182.7433167,6.429991722,205.3024902,9.76926025,4.34e-05,9.769185066,239.0025723,239.0025723,0,경상북도,영주시,이산면
1101,126.7225344,37.40817386,False,False,101.0,27.56594859,6.638274818,25.93989372,36.81199265,3.228054058,149.5523162,9.716140877,4.52e-05,9.716078758,237.7205386,237.7205386,0,인천광역시,남동구,논현동
1102,126.2400884,34.53187528,False,False,102.0,,,,,,,,,,,,0,전라남도,진도군,진도읍
1103,128.4554153,35.92997888,False,False,102.0,62.34501863,3.070192498,58.01123047,62.61043167,7.3356514,152.7389355,9.839303684,5.14e-07,9.839303017,238.9471665,238.9471665,0,대구광역시,달성군,하빈면
1104,129.3086317,35.55362032,False,False,104.0,9.563448906,0.0,9.563448906,9.563448906,1.897466779,105.1285706,9.869833038,3.66e-05,9.869791985,239.5053446,239.5053446,0,울산광역시,중구,태화동
1105,128.6300308,38.12188317,False,False,103.0,34.12307852,16.62445812,9.05523777,39.22953033,11.21031567,134.4224053,9.654696857,3.81e-05,9.654636383,238.9001723,238.9001723,0,강원특별자치도,양양군,강현면
1106,127.1603645,35.92872603,False,False,104.0,27.43355638,0.30550167,27.36489296,27.87061691,0.370287105,184.8783167,9.839400291,0.0,9.839400291,238.1341175,238.1341175,0,전북특별자치도,완주군,봉동읍
1107,126.5085545,33.50334144,False,False,103.0,,,,,,,,,,,,0,제주특별자치도,제주시,용담이동
1108,128.1150233,36.31787837,False,False,102.0,72.82655479,0.560927212,72.0352478,72.88233948,1.50486566,293.2284882,9.807476044,0.0,9.807476044,238.702179,238.702179,0,경상북도,상주시,청리면
1109,127.4707822,37.27617261,False,False,104.0,46.25784314,1.15327663,44.28328323,46.51016998,0.570222428,276.8028803,9.72735405,0.0,9.72735405,238.2145844,238.2145844,0,경기도,이천시,부발읍
1110,128.580413,35.215798,False,False,104.0,16.72272837,2.233316499,13.56444359,16.74807358,6.771016233,39.91458011,9.896971703,0.0,9.896971703,239.0841675,239.0841675,0,경상남도,창원시 마산합포구,산호동
1111,128.6454325,36.5596986,False,False,101.0,109.6955932,5.52902417,103.5657425,114.5499878,3.178441857,238.1962874,9.787486086,4.1e-05,9.787431717,239.0172644,239.0172644,0,경상북도,안동시,풍산읍
1112,128.6490256,35.3008182,False,False,101.0,21.10269082,3.794014486,19.16504097,26.83093071,3.334316842,212.1151966,9.890166523,5.32e-07,9.890166283,239.119161,239.119161,0,경상남도,창원시 의창구,동읍
1113,126.9310154,35.66300967,True,False,101.0,12.90198561,0.143436316,12.71766567,12.98668575,0.761456539,345.6445196,9.861005448,5.1e-05,9.860933304,238.0149825,238.0149825,0,전북특별자치도,정읍시,태인면
1114,127.5988883,36.71936321,False,False,104.0,94.5817665,4.635687008,86.61849976,95.60458374,4.744558357,7.01782261,9.774191947,3.86e-05,9.77414608,238.3420052,238.3420052,0,충청북도,청주시 청원구,내수읍
1115,128.6806156,35.15719323,False,False,102.0,25.08417142,0.390048619,24.56857681,25.28022766,4.32011873,166.9285368,9.901656151,0.0,9.901656151,239.1508484,239.1508484,0,경상남도,창원시 진해구,경화동
1116,127.012325,37.86549914,False,False,104.0,89.66900635,0.0,89.66900635,89.66900635,4.768018723,132.5334015,9.676913261,0.0,9.676913261,237.8707581,237.8707581,0,경기도,양주시,은현면
1117,127.8610327,35.19816493,False,False,103.0,114.409085,7.411090959,114.0403214,124.883461,20.63333706,171.0632398,9.89835911,9.72e-07,9.898358345,238.6409706,238.6409706,0,경상남도,하동군,옥종면
1118,127.6312474,37.28439921,False,False,104.0,49.18003065,0.640124822,48.98089218,50.06312943,1.00338937,307.1651281,9.726664945,4.97e-05,9.726594925,238.316859,238.316859,0,경기도,여주시,교동
1119,127.927646,35.46403424,False,False,101.0,316.7891976,1.051253762,316.6645508,318.2706604,0.720548791,137.8033593,9.87704277,0.0,9.87704277,238.6582031,238.6582031,0,경상남도,산청군,차황면
1120,128.8108302,35.20517219,False,False,104.0,31.8187315,11.44441662,14.76693249,35.69348526,8.801238204,155.5835825,9.897801399,0.0,9.897801399,239.226944,239.226944,0,경상남도,김해시,무계동
1121,127.4213006,37.29728075,False,False,102.0,83.24188035,0.489164479,82.74028015,83.71828461,3.052856176,55.14934243,9.725555046,3.88e-05,9.725520134,238.1809358,238.1809358,0,경기도,이천시,사음동
1122,128.5566269,35.23298137,False,False,102.0,55.21734619,0.0,55.21734619,55.21734619,3.6692729,42.49491119,9.89558506,0.0,9.89558506,239.0679016,239.0679016,0,경상남도,창원시 마산회원구,회성동
1123,126.8916764,37.14902717,False,False,103.0,38.53889863,3.487540714,32.86631393,40.52154922,3.728961107,118.5094442,9.738096314,4.24e-05,9.73809433,237.8524138,237.8524138,0,경기도,화성시 만세구,팔탄면
1124,128.0033673,36.90869016,False,False,103.0,155.2617024,0.359546082,154.7533569,155.2731781,5.030351581,100.1490697,9.758338853,4.15e-05,9.758316994,238.5840978,238.5840978,0,충청북도,충주시,살미면
1125,127.726088,36.8825516,False,False,101.0,216.3811341,5.713220351,209.3783569,224.2368164,6.393270898,108.4577495,9.760527159,4.51e-05,9.760514259,238.4095914,238.4095914,0,충청북도,음성군,소이면
1126,128.6703043,36.77183219,False,False,101.0,197.407074,2.84e-14,197.407074,197.407074,4.335216045,74.61686707,9.769805908,0.0,9.769805908,239.0170898,239.0170898,0,경상북도,영주시,이산면
1127,127.8931776,35.70122386,False,False,102.0,242.8009526,1.456539032,242.7994537,244.8608093,4.958999076,90.96977696,9.857882465,9.54e-07,9.857881546,238.6153589,238.6153589,0,경상남도,거창군,거창읍
1128,127.7930611,34.66317324,False,False,101.0,0.0,0.0,0.0,0.0,0.0,,9.940817675,4.21e-05,9.940759659,238.6499358,238.6499358,0,전라남도,여수시,돌산읍
1129,127.6652016,38.1834936,False,False,103.0,206.7194937,5.300583922,199.6126404,209.1038208,4.808702619,75.3505741,9.649305344,1.78e-15,9.649305344,238.2715019,238.2715019,0,강원특별자치도,화천군,상서면
1130,126.4611756,36.83677894,False,False,103.0,0.0,0.0,0.0,0.0,0.0,,9.764361559,4.56e-05,9.764351845,237.602962,237.602962,0,충청남도,서산시,성연면
1131,127.0380294,37.46305538,False,False,101.0,27.38567902,1.081834914,27.07396507,28.88353348,1.540431262,111.0818065,9.71146024,4.18e-05,9.711405754,237.9200876,237.9200876,0,서울특별시,서초구,양재동
1132,126.6784229,37.18078784,False,False,102.0,0.0,0.0,0.0,0.0,0.0,,9.735433619,4.01e-05,9.73538208,237.7119139,237.7119139,0,경기도,화성시 만세구,서신면
1133,128.3653382,35.02384387,False,False,101.0,7.71944606,11.27686852,4.584846973,25.72650719,6.194117403,93.73368023,9.912279884,4.37e-05,9.912219048,238.9684182,238.9684182,0,경상남도,고성군,마암면
1134,127.6347718,35.81097249,False,False,104.0,448.4388998,0.916637668,448.1770325,449.7084961,1.551066924,317.2667305,9.848982811,0.0,9.848982811,238.4437538,238.4437538,0,전북특별자치도,장수군,계북면
1135,127.8855516,35.18217646,False,False,103.0,77.57571482,3.14227483,72.76686859,79.34976196,5.110541317,288.3878749,9.899662018,0.0,9.899662018,238.6578369,238.6578369,0,경상남도,하동군,옥종면
1136,127.1264412,37.49515959,False,False,101.0,30.95691389,2.112725503,27.99872017,31.37680435,2.996825635,291.5286084,9.70869788,4.76e-05,9.708685875,237.974853,237.974853,0,서울특별시,송파구,가락동
1137,126.8639552,35.34313457,False,False,101.0,185.3156179,1.042054389,184.6227875,186.6162872,5.576999611,271.552006,9.88675499,0.0,9.88675499,238.0046997,238.0046997,0,전라남도,장성군,북하면
1138,126.9763961,37.4767295,False,False,101.0,28.9530154,4.225218946,22.97998238,29.11982918,4.082019047,102.1171358,9.710274696,0.0,9.710274696,237.8791656,237.8791656,0,서울특별시,동작구,사당동
1139,127.0882612,37.41150439,False,False,104.0,67.52488518,1.174718482,65.86667633,67.62622833,4.101187762,215.132409,9.715845108,0.0,9.715845108,237.9569704,237.9569704,0,경기도,성남시 수정구,금토동
1140,126.6542381,37.39208505,False,False,104.0,7.523977286,0.045535019,7.45963335,7.526572227,0.101031726,296.9700018,9.717500687,0.0,9.717500687,237.6774237,237.6774237,0,인천광역시,연수구,송도동
1141,126.5243245,37.02235759,False,False,102.0,0.0,0.0,0.0,0.0,0.0,,9.748791695,0.0,9.748791695,237.6263885,237.6263885,0,충청남도,당진시,석문면
1142,126.8761286,37.50839086,False,False,103.0,10.08009366,0.155049522,9.86236763,10.10609531,0.803472625,277.4740802,9.707579061,3.88e-05,9.707544327,237.8115492,237.8115492,0,서울특별시,구로구,신도림동
1143,126.6503877,37.41976475,False,False,103.0,26.71449904,7.312658715,26.23811913,39.36883163,7.958601514,174.5103265,9.715126012,5.2e-05,9.71512413,237.6725182,237.6725182,0,인천광역시,연수구,옥련동
1144,128.6032964,36.30731839,False,False,102.0,63.34827578,0.649797308,62.85335541,64.50906372,0.965607754,215.5462581,9.808360118,6.62e-07,9.8083601,239.0095958,239.0095958,0,경상북도,의성군,봉양면
1145,128.5754409,35.15599205,False,False,104.0,34.67412338,5.68444703,26.94477463,36.88388443,8.570830904,28.02252467,9.901724232,4e-05,9.901721001,239.0860718,239.0860718,0,경상남도,창원시 마산합포구,가포동
1146,127.5135718,37.82292754,False,False,103.0,62.55785559,0.053736278,62.49225235,62.59621429,2.822132521,87.74446599,9.680573662,3.86e-05,9.680559158,238.1996854,238.1996854,0,경기도,가평군,가평읍
1147,126.6547704,35.24747059,False,False,101.0,61.7856135,0.806018675,60.5189476,61.8122673,2.576321452,144.9246794,9.894441605,0.0,9.894441605,237.8831787,237.8831787,0,전라남도,장성군,삼계면
1148,128.4313797,38.38640779,False,False,102.0,0.0,0.0,0.0,0.0,0.0,,9.63156414,0.0,9.63156414,238.7552948,238.7552948,0,강원특별자치도,고성군,간성읍
1149,128.4513381,37.44994357,True,False,103.0,399.7870277,1.770211726,398.0150146,402.5716553,1.883272133,225.6169836,9.712576866,0.0,9.712576866,238.829834,238.829834,0,강원특별자치도,평창군,대화면
1150,128.0136468,35.60995974,False,False,102.0,344.4576739,14.16272673,327.4338074,362.9244995,15.92997404,91.03156112,9.865289688,0.0,9.865289688,238.6986694,238.6986694,0,경상남도,합천군,봉산면
1151,126.8707647,37.60392887,False,False,101.0,14.02896901,0.725338699,13.01148796,14.87983322,1.691403724,253.0596376,9.699403993,3.94e-05,9.699373245,237.8000377,237.8000377,0,경기도,고양시 덕양구,화전동
1152,126.6975244,37.79077414,False,False,101.0,0.0,0.0,0.0,0.0,0.0,,9.683359602,1.06e-06,9.683358192,237.6716084,237.6716084,0,경기도,파주시,탄현면
1153,128.6834103,36.79816401,False,False,104.0,199.8254955,2.137442683,198.1578522,203.6661072,3.632299682,95.40686978,9.767617513,4.42e-05,9.76755619,239.0235233,239.0235233,0,경상북도,영주시,이산면
1154,129.0483786,35.1532871,False,False,104.0,25.32111669,15.90167429,18.38509369,46.96882629,11.77320014,82.60821461,9.901961786,3.75e-05,9.901914597,239.3769223,239.3769223,0,부산광역시,부산진구,범천동
1155,127.7131882,34.73389543,False,False,101.0,0.0,0.0,0.0,0.0,0.0,,9.935225906,3.79e-05,9.935202599,238.5939019,238.5939019,0,전라남도,여수시,국동
1156,126.9031888,37.26562351,False,False,101.0,48.35241553,8.511636009,41.5496521,61.13957977,5.67278598,53.7765623,9.728244858,1.3e-06,9.728244781,237.849809,237.849809,0,경기도,화성시 효행구,매송면
1157,127.1035273,36.81073666,False,False,101.0,43.7451276,2.092439989,40.97655487,46.17146683,2.526320064,110.4744996,9.766554408,3.77e-05,9.766515732,238.0177849,238.0177849,0,충청남도,천안시 서북구,불당동
1158,128.2220868,35.1870303,True,False,104.0,30.79608575,1.454054722,30.14249611,32.7457962,4.490055359,100.0928506,9.89927625,4.76e-05,9.899209023,238.8654742,238.8654742,0,경상남도,진주시,진성면
1159,126.8715559,37.45577304,False,False,102.0,40.93449402,0.0,40.93449402,40.93449402,5.89628458,30.77833176,9.71208477,0.0,9.71208477,237.8129272,237.8129272,0,경기도,광명시,하안동
1160,126.8525516,35.41227145,False,False,103.0,96.4108971,2.82274414,92.91578674,100.3116608,4.983995032,242.279456,9.881207285,3.81e-05,9.881184578,237.9904465,237.9904465,0,전라남도,장성군,북하면
1161,129.4256002,35.49240925,False,False,103.0,26.35065335,0.52713802,26.1593399,27.07117271,6.657923839,184.5048438,9.874759423,3.79e-05,9.874735832,239.581636,239.581636,0,울산광역시,동구,화정동
1162,126.7549172,35.10231502,False,False,102.0,23.86741257,0.0,23.86741257,23.86741257,1.37087369,151.2198792,9.906023462,3.72e-05,9.905981064,237.9612192,237.9612192,0,광주광역시,광산구,요기동
1163,129.3254588,36.02576126,False,False,104.0,30.27644548,1.408858709,29.38617325,32.05891037,1.159084269,147.3544381,9.831479368,3.69e-05,9.831439018,239.4808313,239.4808313,0,경상북도,포항시 남구,지곡동
1164,129.0993482,35.57746796,True,False,103.0,101.5923525,1.021062715,101.5619736,103.0360336,1.094426582,185.0885623,9.867895383,4.17e-05,9.867879868,239.3746654,239.3746654,0,울산광역시,울주군,상북면
1165,129.3117294,35.67363764,False,False,101.0,90.82301001,0.692171149,90.26351929,91.62623596,3.334621993,222.9568011,9.860118293,4.33e-05,9.860103607,239.4980456,239.4980456,0,경상북도,경주시,외동읍
1166,127.7878564,35.63112387,False,False,101.0,213.6360821,8.279717459,209.1969299,229.0066528,7.933801034,328.0783449,9.863554895,5e-05,9.863552094,238.5557555,238.5557555,0,경상남도,함양군,안의면
1167,127.1573823,37.07831136,False,False,103.0,60.75169575,2.111268203,57.77108383,60.92736435,4.592070698,43.40533969,9.744091988,0.0,9.744091988,238.0293298,238.0293298,0,경기도,안성시,원곡면
1168,126.7497279,37.55410921,False,False,104.0,14.41688103,0.08729224,14.4002924,14.53921127,0.349349825,205.0054168,9.703678131,0.0,9.703678131,237.7254544,237.7254544,0,인천광역시,계양구,박촌동
1169,128.4732625,36.59047731,False,False,102.0,85.62925283,1.556357967,83.42823029,85.6292572,1.789820738,107.4020075,9.784909403,5.76e-07,9.784909248,238.9062415,238.9062415,0,경상북도,예천군,호명읍
1170,127.0783933,38.09981315,False,False,101.0,54.77678045,0.016366757,54.75389481,54.78024292,0.249447884,221.846275,9.65659188,4.06e-05,9.656582832,237.8951678,237.8951678,0,경기도,연천군,연천읍
1171,129.1577939,35.630542,False,False,104.0,124.1019674,6.790842992,115.3506699,132.6307068,7.730093487,64.02202953,9.863626494,3.49e-05,9.863572121,239.406659,239.406659,0,울산광역시,울주군,두서면
1172,127.6364556,36.7757432,False,False,103.0,76.04664984,2.003980215,75.65126038,78.8529892,1.050420972,51.75140784,9.769482613,0.0,9.769482613,238.3614258,238.3614258,0,충청북도,괴산군,청안면
1173,126.7731822,35.52623102,False,False,102.0,36.08608473,2.320109039,34.18745422,40.18675613,2.564883245,307.8966896,9.872041391,3.69e-05,9.872000694,237.9290753,237.9290753,0,전북특별자치도,정읍시,소성면
1174,128.9460435,35.22256465,False,False,103.0,2.363775969,0.0,2.363775969,2.363775969,1.448861957,343.9644775,9.896411747,5.79e-07,9.896410942,239.308611,239.308611,0,부산광역시,강서구,대저1동
1175,127.4676554,36.98872304,False,False,102.0,94.63832631,0.066287267,94.60774994,94.72694397,3.428605021,261.1765374,9.751641244,5.39e-05,9.75156498,238.2359314,238.2359314,0,충청북도,음성군,대소읍
1176,127.7151497,37.34929087,False,False,102.0,100.0889731,4.062765184,96.34048462,105.9789124,5.214552804,99.33808229,9.721146917,4.09e-05,9.721094131,238.3656918,238.3656918,0,경기도,여주시,북내면
1177,126.8372221,37.53734434,False,False,102.0,12.80231011,0.170336281,12.5669775,12.85376358,0.86881638,242.2253076,9.705098152,1.78e-15,9.705098152,237.7837298,237.7837298,0,서울특별시,강서구,화곡동
1178,127.3357776,36.5994178,False,False,101.0,24.8427809,1.60839883,23.66419601,27.73466873,0.986315663,254.8910394,9.784178559,3.69e-05,9.78413868,238.1847504,238.1847504,0,충청북도,청주시 흥덕구,오송읍
1179,126.186091,36.82085211,False,False,102.0,,,,,,,,,,,,0,충청남도,태안군,소원면
1180,128.4574489,36.79151754,False,False,101.0,251.2801762,3.501474373,251.1249847,257.3425598,4.248952481,258.0811729,9.768146034,4.91e-05,9.768139839,238.8812611,238.8812611,0,경상북도,예천군,효자면
1181,129.0923069,35.58869654,False,False,104.0,124.5905896,1.139564567,122.4813232,125.2550049,1.145314234,184.9620281,9.866997758,1.32e-06,9.866997719,239.369185,239.369185,0,울산광역시,울주군,상북면
1182,127.3782735,36.47404531,False,False,104.0,41.29944159,2.601667136,38.22209549,43.31619263,7.623031262,151.8559242,9.79459312,4.2e-05,9.794535637,238.2228572,238.2228572,0,대전광역시,유성구,신동
1183,129.1083384,37.53797547,False,False,101.0,25.23981658,4.500874814,18.63266182,28.15276909,5.780713616,154.9465042,9.7050404,4.67e-05,9.70502758,239.2431583,239.2431583,0,강원특별자치도,동해시,부곡동
1184,128.1330583,36.57085267,False,False,103.0,99.10967255,0.0,99.10967255,99.10967255,1.636493802,24.53904724,9.78654846,3.81e-05,9.78651619,238.6929735,238.6929735,0,경상북도,상주시,이안면
1185,126.779381,35.31691771,False,False,103.0,47.4613463,1.636954181,45.18626785,48.60243607,8.458069976,270.5881279,9.88888226,4.52e-05,9.888818741,237.954335,237.954335,0,전라남도,장성군,장성읍
1186,127.178908,36.48671638,False,False,102.0,34.17010498,0.0,34.17010498,34.17010498,1.838240743,171.9671326,9.793518066,0.0,9.793518066,238.0945687,238.0945687,0,충청남도,공주시,송선동
1187,128.5013327,34.89911843,False,False,103.0,0.0,0.0,0.0,0.0,0.0,,9.922180176,0.0,9.922180176,239.0632385,239.0632385,0,경상남도,거제시,사등면
1188,129.3393912,35.96550335,False,False,101.0,61.31406222,8.011273429,50.77483368,67.71250916,5.682653355,21.73614076,9.836391484,1.32e-06,9.836391449,239.4937108,239.4937108,0,경상북도,포항시 남구,연일읍
1189,128.7207264,35.81816075,False,False,103.0,93.37227631,1.42e-14,93.37227631,93.37227631,8.780930519,47.57981873,9.848391352,4.54e-05,9.848381996,239.1212204,239.1212204,0,경상북도,경산시,옥산동
1190,128.8841821,37.75844093,False,False,102.0,43.95798784,6.760243041,34.89252472,46.99429321,5.65683324,161.9013757,9.686152458,0.0,9.686152458,239.0863037,239.0863037,0,강원특별자치도,강릉시,교동
1191,129.1719138,35.96664487,False,False,102.0,67.02792801,0.531076878,66.19046783,67.40419769,3.201459879,213.2298192,9.836313957,3.88e-05,9.83626461,239.389842,239.389842,0,경상북도,경주시,안강읍
1192,127.3747801,35.40633714,False,False,101.0,94.85200883,0.124595951,94.83023071,95.0268631,0.258705393,248.9927826,9.881701469,0.0,9.881701469,238.3184204,238.3184204,0,전북특별자치도,남원시,금동
1193,128.7653761,36.06922956,False,False,103.0,167.4746116,4.80983224,160.7500305,168.4988098,9.220214132,231.1336454,9.827906649,4.63e-05,9.827897072,239.1292803,239.1292803,0,경상북도,영천시,신녕면
1194,126.7553649,37.40830015,False,False,101.0,5.836324624,0.832610234,4.701188087,6.905416965,1.896829304,300.8014184,9.716134352,5.22e-05,9.716060638,237.741788,237.741788,0,경기도,시흥시,방산동
1195,126.5762737,34.71883525,False,False,103.0,18.8942755,6.410244469,18.89373016,27.95973015,5.216422344,79.28320694,9.936415784,3.69e-05,9.936388969,237.8903847,237.8903847,0,전라남도,영암군,미암면
1196,129.4123305,36.7916851,False,False,103.0,48.50544684,4.555530323,45.91427231,57.14019775,4.585303225,134.2529868,9.768133775,4.73e-05,9.768123627,239.4827484,239.4827484,0,경상북도,울진군,기성면
1197,126.8250532,33.34828157,False,False,104.0,,,,,,,,,,,,0,제주특별자치도,서귀포시,표선면
1198,126.8300445,37.699306,False,False,102.0,37.62477376,1.696695621,36.08063126,40.35686493,2.356842868,158.1810695,9.691218546,4.3e-05,9.691196442,237.765496,237.765496,0,경기도,고양시 일산동구,문봉동
1199,129.4101839,36.0988351,False,False,102.0,39.1049455,0.254386959,38.74547195,39.11923599,1.638650547,148.4464521,9.825496674,0.0,9.825496674,239.5281219,239.5281219,0,경상북도,포항시 북구,흥해읍
1200,126.7080119,36.01525622,False,False,104.0,23.32065745,10.54427447,7.477166653,32.722435,4.864541579,240.76311,9.832351637,4.63e-05,9.832285881,237.8391309,237.8391309,0,충청남도,서천군,장항읍
1201,128.9617705,35.90054412,False,False,101.0,113.9047572,2.930928682,112.8692932,117.9182968,3.378732502,304.8150505,9.841703415,0.0,9.841703415,239.264679,239.264679,0,경상북도,영천시,괴연동
1202,127.0481543,35.89334156,False,False,102.0,3.903141043,0.099955301,3.809020519,4.008608818,0.601114794,174.4163946,9.842297554,0.0,9.842297554,238.0664978,238.0664978,0,전북특별자치도,완주군,삼례읍
1203,128.3208193,36.61988458,False,False,103.0,94.77205658,0.0,94.77205658,94.77205658,2.818797588,79.71479797,9.782489683,6.12e-07,9.782488823,238.8080931,238.8080931,0,경상북도,예천군,개포면
1204,127.2428683,34.81102172,False,False,104.0,20.96056483,2.686283212,18.0346241,24.96336937,2.143158263,209.5372482,9.92915439,3.96e-05,9.929085732,238.2954757,238.2954757,0,전라남도,보성군,조성면
1205,128.6918087,36.55914844,False,False,103.0,121.424829,0.700788067,120.4695358,121.6886902,4.731604135,194.3694834,9.787538822,3.98e-05,9.787470818,239.0461848,239.0461848,0,경상북도,안동시,옥동
1206,128.5558685,37.5811198,False,False,102.0,512.4563424,4.704787418,508.0419006,517.4345703,7.336340889,207.8288561,9.701353135,4.33e-05,9.701334,238.887802,238.887802,0,강원특별자치도,평창군,진부면
1207,127.0660559,37.73668228,False,False,103.0,58.14406974,0.781934436,58.10063553,59.2490387,5.805929768,185.0205461,9.688002969,4.86e-07,9.688002586,237.9160267,237.9160267,0,경기도,의정부시,신곡동
1208,126.9653173,37.84948165,False,False,104.0,115.3690037,6.462272201,106.5072861,117.6032562,3.553480245,200.2000283,9.678298964,3.94e-05,9.678253174,237.8414061,237.8414061,0,경기도,양주시,광적면
1209,128.9622813,35.09510145,False,False,101.0,4.30496764,1.736537331,2.585397243,6.93274641,2.382793576,250.8580633,9.906580944,4.61e-05,9.906573296,239.3289588,239.3289588,0,부산광역시,사하구,신평동
1210,126.6387592,37.44123293,False,False,102.0,4.929190435,0.378479515,4.394423008,4.951934338,0.809398207,209.4995981,9.713298943,4.58e-05,9.713287354,237.6631611,237.6631611,0,인천광역시,미추홀구,학익동
1211,126.8850531,35.26277607,False,False,101.0,37.50439072,0.0,37.50439072,37.50439072,2.791670561,145.0431671,9.893196697,4.01e-05,9.893176079,238.0261425,238.0261425,0,전라남도,담양군,대전면
1212,126.5774739,35.28906692,False,False,103.0,33.18398277,1.551325388,31.05032539,35.41767502,1.738085599,44.787108,9.891095161,0.0,9.891095161,237.8301392,237.8301392,0,전라남도,영광군,대마면
1213,126.6339459,37.22542494,False,False,103.0,0.0,0.0,0.0,0.0,0.0,,9.731664172,4.85e-05,9.731595993,237.6791782,237.6791782,0,경기도,안산시 단원구,선감동
1214,127.100138,37.61419705,False,False,103.0,27.48764543,1.05999479,26.42809296,28.54808235,1.154076346,267.1175524,9.698516846,0.0,9.698516846,237.947998,237.947998,0,서울특별시,중랑구,신내동
1215,127.4065242,36.8277636,False,False,102.0,134.5526232,9.766677833,120.7510452,135.093399,5.326168358,166.1912246,9.765115585,4.71e-05,9.765106201,238.2102945,238.2102945,0,충청북도,진천군,진천읍
1216,129.3254355,36.06052097,False,False,102.0,72.65094011,15.62299641,49.05927658,77.32238007,9.654418074,28.32678532,9.828636834,1.16e-06,9.828635216,239.4785055,239.4785055,0,경상북도,포항시 북구,흥해읍
1217,128.3394214,36.04764382,False,False,104.0,58.52791449,0.20792937,58.49502182,58.82012558,0.667538237,20.49110524,9.829679509,3.96e-05,9.829657555,238.8651306,238.8651306,0,경상북도,칠곡군,북삼읍
1218,127.1480029,35.42782907,False,False,104.0,123.0463526,3.266981017,118.9289932,125.1424637,3.980725049,266.3669019,9.879964527,3.61e-05,9.879925728,238.1743472,238.1743472,0,전북특별자치도,순창군,인계면
1219,127.2323971,36.76844385,True,False,103.0,76.34891698,0.586467723,75.52206421,76.41374969,1.161882711,139.4872603,9.770102501,0.0,9.770102501,238.1040649,238.1040649,0,충청남도,천안시 동남구,목천읍
1220,127.2534386,36.36666111,False,False,102.0,129.9063307,4.079064983,124.166893,130.4863281,8.025989002,122.6330831,9.803467193,3.92e-05,9.803421974,238.1530246,238.1530246,0,충청남도,공주시,반포면
1221,126.7789097,37.31226771,False,False,103.0,6.892164643,0.39596661,6.431266785,7.391070366,3.050607941,223.6138873,9.724279978,3.83e-05,9.724251747,237.7652935,237.7652935,0,경기도,안산시 단원구,목내동
1222,128.4923782,35.8573277,False,False,103.0,31.00862728,2.063107587,28.22753334,31.20532608,2.824091293,125.6908391,9.845204322,4.19e-05,9.8452034,238.9761878,238.9761878,0,대구광역시,달서구,신당동
1223,127.5255484,37.3411011,False,False,104.0,49.68505338,2.639688946,45.65742493,51.62512589,3.12244618,217.8724332,9.721843719,0.0,9.721843719,238.2445784,238.2445784,0,경기도,여주시,흥천면
1224,127.4791043,35.63319078,False,False,101.0,630.2770871,11.7826473,622.2767334,646.8860474,16.55267021,79.05320794,9.863389914,4.46e-05,9.863378525,238.3624081,238.3624081,0,전북특별자치도,장수군,장수읍
1225,128.5722818,35.21917624,False,False,103.0,33.39855884,0.257907434,33.397789,33.76329422,1.591952934,97.66928228,9.896677965,4.13e-05,9.896677017,239.0789364,239.0789364,0,경상남도,창원시 마산회원구,회원동
1226,126.5267894,35.78746559,False,False,102.0,0.114437279,0.238938708,-0.189021781,0.318798423,0.320208408,86.59129822,9.850908397,9.61e-07,9.850907326,237.7468677,237.7468677,0,,,
1227,128.7002068,35.8316441,True,False,104.0,77.84305117,2.930802721,74.39285278,80.13986206,3.577154836,17.74241979,9.847314987,3.91e-05,9.84726429,239.1076043,239.1076043,0,대구광역시,수성구,노변동
1228,127.6418078,35.87120918,False,False,101.0,395.2242432,0.0,395.2242432,395.2242432,3.38785553,346.8994751,9.844072953,5.09e-05,9.844069481,238.4427831,238.4427831,0,전북특별자치도,무주군,안성면
1229,126.647758,37.42113031,False,False,101.0,29.28943487,8.990701435,16.65416718,30.709095,5.892943877,318.7398915,9.715038961,4.93e-05,9.714969635,237.6709501,237.6709501,0,인천광역시,연수구,옥련동
1230,128.754637,35.80654104,False,False,104.0,110.8585358,3.744049014,105.5640945,110.9270782,3.827421521,353.2493589,9.849363364,6.49e-07,9.849363327,239.1431238,239.1431238,0,경상북도,경산시,사동
1231,126.4912353,37.50072954,False,False,104.0,0.0,0.0,0.0,0.0,0.0,,9.708235493,1.19e-06,9.708233833,237.5620172,237.5620172,0,인천광역시,중구,운서동
1232,127.0833059,37.89797115,False,False,101.0,105.4192284,0.640377757,104.9159393,106.1721344,4.359029993,227.2249084,9.674091397,5.17e-05,9.674086571,237.9143748,237.9143748,0,경기도,동두천시,광암동
1233,127.2087788,37.23445255,False,False,102.0,86.90331796,3.120462681,84.45966339,92.01982117,3.057465653,54.93593642,9.730899811,1.78e-15,9.730899811,238.0494502,238.0494502,0,경기도,용인시 처인구,김량장동
1234,128.9978327,35.31846073,False,False,104.0,8.276904758,0.459720653,7.708341599,8.592217445,0.277240387,124.4858123,9.888737679,0.0,9.888737679,239.3323975,239.3323975,0,경상남도,양산시,물금읍
1235,126.9436372,35.23899717,False,False,102.0,63.83226978,3.589460129,62.74544907,68.79082489,5.704845268,124.0523611,9.895100594,0.0,9.895100594,238.0653575,238.0653575,0,전라남도,담양군,고서면
1236,127.254658,36.7357534,False,False,104.0,77.94950281,3.623226775,71.8595047,81.86489868,2.84717702,177.6324371,9.772810936,0.0,9.772810936,238.1212616,238.1212616,0,충청남도,천안시 동남구,성남면
1237,126.8169498,37.49013303,False,False,101.0,42.22596721,5.244143097,34.09210968,45.08733368,3.493040209,188.8080582,9.709129852,4.39e-05,9.709112167,237.7745994,237.7745994,0,경기도,부천시 원미구,역곡동
1238,127.1907698,37.64982682,False,False,101.0,45.95607254,0.903457455,44.64410019,47.14516449,1.235053304,253.5991793,9.695479393,0.0,9.695479393,238.0038147,238.0038147,0,경기도,남양주시,진건읍
1239,127.4967935,37.0148709,True,False,102.0,98.58718021,0.349054779,98.19756317,99.16189575,0.658164587,126.9768855,9.749440144,5.32e-05,9.749364853,238.2524719,238.2524719,0,충청북도,음성군,삼성면
1240,128.5241926,35.85718892,False,False,103.0,46.88899231,0.0,46.88899231,46.88899231,1.510404587,184.3755951,9.845225766,4.79e-07,9.845225334,238.9958621,238.9958621,0,대구광역시,달서구,용산동
1241,127.072752,37.27263545,False,False,102.0,51.11303498,2.465082216,47.64307785,51.44868088,1.940043628,262.1526625,9.727648735,0.0,9.727648735,237.9584351,237.9584351,0,경기도,용인시 기흥구,영덕동
1242,128.3697534,36.04709693,False,False,102.0,35.563933,0.979285788,34.71207047,36.65587234,1.921549471,198.5591863,9.829747952,5.11e-05,9.829675674,238.8839405,238.8839405,0,경상북도,칠곡군,약목면
1243,126.6108691,37.66427807,False,False,102.0,8.536847397,0.503651009,8.432774544,9.241473198,1.147143215,161.8388348,9.694246429,3.77e-05,9.694185257,237.6260699,237.6260699,0,경기도,김포시,대곶면
1244,126.3664281,34.74700419,False,False,102.0,6.013365455,0.572507268,5.20958519,6.11066103,0.894742784,295.6643463,9.93418312,4.93e-05,9.934179306,237.756227,237.756227,0,전라남도,영암군,삼호읍
1245,127.086225,38.12179394,False,False,101.0,74.26964341,3.123584345,69.76870728,75.95162201,3.463825118,266.6468246,9.654697418,0.0,9.654697418,237.8986228,237.8986228,0,경기도,연천군,연천읍
1246,126.7597038,35.55080804,False,False,103.0,29.72158596,2.68028494,25.93327522,29.85025787,0.053130962,60.89897557,9.870043755,0.0,9.870043755,237.9180908,237.9180908,0,전북특별자치도,고창군,성내면
1247,126.9388982,37.31484166,False,False,102.0,54.02266707,1.996837634,50.58464813,54.29714966,2.076643856,188.6080788,9.724070564,3.95e-05,9.724023819,237.8686828,237.8686828,0,경기도,의왕시,초평동
1248,126.408467,35.02183321,False,False,103.0,18.66308946,1.779826769,15.71756268,18.73231506,1.002277805,10.47360915,9.912434578,0.0,9.912434578,237.7523804,237.7523804,0,전라남도,무안군,현경면
1249,128.5599545,35.18890044,False,False,101.0,14.90581834,0.501302146,14.20025253,14.97498894,7.165655523,115.0639655,9.899119319,6.35e-07,9.899118423,239.0740245,239.0740245,0,경상남도,창원시 마산합포구,월영동
1250,127.8382,36.59868904,False,False,101.0,286.416183,0.062040035,286.3292542,286.4280701,2.845025577,44.56207793,9.784243679,6.1e-07,9.784243584,238.5040241,238.5040241,0,경상북도,상주시,화북면
1251,128.8532691,37.80725807,False,False,104.0,67.27027922,2.526318099,62.61603928,67.58757019,2.200176327,55.31983229,9.681929588,0.0,9.681929588,239.0634766,239.0634766,0,강원특별자치도,강릉시,사천면
1252,126.8804519,34.84631873,False,False,103.0,171.1639933,12.40517284,153.7193909,173.024765,14.15808221,123.8634176,9.926334496,5.05e-05,9.926334381,238.0663748,238.0663748,0,전라남도,장흥군,유치면
1253,127.381147,34.84492533,False,False,103.0,53.85467239,3.372396696,49.09878159,54.21191406,14.00631678,53.65784856,9.926454329,3.38e-05,9.926427841,238.3774753,238.3774753,0,전라남도,순천시,별량면
1254,128.1681709,35.57149198,False,False,104.0,30.4705165,0.523042444,30.18139076,31.43418121,0.363979691,276.5236152,9.868401035,3.78e-05,9.868336678,238.7981223,238.7981223,0,경상남도,합천군,합천읍
1255,126.8884143,37.54818712,False,False,104.0,9.288946531,4.31136794,3.039287806,14.54757118,3.76013225,41.33784942,9.704172111,4.21e-05,9.7041502,237.8162707,237.8162707,0,서울특별시,영등포구,양화동
1256,127.6511731,37.12828216,False,False,104.0,116.5825238,5.066868566,111.0676117,123.3794098,4.875529236,215.0214155,9.739872932,0.0,9.739872932,238.3420715,238.3420715,0,충청북도,음성군,감곡면
1257,129.3698707,36.41444725,False,False,103.0,20.26572971,2.871850655,15.39430904,22.55905914,2.354532955,132.3027574,9.799520936,3.9e-05,9.799471855,239.4811905,239.4811905,0,경상북도,영덕군,영덕읍
1258,126.7411429,37.7301804,False,False,104.0,41.95524109,0.62036203,41.63758087,42.77303696,1.094948168,132.1617125,9.68857821,3.92e-05,9.688531876,237.7050415,237.7050415,0,경기도,파주시,목동동
1259,126.9696541,36.78205185,False,False,103.0,16.30398135,3.374363801,16.23838806,21.07560158,2.274305749,63.81210512,9.768968382,4.18e-05,9.768896103,237.9348338,237.9348338,0,충청남도,아산시,득산동
1260,126.6738666,37.37631334,False,False,101.0,7.543388605,0.667986671,7.046384335,8.346755981,0.248518984,80.01408054,9.718851396,4.32e-05,9.718792915,237.6916857,237.6916857,0,인천광역시,연수구,송도동
1261,128.9848175,35.22098633,False,False,101.0,3.730330005,0.088477729,3.72550559,3.855363369,0.137874368,344.6213806,9.896537769,4.1e-05,9.896520615,239.3324424,239.3324424,0,부산광역시,강서구,대저1동
1262,126.9387804,37.32741903,False,False,102.0,56.51194278,3.837799268,56.09143066,61.9230957,2.172195144,156.7140915,9.723005663,4.06e-05,9.722952843,237.8675202,237.8675202,0,경기도,군포시,부곡동
1263,129.2268149,35.99323495,False,False,104.0,10.40473711,0.028416293,10.37862206,10.43528175,0.329272264,88.67412811,9.834120603,5.14e-05,9.834119797,239.4219369,239.4219369,0,경상북도,경주시,안강읍
1264,127.1185252,37.76855152,False,False,102.0,153.6446646,2.642902877,149.9622803,154.2849121,1.45985087,83.88360107,9.685272217,0.0,9.685272217,237.9475861,237.9475861,0,경기도,의정부시,자일동
1265,129.4097433,35.81706746,False,False,103.0,76.2562787,11.84183329,71.60418701,97.19030762,6.906345454,60.9449055,9.848499054,3.83e-05,9.848451614,239.5481711,239.5481711,0,경상북도,경주시,문무대왕면
1266,126.9942483,37.01057643,False,False,103.0,8.708383324,0.725312174,7.377393246,9.027674675,0.851809613,116.5993404,9.749776099,4.32e-05,9.749759674,237.9303669,237.9303669,0,경기도,평택시,오성면
1267,128.4546972,38.44535467,False,False,101.0,0.0,0.0,0.0,0.0,0.0,,9.626384588,4.11e-05,9.626356125,238.7669787,238.7669787,0,강원특별자치도,고성군,거진읍
1268,128.9152334,35.92727904,False,False,104.0,70.15772081,0.977239066,70.12052917,71.49822235,1.883863243,212.6362076,9.839526453,5.17e-07,9.839526176,239.2335365,239.2335365,0,경상북도,영천시,금호읍
1269,127.9734436,35.30173099,False,False,102.0,50.61005975,0.359211942,50.10209656,50.61637115,0.061203204,262.9909093,9.890091896,0.0,9.890091896,238.7011176,238.7011176,0,경상남도,산청군,신안면
1270,129.2540796,35.34059364,False,False,102.0,42.13745713,6.054904146,31.47233772,44.01038361,2.756185862,312.8001909,9.886984088,4.72e-05,9.886917114,239.4882567,239.4882567,0,부산광역시,기장군,장안읍
1271,128.6510154,34.83847489,False,False,103.0,0.0,0.0,0.0,0.0,0.0,,9.926979349,4.09e-05,9.926924706,239.1601712,239.1601712,0,경상남도,거제시,삼거동
1272,128.8207609,35.17667084,False,False,102.0,12.822478,4.863400185,5.944602966,12.83503914,2.031001549,101.5632077,9.900098574,4.11e-05,9.900042534,239.2352404,239.2352404,0,경상남도,김해시,관동동
1273,129.3511634,35.62582288,False,False,103.0,20.78690019,1.953143356,20.68060875,23.54701614,1.429386719,244.2332353,9.864013411,4.78e-05,9.863945961,239.5260883,239.5260883,0,울산광역시,북구,호계동
1274,127.8404353,36.98338218,False,False,102.0,132.8012275,4.175683915,126.910614,133.2175751,1.644708003,218.4095532,9.752059937,0.0,9.752059937,238.4747387,238.4747387,0,충청북도,충주시,대소원면
1275,127.5226581,34.96046576,False,False,103.0,18.45892814,0.763273281,17.52687263,19.53365326,0.831139091,244.1000411,9.917292511,3.97e-05,9.917275429,238.4538981,238.4538981,0,전라남도,순천시,조례동
1276,127.4921722,37.07310293,False,False,103.0,116.3320999,0.0,116.3320999,116.3320999,3.028306246,351.4408569,9.744504929,0.0,9.744504929,238.2447968,238.2447968,0,경기도,안성시,일죽면
1277,127.8825901,37.75899816,False,False,101.0,201.2760438,4.44727502,195.4369354,203.6129913,21.30211078,78.81275153,9.686101861,4.1e-05,9.686049461,238.443004,238.443004,0,강원특별자치도,홍천군,북방면
1278,126.754278,37.34186211,False,False,102.0,5.523282207,0.179197705,5.251950741,5.595606327,0.070497912,294.0497211,9.721766021,3.98e-05,9.721736908,237.7466726,237.7466726,0,경기도,시흥시,정왕동
1279,129.3816347,35.98366031,False,False,103.0,19.90925061,4.414538604,14.90227222,24.86357307,8.949411234,110.7388092,9.834902694,5e-05,9.834898949,239.5187416,239.5187416,0,경상북도,포항시 남구,호동
1280,127.7254722,36.59652883,False,False,102.0,285.7257335,2.659278633,282.0263672,286.4026489,8.970370081,219.8102863,9.784427861,4.17e-05,9.78437233,238.4328119,238.4328119,0,충청북도,보은군,산외면
1281,128.651474,34.88931772,False,False,101.0,0.0,0.0,0.0,0.0,0.0,,9.922929886,4.98e-05,9.92292881,239.1561291,239.1561291,0,경상남도,거제시,수월동
1282,127.3511759,36.4467713,False,False,102.0,114.1537119,10.43999841,99.15670013,126.1685562,8.08732711,119.2474,9.796850204,0.0,9.796850204,238.207889,238.207889,0,대전광역시,유성구,구룡동
1283,126.5873066,36.45234356,True,False,102.0,9.571250745,2.958209568,8.712158203,13.6656332,2.676156275,242.5448834,9.796386719,0.0,9.796386719,237.7200775,237.7200775,0,충청남도,보령시,청소면
1284,127.0638072,37.59610156,False,False,101.0,14.94322437,0.750120892,14.88477325,15.91316891,0.588308954,70.74303107,9.700072289,0.0,9.700072289,237.9260559,237.9260559,0,서울특별시,동대문구,이문동
1285,128.9943092,35.26534213,False,False,101.0,4.814163218,0.112321386,4.672824383,4.886658192,0.670496056,279.4976017,9.892995834,0.0,9.892995834,239.3347321,239.3347321,0,경상남도,김해시,대동면
1286,127.6113845,34.89150129,False,False,102.0,2.063916483,0.445058779,1.636164665,2.789315224,0.826810075,243.1346681,9.922786706,4.24e-05,9.92271328,238.515693,238.515693,0,전라남도,여수시,율촌면
1287,128.3112725,36.14268294,False,False,104.0,56.17600897,3.49763838,51.73928833,58.59101105,3.513579316,237.7022388,9.821885141,4.29e-05,9.821885109,238.8397421,238.8397421,0,경상북도,구미시,봉곡동
1288,126.8601808,35.24025825,False,False,103.0,26.98709007,3.378177455,26.10391998,33.3461113,2.216416734,140.2044419,9.894991807,4.08e-05,9.894990921,238.0129373,238.0129373,0,광주광역시,북구,월출동
1289,126.7530169,36.87316864,False,False,101.0,9.215343626,0.116402753,9.14287281,9.36315155,2.374738643,49.24759211,9.761316185,4.21e-05,9.761297226,237.7872659,237.7872659,0,충청남도,당진시,신평면
1290,126.5753683,37.74940203,False,False,101.0,4.713912872,3.352667544,0.0,5.380438328,1.523752357,5.183615356,9.68692798,1.58e-06,9.686925888,237.5954117,237.5954117,0,경기도,김포시,월곶면
1291,126.9157361,33.45850661,False,False,101.0,,,,,,,,,,,,0,제주특별자치도,서귀포시,성산읍
1292,128.5784129,35.92543716,False,False,102.0,120.1005627,13.24172595,105.1868896,136.369339,10.32776535,175.5491007,9.839682291,5.13e-07,9.839681625,239.0242371,239.0242371,0,대구광역시,북구,조야동
1293,129.1422725,35.74715619,False,False,104.0,99.96978093,0.474599277,99.04354095,100.1203918,0.441535516,115.3337965,9.854171434,3.6e-05,9.85413456,239.3880931,239.3880931,0,경상북도,경주시,내남면
1294,127.8264437,35.43797301,False,False,102.0,358.2797423,12.31937323,349.0237427,376.4567566,11.3294542,53.68547714,9.87913532,4.34e-05,9.87912178,238.5973651,238.5973651,0,경상남도,산청군,금서면
1295,126.7590928,36.15826956,False,False,104.0,39.24924295,0.215124997,39.11111832,39.52031326,1.594045809,230.7772528,9.820613959,3.92e-05,9.820589066,237.8579012,237.8579012,0,충청남도,서천군,문산면
1296,126.9620065,35.16332054,False,False,103.0,122.3285353,13.97143025,121.6368866,142.0750122,6.758447631,260.2392359,9.901147842,0.0,9.901147842,238.0844421,238.0844421,0,광주광역시,북구,청풍동
1297,128.5653124,35.18932418,False,False,104.0,3.434266823,0.741929695,2.565828323,4.279602051,0.691748225,127.9233781,9.89906963,3.96e-05,9.899049759,239.0771974,239.0771974,0,경상남도,창원시 마산합포구,월포동
1298,128.179493,36.38025847,False,False,102.0,83.0113901,4.460964951,76.69560242,84.11956024,3.696007039,253.3333187,9.802347984,4e-05,9.802295685,238.7375194,238.7375194,0,경상북도,상주시,거동동
1299,127.0904394,37.0149158,False,False,102.0,25.13603759,2.122403867,24.61298943,28.77447128,2.224703498,95.47675111,9.749423981,0.0,9.749423981,237.9918744,237.9918744,0,경기도,평택시,동삭동
1300,127.1631253,37.51593026,False,False,104.0,34.93317195,2.252322388,33.06595612,38.20417786,2.12843341,179.5999878,9.706929839,4.15e-05,9.706906319,237.9966205,237.9966205,0,경기도,하남시,감일동
1301,127.1209958,37.63078151,False,False,104.0,42.33233741,0.116060519,42.30120468,42.49349213,1.6959788,278.8395605,9.697119713,1.78e-15,9.697119713,237.9601622,237.9601622,0,경기도,구리시,갈매동
1302,127.5189822,35.41489454,False,False,102.0,483.9219786,1.237656057,482.7608948,485.7272034,0.866976114,19.64002343,9.880997616,3.74e-05,9.880972862,238.4077465,238.4077465,0,전북특별자치도,남원시,운봉읍
1303,129.3696939,36.28561623,False,False,103.0,7.045437572,1.265258175,4.847198963,7.326411724,0.403993589,120.9993318,9.81014805,3.72e-05,9.810110092,239.4901614,239.4901614,0,경상북도,영덕군,남정면
1304,128.4139016,35.280225,False,False,102.0,10.97020304,0.185830058,10.96688652,11.2329855,1.236175227,293.0815002,9.891813278,0.0,9.891813278,238.9759827,238.9759827,0,경상남도,함안군,가야읍
1305,127.3792629,36.37084196,False,True,101.0,37.94819476,3.406467747,36.60265732,43.32062149,2.363764661,346.5749485,9.803109169,0.0,9.803109169,238.2324567,238.2324567,0,대전광역시,서구,만년동
1306,127.0170561,36.78116774,False,False,101.0,22.20550095,1.742075874,21.01994705,25.1771965,1.4131943,34.98085508,9.769030571,0.0,9.769030571,237.9651642,237.9651642,0,충청남도,아산시,모종동
1307,126.3392652,34.95918321,False,False,102.0,22.18123606,2.47793228,18.67756271,22.24883652,0.531124328,120.1807979,9.917415931,4.17e-05,9.917358398,237.7157773,237.7157773,0,전라남도,무안군,운남면
1308,126.6297687,37.38265843,False,False,101.0,7.984597222,0.195401742,7.671909332,8.114157677,0.151639198,298.2582498,9.718283678,5.33e-05,9.718281746,237.6625207,237.6625207,0,인천광역시,연수구,송도동
1309,126.7467724,35.97663537,False,False,102.0,7.181416513,0.041946239,7.166310787,7.238781929,1.773745682,323.7744612,9.835506437,5.19e-05,9.835433006,237.8677673,237.8677673,0,전북특별자치도,군산시,조촌동
1310,127.6499234,35.03959222,False,False,102.0,466.4641802,15.25139268,454.1210938,484.1519775,20.14778529,66.87261169,9.911016625,3.51e-05,9.91097641,238.525147,238.525147,0,전라남도,광양시,진상면
1311,128.3725271,37.83312188,True,False,103.0,471.760758,1.999682672,471.4003296,474.5656738,8.890886993,160.4896422,9.679702681,4e-05,9.679671288,238.7532866,238.7532866,0,강원특별자치도,홍천군,내면
1312,128.09311,36.28557351,False,False,103.0,84.39179077,0.460795054,83.67951202,84.92469025,0.554157874,309.725395,9.81014211,1.04e-06,9.810141563,238.6908443,238.6908443,0,경상북도,상주시,공성면
1313,126.3374728,36.67888325,False,False,102.0,3.721282985,0.506069817,3.433741808,4.569469929,0.965681948,181.6280252,9.777546914,4.46e-05,9.777546883,237.537908,237.537908,0,충청남도,태안군,태안읍
1314,127.7206574,35.51894109,False,False,101.0,169.1098022,0.0,169.1098022,169.1098022,0.566262424,146.151825,9.872639656,0.0,9.872639656,238.5241241,238.5241241,0,경상남도,함양군,함양읍
1315,128.4675121,35.73501504,False,False,103.0,48.88231568,1.948849441,45.78908539,49.22680283,2.023332251,276.6953662,9.855149269,1.78e-15,9.855149269,238.9706879,238.9706879,0,대구광역시,달성군,논공읍
1316,126.5640817,36.34284794,True,False,103.0,49.85872747,17.28644985,22.37883186,67.90181732,15.43125244,77.73543979,9.805416107,0.0,9.805416107,237.7156677,237.7156677,0,충청남도,보령시,내항동
1317,127.4107443,37.07312427,False,False,103.0,92.49887396,0.703860206,91.90710449,93.72454834,0.668388326,141.930847,9.74450779,0.0,9.74450779,238.1925296,238.1925296,0,경기도,안성시,죽산면
1318,128.720618,35.82253289,False,False,102.0,63.87821911,1.44778138,62.08714294,65.77232361,2.463013216,182.2597318,9.848046283,3.68e-05,9.848015785,239.1207079,239.1207079,0,경상북도,경산시,옥산동
1319,128.9046327,37.76384636,False,False,103.0,7.331865352,0.177434971,7.299376488,7.580684185,0.223118934,76.35067616,9.685686379,4.28e-05,9.685629845,239.0991126,239.0991126,0,강원특별자치도,강릉시,포남동
1320,128.1175392,35.10455873,False,False,102.0,20.33196831,0.0,20.33196831,20.33196831,2.538963556,342.6959534,9.9058526,9.95e-07,9.905851364,238.8084895,238.8084895,0,경상남도,사천시,사천읍
1321,128.4665127,36.71977118,False,False,102.0,217.5005224,14.35485063,208.8947754,244.5996399,8.425797733,186.0201997,9.774169793,5.32e-05,9.774094582,238.892456,238.892456,0,경상북도,예천군,용문면
1322,126.9980494,37.19581634,False,False,101.0,34.12709519,3.062556575,32.78479385,39.65969086,3.044259119,49.25890258,9.734163284,0.0,9.734163284,237.9168007,237.9168007,0,경기도,화성시 병점구,안녕동
1323,128.4371936,36.78195975,False,False,102.0,466.5035789,20.27029346,447.0779419,495.7415466,24.57129279,129.9795343,9.768955231,0.0,9.768955231,238.8691406,238.8691406,0,경상북도,예천군,효자면
1324,127.043653,35.46040871,False,False,102.0,408.8494491,16.55454149,389.6808472,427.7010193,18.31528609,97.2590715,9.877344131,0.0,9.877344131,238.105896,238.105896,0,전북특별자치도,순창군,구림면
1325,127.0740918,37.0386354,False,False,101.0,22.35907811,1.442808868,22.19286919,24.83255768,1.237854842,100.0129966,9.747431682,4.1e-05,9.747379303,237.979193,237.979193,0,경기도,평택시,모곡동
1326,127.3405909,37.65327569,False,False,104.0,119.8634791,2.823196845,116.2279816,124.1534729,4.915782174,298.7769145,9.695174533,3.98e-05,9.6951437,238.1004601,238.1004601,0,경기도,남양주시,화도읍
1327,127.670844,37.44905754,False,False,102.0,157.6292509,3.859157573,152.8757324,161.8550873,7.225779381,194.5849541,9.712645531,0.0,9.712645531,238.3296509,238.3296509,0,경기도,양평군,지평면
1328,128.6722218,36.18766436,False,False,104.0,111.2048209,2.110494737,108.2354889,111.5072174,4.537987306,248.5948977,9.818207657,6.18e-07,9.818206787,239.0622565,239.0622565,0,대구광역시,군위군,우보면
1329,127.4292327,36.27784595,False,False,102.0,154.7797089,0.0,154.7797089,154.7797089,10.78900623,319.1375732,9.810775391,4.59e-05,9.81076622,238.2721781,238.2721781,0,대전광역시,중구,구완동
1330,126.6488703,37.43644177,True,False,102.0,11.29441319,1.339642423,11.22166061,13.18755627,2.747082833,313.4344613,9.713736026,4.97e-05,9.713665962,237.6702512,237.6702512,0,인천광역시,연수구,옥련동
1331,126.7390553,37.3002304,False,False,103.0,2.801534098,0.668228508,1.864953756,2.927533865,0.520031499,168.9883573,9.725307446,3.78e-05,9.725266457,237.7405558,237.7405558,0,경기도,안산시 단원구,성곡동
1332,127.8321808,34.9631097,False,False,102.0,8.072045337,0.080855222,7.995090961,8.210978508,0.392103029,54.68978522,9.917098045,0.0,9.917098045,238.6452026,238.6452026,0,경상남도,하동군,금남면
1333,128.9568142,35.22134282,False,False,102.0,5.208868847,1.351313908,3.024392128,6.049015045,0.670784882,107.8554664,9.896508868,4.16e-05,9.896493912,239.3152015,239.3152015,0,부산광역시,강서구,대저1동
1334,126.8318507,37.19631585,False,False,101.0,39.05648951,3.747868616,36.80125046,45.736866,4.661521389,256.7446582,9.734107537,3.96e-05,9.734082222,237.8095908,237.8095908,0,경기도,화성시 만세구,남양읍
1335,126.8764871,37.58014964,False,False,103.0,10.85554008,1.735661987,8.400952339,10.86217976,0.899849056,219.0501768,9.701457024,1.78e-15,9.701457024,237.8056453,237.8056453,0,경기도,고양시 덕양구,덕은동
1336,127.5255177,36.89469394,False,False,104.0,68.54592517,0.201556398,68.26123047,68.56002808,1.232319128,195.4084699,9.759514809,0.0,9.759514809,238.2807909,238.2807909,0,충청북도,진천군,덕산읍
1337,127.2111965,37.53992952,False,False,101.0,23.53782463,0.0,23.53782463,23.53782463,0.393245101,98.22769165,9.704892204,6.43e-07,9.704892159,238.0260883,238.0260883,0,경기도,하남시,신장동
1338,128.1210424,35.38934333,False,False,101.0,116.6407128,23.18622143,111.5497971,149.033371,15.14869148,257.4490681,9.883056641,0.0,9.883056641,238.785123,238.785123,0,경상남도,합천군,삼가면
1339,127.3222958,37.5501322,False,False,104.0,29.86995162,0.332918791,29.77679634,30.31766891,0.44872853,250.626297,9.704026222,0.0,9.704026222,238.0970306,238.0970306,0,경기도,양평군,양서면
1340,128.5865489,36.2340584,False,False,102.0,88.01647887,2.523706199,85.45570374,90.50256348,4.00956026,59.81666483,9.814386732,3.88e-05,9.814360619,239.0048234,239.0048234,0,대구광역시,군위군,군위읍
1341,128.1785161,35.519364,False,False,103.0,46.38549612,1.099226543,45.83089828,48.41877365,1.58848949,279.9624713,9.87258915,3.65e-05,9.872560501,238.8092347,238.8092347,0,경상남도,합천군,대양면
1342,128.8217505,35.86859469,False,False,103.0,71.19469796,2.022861285,69.53058624,73.7615509,2.070160816,343.6553299,9.844287872,0.0,9.844287872,239.1800842,239.1800842,0,경상북도,경산시,진량읍
1343,127.2534829,35.13077288,False,False,104.0,61.34149159,2.474904948,57.88402557,61.88576889,0.73953379,163.7307228,9.903736936,4.03e-05,9.903735161,238.2695584,238.2695584,0,전라남도,곡성군,석곡면
1344,128.2268935,35.77734474,False,False,102.0,69.85730531,0.162156856,69.65408325,69.96356201,0.197779702,170.0158001,9.851719797,6.34e-07,9.851718903,238.8173088,238.8173088,0,경상북도,고령군,덕곡면
1345,126.4483412,36.78203114,False,False,102.0,0.0,0.0,0.0,0.0,0.0,,9.768960679,9.92e-07,9.768959999,237.5997505,237.5997505,0,충청남도,서산시,읍내동
1346,126.8612347,35.24227948,False,False,102.0,33.87691879,0.0,33.87691879,33.87691879,4.171815395,102.1663208,9.894845061,1.31e-06,9.894845009,238.0134093,238.0134093,0,광주광역시,북구,월출동
1347,129.0363231,35.35522894,False,False,104.0,7.876110221,2.677571368,4.421194553,9.426056862,1.620181359,260.1686701,9.885811048,5.04e-05,9.885739326,239.353277,239.353277,0,경상남도,양산시,신기동
1348,128.968194,35.22161886,False,False,102.0,2.460676757,0.124726453,2.331769466,2.634212255,0.189515495,271.6798723,9.896504402,0.0,9.896504402,239.3222961,239.3222961,0,부산광역시,강서구,대저1동
1349,128.764436,35.81545655,False,False,103.0,68.70702241,0.145718945,68.66714478,68.91999817,0.762079353,303.6888254,9.848638535,0.0,9.848638535,239.1486816,239.1486816,0,경상북도,경산시,사동
1350,128.205567,35.03625075,False,False,102.0,132.9503235,12.96249859,111.6971512,146.813324,9.13440752,177.5099977,9.91127491,0.0,9.91127491,238.8688263,238.8688263,0,경상남도,고성군,영현면
1351,127.396199,36.95358101,False,False,104.0,172.5110626,0.0,172.5110626,172.5110626,9.980443001,235.6590271,9.754593464,4.84e-05,9.754525185,238.1930935,238.1930935,0,충청북도,진천군,이월면
1352,128.7125337,36.44633811,False,False,101.0,186.8835359,1.247143927,186.8388672,188.646698,5.763975441,50.70792638,9.796885721,4.14e-05,9.796830177,239.0676399,239.0676399,0,경상북도,의성군,단촌면
1353,129.2297547,35.84848661,False,False,103.0,50.24640106,0.018778803,50.21985245,50.24707794,0.2021171,329.186703,9.845954031,4.97e-05,9.845883369,239.4346798,239.4346798,0,경상북도,경주시,동천동
1354,128.0332722,34.95472236,False,False,103.0,41.84372066,12.39282234,25.86157036,49.03642273,11.37158742,239.1456859,9.917753356,3.76e-05,9.917724609,238.7703131,238.7703131,0,경상남도,사천시,실안동
1355,126.9210494,37.20946359,False,False,101.0,127.1034753,17.073808,102.9576645,127.201767,8.219786223,211.8787818,9.732988732,3.7e-05,9.732971191,237.8658606,237.8658606,0,경기도,화성시 효행구,봉담읍
1356,128.6269143,36.11677349,False,False,101.0,123.835503,0.307760612,123.5046387,124.1182785,3.358955572,199.2617045,9.824017525,0.0,9.824017525,239.0393677,239.0393677,0,대구광역시,군위군,효령면
1357,128.4289351,34.86440622,False,False,104.0,0.0,0.0,0.0,0.0,0.0,,9.924921036,0.0,9.924921036,239.0220032,239.0220032,0,경상남도,통영시,무전동
1358,127.0145287,36.84544511,False,False,102.0,49.11584622,5.730520525,40.73534012,53.01811218,4.083521736,297.2951205,9.763659501,4.34e-05,9.763600349,237.9577931,237.9577931,0,충청남도,아산시,음봉면
1359,129.1197573,35.21567899,False,False,104.0,5.568848194,2.182224895,2.60978961,6.579623222,1.378312775,229.4507092,9.896960558,4.32e-05,9.896947861,239.4156906,239.4156906,0,부산광역시,해운대구,석대동
1360,127.9972214,38.12520284,False,False,103.0,190.92148,4.176335867,185.3438721,192.8641205,7.050057218,301.1923836,9.654413223,0.0,9.654413223,238.4912195,238.4912195,0,강원특별자치도,양구군,양구읍
1361,126.6319717,33.29698621,False,False,101.0,,,,,,,,,,,,0,제주특별자치도,서귀포시,남원읍
1362,129.3069167,36.05914018,False,False,101.0,138.307299,11.80233929,137.8105621,158.7380829,9.408092144,174.8385156,9.828762054,0.0,9.828762054,239.46698,239.46698,0,경상북도,포항시 북구,흥해읍
1363,127.1206645,36.90863637,False,False,103.0,18.03736115,0.0,18.03736115,18.03736115,0.880142212,313.5137634,9.758353233,0.0,9.758353233,238.0204163,238.0204163,0,충청남도,천안시 서북구,성환읍
1364,127.8417838,36.0781643,False,False,104.0,598.0361933,5.701279129,591.3353271,603.128418,10.29597949,220.2392191,9.827173271,4.86e-05,9.827168465,238.5502291,238.5502291,0,충청북도,영동군,상촌면
1365,127.5372213,34.95862542,False,False,104.0,47.55028397,3.968289702,43.68393326,53.86256027,4.02956994,283.4280076,9.917442023,3.81e-05,9.917419434,238.4631942,238.4631942,0,전라남도,순천시,조례동
1366,126.0423176,34.60129016,False,False,104.0,,,,,,,,,,,,0,전라남도,신안군,하의면
1367,128.9620864,35.31441935,False,True,102.0,112.9619003,24.37167631,88.91249084,145.5501404,23.55896517,300.2799597,9.889064772,6.62e-07,9.889063835,239.3110231,239.3110231,0,경상남도,김해시,상동면
1368,128.4046358,36.06460688,False,False,104.0,36.43705108,2.043180211,32.90552521,36.57273102,4.189558623,274.7216119,9.82829409,5.12e-07,9.8282938,238.9043684,238.9043684,0,경상북도,칠곡군,석적읍
1369,128.2226222,35.19026724,False,False,103.0,35.03048613,8.876289368,27.76537514,49.61712646,8.527282717,53.39569655,9.898990631,0.0,9.898990631,238.8656987,238.8656987,0,경상남도,진주시,진성면
1370,126.3905664,34.70503179,False,False,101.0,5.474323994,2.825094768,1.528675318,6.1021595,4.648441797,236.2403444,9.937508583,0.0,9.937508583,237.776123,237.776123,0,전라남도,해남군,산이면
1371,129.1638181,35.16132919,False,False,102.0,5.170361646,0.061816119,5.150452137,5.255485535,0.456908576,296.16798,9.901317596,0.0,9.901317596,239.4469604,239.4469604,0,부산광역시,해운대구,중동
1372,129.1481822,35.38316553,False,False,101.0,143.3070739,1.520292513,143.1299438,145.4497833,2.135404723,128.8415971,9.883542683,1.14e-06,9.883541107,239.4198816,239.4198816,0,경상남도,양산시,평산동
1373,129.1715596,35.66392999,False,False,102.0,129.2588495,2.501968877,128.9529114,134.1335449,1.42870699,142.2341592,9.860905183,4.16e-05,9.860887527,239.4125405,239.4125405,0,울산광역시,울주군,두서면
1374,129.1099102,37.18546845,False,False,104.0,573.3611162,1.155655605,572.7469482,574.8756714,20.1367245,183.8902675,9.735023765,4.03e-05,9.734998703,239.2666258,239.2666258,0,강원특별자치도,삼척시,도계읍
1375,128.8216757,35.38296992,False,False,103.0,19.01227948,7.798638712,9.533191681,24.6500473,10.06665257,137.39386,9.883581161,0.0,9.883581161,239.2187805,239.2187805,0,경상남도,밀양시,삼랑진읍
1376,128.5281044,37.32961641,False,False,104.0,350.7211075,31.42923659,305.5480347,379.4295044,27.56048319,139.8519191,9.722825209,4.73e-05,9.722759247,238.8873734,238.8873734,0,강원특별자치도,평창군,미탄면
1377,125.4335327,34.66174531,False,False,101.0,,,,,,,,,,,,0,,,
1378,127.6009707,36.99170694,False,False,104.0,104.9899537,2.31915422,103.2097702,107.7445679,2.766815847,270.3221353,9.751369419,3.88e-05,9.751340866,238.3211161,238.3211161,0,충청북도,음성군,금왕읍
1379,128.6210435,35.26689314,False,False,103.0,53.91295967,5.516103786,47.23214722,60.8612442,5.597197224,172.6167239,9.892889239,5.44e-07,9.892889023,239.1047696,239.1047696,0,경상남도,창원시 의창구,북동
1380,126.848096,36.96208883,False,False,102.0,7.101972238,1.056062609,5.432659149,7.636780262,1.150190146,259.468191,9.753852751,4.34e-05,9.753836632,237.8406706,237.8406706,0,경기도,평택시,포승읍
1381,126.7588738,36.00235515,False,False,102.0,7.040976347,0.464455034,6.123878479,7.136118412,0.757489258,319.4022779,9.833380356,4.27e-05,9.83336544,237.8728092,237.8728092,0,전북특별자치도,군산시,내흥동
1382,126.9423873,36.94176199,False,False,104.0,8.058465958,0.0,8.058465958,8.058465958,0.875144541,231.7069397,9.755567016,3.92e-05,9.755537987,237.9029558,237.9029558,0,경기도,평택시,현덕면
1383,128.8922145,35.19495492,False,False,104.0,2.245811414,7.318851712,-0.377723813,12.2582159,3.630050017,193.0737478,9.89862523,3.62e-05,9.898594856,239.2776355,239.2776355,0,부산광역시,강서구,봉림동
1384,128.570593,36.49611592,False,False,101.0,171.2302399,0.0,171.2302399,171.2302399,10.25059414,173.686676,9.792760479,4.89e-07,9.792759895,238.9748651,238.9748651,0,경상북도,안동시,풍천면
1385,126.522528,33.47381413,False,False,101.0,,,,,,,,,,,,0,제주특별자치도,제주시,오등동
1386,129.2290068,35.85138246,False,False,104.0,48.58733694,0.680143312,48.24962616,49.67865753,0.601332657,284.5302568,9.845705715,3.77e-05,9.845662117,239.4339042,239.4339042,0,경상북도,경주시,동천동
1387,128.832155,36.70144098,False,False,101.0,232.7088616,8.596444578,220.4431915,233.5444641,0.703586375,121.9157431,9.775667109,4.35e-05,9.775666237,239.1243654,239.1243654,0,경상북도,안동시,도산면
1388,126.988004,37.34604289,False,False,104.0,81.11027318,2.677235778,77.33861542,81.44160461,3.129922556,243.0874258,9.721401215,0.0,9.721401215,237.8975256,237.8975256,0,경기도,의왕시,왕곡동
1389,127.7170442,36.11540489,False,False,101.0,142.8484264,4.44082181,136.8254089,144.6274872,5.872757924,269.3172354,9.824123348,4.75e-05,9.824116707,238.4683283,238.4683283,0,충청북도,영동군,학산면
1390,126.9226871,37.55433023,False,False,102.0,13.34894848,0.0,13.34894848,13.34894848,1.759100199,342.2188721,9.703671337,5.25e-05,9.703597069,237.8378895,237.8378895,0,서울특별시,마포구,서교동
1391,127.0987838,37.67225796,False,True,103.0,254.023872,10.66982572,240.5263672,270.4371948,17.86427015,60.77631492,9.693567241,5.26e-05,9.693492889,237.9423952,237.9423952,0,경기도,남양주시,별내동
1392,128.069554,37.48038479,False,False,102.0,164.0214386,0.0,164.0214386,164.0214386,2.541348934,245.7585449,9.709984779,0.0,9.709984779,238.5832611,238.5832611,0,강원특별자치도,횡성군,우천면
1393,129.5011448,35.95469064,False,False,103.0,53.50155643,8.462784128,52.32497787,65.41176605,7.535649982,165.7480576,9.837268032,4.07e-05,9.837265015,239.5945916,239.5945916,0,경상북도,포항시 남구,구룡포읍
1394,126.3733432,36.99149237,False,False,103.0,0.0,0.0,0.0,0.0,0.0,,9.751407611,4.35e-05,9.751332283,237.5316392,237.5316392,0,충청남도,서산시,대산읍
1395,126.4856978,36.59461958,False,False,101.0,24.33298944,3.725574767,21.28853798,30.2467041,3.36478654,339.7786573,9.784562111,1.78e-15,9.784562111,237.6415561,237.6415561,0,충청남도,홍성군,서부면
1396,128.7360182,37.51613801,False,False,102.0,433.5060518,4.743320185,429.6765442,440.727356,5.617123902,310.1895971,9.706923323,3.86e-05,9.706879616,239.0072676,239.0072676,0,강원특별자치도,정선군,여량면
1397,128.0686638,34.92777305,False,False,102.0,5.548690967,6.36652836,3.974241734,14.41359234,2.988613927,126.9761729,9.919885635,0.0,9.919885635,238.7944031,238.7944031,0,경상남도,사천시,서동
1398,127.0997661,36.13284304,False,False,102.0,32.93258769,0.386813229,32.51977158,33.29151917,1.043274181,229.6510652,9.822701622,3.86e-05,9.822676659,238.0768365,238.0768365,0,충청남도,논산시,연무읍
1399,126.3763211,34.50155726,False,False,101.0,19.88267203,11.70771463,2.684024334,32.83054352,10.42812246,125.6016025,9.953507023,3.65e-05,9.953466415,237.7899634,237.7899634,0,전라남도,진도군,고군면
1400,126.53201,35.50678089,False,False,102.0,8.441912871,1.054330995,7.012634277,9.781510353,3.683802085,141.2325451,9.873592895,5.16e-05,9.873592377,237.7787789,237.7787789,0,전북특별자치도,고창군,심원면
1401,128.8297084,37.89701252,False,False,104.0,16.87009837,0.84538505,15.75545406,17.30244064,2.643532544,143.6560933,9.674204825,6.74e-07,9.674203873,239.0429068,239.0429068,0,강원특별자치도,강릉시,주문진읍
1402,129.3519366,36.08174664,False,False,104.0,37.40694011,10.11654984,33.21616364,51.08636093,7.583891941,250.0483698,9.826898575,0.0,9.826898575,239.4932556,239.4932556,0,경상북도,포항시 북구,흥해읍
1403,128.0100095,37.8980285,False,False,104.0,252.6292449,9.540649116,250.8566742,268.3131409,5.637227349,110.8331956,9.674118037,5.53e-05,9.674039841,238.5150452,238.5150452,0,강원특별자치도,홍천군,두촌면
1404,126.8734609,37.61344991,False,False,102.0,10.20051066,1.482730624,8.344117165,11.97269344,1.083200789,304.8509391,9.698599815,0.0,9.698599815,237.8010254,237.8010254,0,경기도,고양시 덕양구,화전동
1405,127.1853136,36.44779622,False,False,103.0,30.6246812,5.976795487,29.74343681,39.03108215,13.89260045,189.5027025,9.796744695,4.19e-05,9.796728134,238.1023766,238.1023766,0,충청남도,공주시,석장리동
1406,127.1299957,37.69356342,False,False,101.0,59.55265792,0.947900064,59.25789261,60.86038208,3.471726924,63.35830304,9.691703873,4.46e-05,9.691702843,237.9610897,237.9610897,0,경기도,남양주시,별내면
1407,128.8157441,35.17419237,False,False,102.0,10.33631436,1.495381431,10.0047636,12.42495155,1.36403855,346.4817406,9.900282257,3.74e-05,9.900255203,239.2325972,239.2325972,0,경상남도,김해시,율하동
1408,127.1173562,36.84977409,False,False,103.0,61.76928576,4.258346166,54.93715286,65.91612244,3.690668726,293.0476022,9.763269696,4.17e-05,9.763266563,238.0235146,238.0235146,0,충청남도,천안시 서북구,차암동
1409,127.2313571,35.65698155,False,False,104.0,212.0735886,1.628288714,209.6929474,213.8344421,3.791604858,171.8227318,9.861488054,4.06e-05,9.861433983,238.2047478,238.2047478,0,전북특별자치도,임실군,신평면
1410,128.1108263,36.69584484,False,False,103.0,181.5301056,0.0,181.5301056,181.5301056,4.743902206,78.14289093,9.776153564,1.78e-15,9.776153564,238.6691077,238.6691077,0,경상북도,문경시,마성면
1411,128.4568077,35.78863483,False,False,103.0,44.55184285,4.043378739,40.32415771,51.10613632,2.878689162,11.67049866,9.85081889,4.73e-05,9.850751877,238.9594353,238.9594353,0,대구광역시,달성군,옥포읍
1412,128.2066304,38.21783864,False,False,104.0,0.0,0.0,0.0,0.0,0.0,,9.646334795,5.8e-07,9.646334648,238.6204485,238.6204485,0,강원특별자치도,인제군,서화면
1413,129.1011141,36.39658072,False,False,101.0,236.4340803,5.461881508,230.5046082,241.3843994,3.754975983,200.193239,9.801007745,5e-05,9.800936699,239.3147303,239.3147303,0,경상북도,청송군,청송읍
1414,127.9382603,37.6434064,False,False,101.0,206.4969891,2.529910866,206.4098053,210.073761,3.036794201,11.32023222,9.696035746,4.29e-05,9.695978165,238.4870892,238.4870892,0,강원특별자치도,홍천군,영귀미면
1415,128.4272843,35.25001123,False,False,103.0,26.10655483,0.594966344,25.97003555,26.93681526,0.958092104,45.20839329,9.894214732,4.35e-05,9.894201279,238.9866547,238.9866547,0,경상남도,함안군,함안면
1416,127.7332115,36.98817936,False,False,103.0,118.982245,1.591836077,116.4934769,120.167572,2.40951604,69.72189805,9.751659581,5.58e-07,9.751659393,238.4056587,238.4056587,0,충청북도,충주시,신니면
1417,129.0294393,36.41941759,False,False,104.0,211.4549073,6.727684719,205.0992126,218.5350647,10.44366855,62.97686876,9.799098825,3.84e-05,9.799071312,239.2684134,239.2684134,0,경상북도,청송군,파천면
1418,128.5933776,35.84503999,False,False,101.0,65.47394253,0.819895446,64.74904633,66.52571106,1.185474175,309.7482773,9.8462286,0.0,9.8462286,239.0398712,239.0398712,0,대구광역시,남구,봉덕동
1419,127.4361978,35.42698665,False,False,101.0,127.8043447,1.023003698,127.6950912,129.6631012,1.27005006,201.8655375,9.880031586,0.0,9.880031586,238.3549805,238.3549805,0,전북특별자치도,남원시,이백면
1420,126.7824496,35.30391629,False,False,102.0,45.59448754,0.408879882,44.94081497,45.78841019,0.219291918,241.7717188,9.889901161,0.0,9.889901161,237.9575428,237.9575428,0,전라남도,장성군,장성읍
1421,128.0521872,34.92995142,True,False,103.0,0.669303095,0.012822,0.656002223,0.681627631,0.557454478,233.7417952,9.919734955,0.0,9.919734955,238.7841187,238.7841187,0,,,
1422,127.1586703,34.53064829,False,False,102.0,4.07703184,1.196002538,2.364424229,5.529284477,1.633051398,192.8080853,9.951221228,3.6e-05,9.951189995,238.2723402,238.2723402,0,전라남도,고흥군,도양읍
1423,127.3885434,36.42615742,False,False,101.0,35.81437898,0.869445522,35.32058716,37.06365585,0.793538782,59.61009735,9.798562787,5.25e-05,9.798488617,238.2335041,238.2335041,0,대전광역시,유성구,관평동
1424,126.7602646,37.49944754,False,False,101.0,11.44730134,0.322664202,11.0983429,11.74132919,0.304409598,242.2802217,9.708358101,4.58e-05,9.708294868,237.7370745,237.7370745,0,경기도,부천시 원미구,중동
1425,127.1048291,37.59934384,False,False,101.0,30.27274884,1.093843114,29.74946785,31.7284832,1.570999056,303.6914798,9.699815443,4.65e-05,9.6997509,237.9522249,237.9522249,0,서울특별시,중랑구,망우동
1426,126.7322732,37.50052125,False,False,103.0,9.459637596,0.187172755,9.36382103,9.706389427,0.286268005,65.07074627,9.708238048,5.11e-05,9.708231926,237.7187029,237.7187029,0,인천광역시,부평구,부평동
1427,126.6235779,37.45498471,False,False,102.0,5.971891641,0.195798749,5.703918457,6.041638851,0.202273439,113.3524069,9.712143898,0.0,9.712143898,237.6523132,237.6523132,0,인천광역시,중구,항동7가
1428,126.8206414,36.08193145,False,False,101.0,5.127194405,0.0,5.127194405,5.127194405,4.254323483,24.87406921,9.826879742,3.67e-05,9.826843262,237.9042094,237.9042094,0,충청남도,서천군,한산면
1429,126.9163094,37.64065729,False,False,104.0,35.76241144,7.520097809,26.57570267,42.27185059,7.542539994,85.00906228,9.696264267,0.0,9.696264267,237.8265991,237.8265991,0,서울특별시,은평구,진관동
1430,126.5964786,36.87760183,False,False,101.0,34.55505457,0.591278098,34.2258606,35.32372284,10.61458157,75.31135401,9.76093923,4.16e-05,9.760935783,237.6863698,237.6863698,0,충청남도,당진시,정미면
1431,128.9050077,36.07358542,False,False,103.0,142.1585222,1.474581089,141.1507416,144.8142548,3.052063057,166.7919206,9.827579215,4.97e-05,9.827508926,239.2162161,239.2162161,0,경상북도,영천시,화남면
1432,128.1123629,35.12317178,False,False,102.0,57.86900687,2.85320655,54.43044281,59.98036957,6.029618582,189.2055889,9.904342925,4.06e-05,9.904341698,238.8036645,238.8036645,0,경상남도,진주시,정촌면
1433,128.6056154,35.29975748,False,False,104.0,29.02486845,0.803596659,28.29360199,29.89480209,1.759471711,22.62609667,9.890243895,3.58e-05,9.890206337,239.0926144,239.0926144,0,경상남도,창원시 의창구,북면
1434,127.0224786,35.83305658,False,False,101.0,24.16810751,0.227622566,24.03121185,24.45945549,0.751439463,281.1445294,9.847201262,4.01e-05,9.847147942,238.0562015,238.0562015,0,전북특별자치도,완주군,이서면
1435,127.1519424,37.29088114,False,False,102.0,149.0507847,7.780645517,136.337616,149.146637,6.779196579,264.4434565,9.726096153,0.0,9.726096153,238.0079794,238.0079794,0,경기도,용인시 기흥구,청덕동
1436,127.6123575,34.9706808,False,False,102.0,33.0101726,10.83977027,28.17535782,52.52292252,6.102073578,229.615117,9.916491508,1.78e-15,9.916491508,238.5084028,238.5084028,0,전라남도,광양시,광양읍
1437,126.9526732,37.39054164,False,False,103.0,31.95888689,0.415504867,31.87709427,32.54077911,0.27034423,312.258552,9.717642638,4.45e-05,9.717581749,237.8709723,237.8709723,0,경기도,안양시 동안구,호계동
1438,126.850504,37.47057864,False,False,101.0,16.93994402,2.868082343,14.07796669,20.23668098,2.972554306,286.7654786,9.710793775,5.05e-05,9.710788727,237.7981682,237.7981682,0,경기도,광명시,광명동
1439,128.6103409,35.86439114,False,False,102.0,44.49575945,0.372154292,44.40968323,45.22953796,0.284164325,38.16293998,9.844627122,5.21e-05,9.844626427,239.0488136,239.0488136,0,대구광역시,중구,삼덕동3가
1440,128.3398066,36.12727449,False,False,101.0,37.63677787,0.790696865,36.52378464,37.74470901,0.587217558,53.60779399,9.823159218,0.0,9.823159218,238.8587386,238.8587386,0,경상북도,구미시,원평동
1441,127.1809717,35.96543506,False,False,104.0,36.80814489,0.487055363,36.25817108,37.22284317,0.587819691,257.5326421,9.836396902,3.63e-05,9.836379051,238.1435394,238.1435394,0,전북특별자치도,완주군,고산면
1442,127.812638,36.82032094,False,False,103.0,135.0042214,2.350731231,133.4568634,137.9465942,2.618104174,203.7596283,9.765741136,5.45e-07,9.765740395,238.4699904,238.4699904,0,충청북도,괴산군,괴산읍
1443,127.036526,37.67912636,False,False,103.0,43.00109999,2.262804377,41.60993576,46.94952011,3.688247077,130.7840284,9.69297122,1.34e-06,9.692969322,237.9013402,237.9013402,0,서울특별시,도봉구,도봉동
1444,129.3378039,35.51555171,False,False,104.0,8.027701285,3.364466913,6.782329559,13.71993065,2.392387262,79.35613018,9.87288531,4.83e-05,9.872880936,239.5260037,239.5260037,0,울산광역시,남구,선암동
1445,127.6702901,34.94368375,False,False,104.0,74.30596924,12.20109289,58.3101387,80.77642059,18.37857749,141.2961508,9.918643951,0.0,9.918643951,238.5468526,238.5468526,0,전라남도,광양시,성황동
1446,128.4371612,35.77951781,False,False,101.0,54.78979919,2.846515475,49.84553146,55.51515961,2.412883241,310.464953,9.851545273,6.33e-07,9.85154438,238.9481676,238.9481676,0,대구광역시,달성군,옥포읍
1447,126.764814,34.63446928,False,False,101.0,0.0,0.0,0.0,0.0,0.0,,9.943060582,3.63e-05,9.943037987,238.0169724,238.0169724,0,전라남도,강진군,강진읍
1448,128.8289482,35.15984662,False,False,103.0,64.42924377,14.79129451,41.94815063,69.24207306,18.95252054,162.3112069,9.901417732,0.0,9.901417732,239.241745,239.241745,0,경상남도,김해시,장유동
1449,128.9183688,35.18385071,False,False,101.0,1.551836679,0.493305393,1.003148079,1.982697725,0.347442044,275.1871804,9.899510873,3.68e-05,9.899483681,239.2946152,239.2946152,0,부산광역시,강서구,강동동
1450,126.9637936,35.04534849,False,False,103.0,42.9099327,0.839822014,42.46064758,44.13736343,1.697680543,265.6471526,9.910561562,0.0,9.910561562,238.0977173,238.0977173,0,전라남도,화순군,화순읍
1451,126.4124866,35.13835789,False,False,103.0,1.84919765,0.698490668,0.675609827,1.881839395,0.164998687,256.2465469,9.903160912,3.79e-05,9.903096199,237.7423138,237.7423138,0,전라남도,함평군,손불면
1452,129.2308599,35.50236127,False,False,101.0,133.1340023,1.030921761,131.83815,133.8021088,19.04356981,92.08145636,9.873975389,4.27e-05,9.873915672,239.4613239,239.4613239,0,울산광역시,울주군,청량읍
1453,127.3340488,34.77196842,True,False,104.0,12.41413082,1.289706501,10.81865978,13.29796219,1.180645325,34.68630085,9.932211796,4.81e-05,9.932206154,238.3557962,238.3557962,0,전라남도,고흥군,동강면
1454,127.2213782,37.34735778,False,False,103.0,66.04205796,2.698877861,64.21077728,69.69107819,5.797161398,235.5213747,9.721310568,4.07e-05,9.721258163,238.0481071,238.0481071,0,경기도,광주시,문형동
1455,127.6819831,34.77012073,False,False,103.0,185.4950728,36.49085228,147.9898376,235.0057068,22.99412922,236.071172,9.932360742,4.34e-05,9.93235302,238.5709926,238.5709926,0,전라남도,여수시,여천동
1456,128.9890869,35.3201157,False,False,104.0,51.11721261,11.78206558,42.28580475,65.24662781,14.35651276,123.415194,9.888600749,3.48e-05,9.888584137,239.3268616,239.3268616,0,경상남도,양산시,물금읍
1457,128.3377471,36.30483195,False,False,101.0,45.35911631,3.147306733,40.99009323,46.20924377,0.911925851,302.579114,9.808553696,0.0,9.808553696,238.8433533,238.8433533,0,경상북도,구미시,도개면
1458,126.5819063,34.5644077,False,False,104.0,25.19043212,1.429415423,22.71494675,25.23114395,2.415450993,264.2211897,9.948588335,3.92e-05,9.94852066,237.9111353,237.9111353,0,전라남도,해남군,해남읍
1459,127.4671012,34.46994551,False,False,104.0,0.0,0.0,0.0,0.0,0.0,,9.955969054,4.34e-05,9.955961227,238.4688575,238.4688575,0,전라남도,고흥군,봉래면
1460,127.1330765,35.33567379,False,False,103.0,110.0602174,8.339181429,99.97328186,116.1706696,6.674307826,190.0879393,9.887376702,4.32e-05,9.887316704,238.1741291,238.1741291,0,전북특별자치도,순창군,풍산면
1461,128.8061828,36.52833272,False,False,101.0,107.5117183,1.298441549,106.1746063,108.7703018,3.108128661,51.13779703,9.790086448,3.89e-05,9.790039063,239.1204359,239.1204359,0,경상북도,안동시,남선면
1462,129.0637228,35.6573009,False,False,102.0,505.7323879,7.398191801,497.749176,517.6190796,9.403209419,251.9836672,9.861439522,4.34e-05,9.861428261,239.3462926,239.3462926,0,경상북도,경주시,산내면
1463,126.7178756,37.45145512,False,False,101.0,38.46099493,0.059754302,38.44700623,38.54433441,1.425700693,23.38454891,9.712448899,4.23e-05,9.712393761,237.713596,237.713596,0,인천광역시,남동구,구월동
1464,127.4745927,34.9120517,False,False,103.0,50.34894149,7.125583121,50.32885361,60.42601776,14.97100436,146.4502414,9.921138763,1.78e-15,9.921138763,238.4289335,238.4289335,0,전라남도,순천시,야흥동
1465,129.1341983,35.90973693,False,False,103.0,115.5711899,0.0,115.5711899,115.5711899,7.97262001,206.0897827,9.840935045,3.92e-05,9.840929031,239.3706535,239.3706535,0,경상북도,경주시,현곡면
1466,128.6843101,35.15856071,False,False,104.0,37.79347986,3.398699541,32.99335861,38.04077148,3.594364426,178.1521636,9.901520536,4.65e-05,9.901515007,239.1528927,239.1528927,0,경상남도,창원시 진해구,경화동
1467,127.7422723,35.45977934,False,False,101.0,307.1372375,0.0,307.1372375,307.1372375,15.15537357,127.0144501,9.877382708,4.1e-05,9.877364159,238.5430691,238.5430691,0,경상남도,함양군,휴천면
1468,127.7483293,35.58533691,False,False,104.0,354.5667531,6.310874971,350.5877991,362.5556335,6.427309732,76.06546847,9.867260933,0.0,9.867260933,238.5353998,238.5353998,0,경상남도,함양군,지곡면
1469,129.4135434,35.48862169,False,False,101.0,0.0,0.0,0.0,0.0,0.0,,9.875082319,5.07e-07,9.875082016,239.5746202,239.5746202,0,울산광역시,동구,방어동
1470,126.8214965,37.62187932,False,False,103.0,21.86337852,0.233157917,21.54132843,21.9341526,3.894000722,201.245558,9.697855637,5.35e-05,9.697854042,237.7663898,237.7663898,0,경기도,고양시 덕양구,토당동
1471,128.0991976,35.04486464,False,False,102.0,50.08140512,8.770043477,42.48526001,63.03268814,10.27033427,37.42559148,9.910583496,0.0,9.910583496,238.8024116,238.8024116,0,경상남도,사천시,사남면
1472,126.4746671,34.74790395,False,False,103.0,6.115212113,0.312022817,6.113903046,6.55647707,1.299857703,191.5422966,9.934114589,4.34e-05,9.934106827,237.823831,237.823831,0,전라남도,영암군,삼호읍
1473,126.9100114,37.11651166,False,False,101.0,20.47359311,0.655778909,19.73013306,21.33756447,0.563883466,152.5729447,9.740850643,3.98e-05,9.740826607,237.8670753,237.8670753,0,경기도,화성시 만세구,향남읍
1474,126.9604817,37.57224427,True,False,103.0,46.97660765,2.146363482,46.73820496,50.0026474,1.01065502,183.7507516,9.702116013,0.0,9.702116013,237.86088,237.86088,0,서울특별시,종로구,교북동
1475,127.6548125,34.81684494,True,False,103.0,8.291471671,2.186360421,5.238704205,8.782342911,1.615201388,158.6159386,9.928683164,3.71e-05,9.928641319,238.5496794,238.5496794,0,전라남도,여수시,화치동
1476,128.3088699,34.97709662,False,False,103.0,0.0,0.0,0.0,0.0,0.0,,9.915985107,0.0,9.915985107,238.9378967,238.9378967,0,경상남도,고성군,고성읍
1477,128.5067417,35.56803396,False,False,104.0,67.50396724,5.025706051,58.9128418,69.7664566,5.583213218,117.0899052,9.868672371,0.0,9.868672371,239.0088196,239.0088196,0,경상남도,창녕군,고암면
1478,126.8940468,36.30111699,False,False,102.0,17.28378707,0.108538352,17.18932343,17.40477371,1.273745069,92.07209718,9.808884621,0.0,9.808884621,237.9303894,237.9303894,0,충청남도,부여군,규암면
1479,126.6875228,36.96674764,False,False,103.0,10.82920661,1.184832671,9.500753403,11.85041618,2.522228282,286.993405,9.75346487,1.23e-06,9.753464699,237.7369336,237.7369336,0,충청남도,당진시,송산면
1480,127.4419014,36.73543131,False,False,103.0,103.43116,0.0,103.43116,103.43116,14.21907616,112.1644592,9.772861277,4.98e-05,9.772790909,238.2407357,238.2407357,0,충청북도,청주시 청원구,오창읍
1481,126.8237182,35.9555795,False,False,103.0,5.922986984,8.88e-16,5.922986984,5.922986984,3.276340961,42.94859314,9.837222738,4.39e-05,9.837162018,237.9184717,237.9184717,0,전북특별자치도,군산시,대야면
1482,128.4517385,35.71859514,False,False,104.0,82.29713841,7.429680259,72.52655792,86.1618576,10.71227486,315.5306419,9.856482132,3.75e-05,9.856454849,238.9621719,238.9621719,0,대구광역시,달성군,논공읍
1483,127.2144272,37.69401544,False,False,102.0,82.30918884,0.0,82.30918884,82.30918884,2.252546072,217.1038666,9.691682816,0.0,9.691682816,238.0155945,238.0155945,0,경기도,남양주시,오남읍
1484,127.2030956,37.23380656,False,False,104.0,87.85538849,3.300335595,86.89459229,92.42280579,2.608348245,348.2633114,9.730939997,3.87e-05,9.730899811,238.0457979,238.0457979,0,경기도,용인시 처인구,김량장동
1485,129.2291101,35.26642769,False,True,103.0,20.24760115,0.377868616,19.7136097,20.26815605,3.778319293,117.702729,9.892902834,4.1e-05,9.892885208,239.4785437,239.4785437,0,부산광역시,기장군,일광읍
1486,127.1335225,36.94870442,False,False,104.0,13.07463857,0.254590372,12.81696224,13.32610512,0.491975929,278.6642041,9.754994008,3.91e-05,9.754945755,238.0252653,238.0252653,0,충청남도,천안시 서북구,성환읍
1487,126.7383569,37.69782922,False,False,102.0,22.92577393,4.944498682,16.31638527,26.98453331,2.971730794,265.4712937,9.691346539,4.07e-05,9.69132328,237.7060682,237.7060682,0,경기도,고양시 일산서구,덕이동
1488,126.9732416,37.25491268,False,False,101.0,29.56872237,0.599563708,28.56691933,30.03622627,0.438543972,160.166968,9.729134678,4.45e-05,9.72913456,237.8959474,237.8959474,0,경기도,수원시 권선구,고색동
1489,127.195481,37.26144252,False,False,102.0,105.5066229,3.093082453,100.2998962,106.5988007,2.581093382,170.2893445,9.728609085,0.0,9.728609085,238.038681,238.038681,0,경기도,용인시 처인구,유방동
1490,127.9178697,36.97937572,False,False,103.0,76.05698507,0.681332706,75.34655762,76.70792389,0.422152563,208.2451846,9.752399494,4.41e-05,9.752384186,238.5244113,238.5244113,0,충청북도,충주시,봉방동
1491,128.7944041,35.19268378,False,False,102.0,67.15337457,5.361569479,59.57281494,67.32061768,10.64075458,56.59695171,9.898797035,0.0,9.898797035,239.2177124,239.2177124,0,경상남도,김해시,대청동
1492,126.8392486,34.56420134,False,False,103.0,0.0,0.0,0.0,0.0,0.0,,9.948604584,0.0,9.948604584,238.0710142,238.0710142,0,전라남도,강진군,칠량면
1493,127.3356343,37.32106324,False,False,104.0,106.518521,3.527557667,106.4380493,111.5065918,4.145492652,57.2393021,9.723538399,1.78e-15,9.723538399,238.1237955,238.1237955,0,경기도,광주시,도척면
1494,127.1693197,35.83727857,False,False,101.0,51.04442241,2.045362716,47.03052139,51.47822571,0.941917145,274.5666283,9.84684738,3.69e-05,9.846814156,238.1482527,238.1482527,0,전북특별자치도,전주시 덕진구,산정동
1495,128.9427615,35.5619394,False,False,102.0,533.4937752,15.46748317,518.4782104,559.4597168,12.83468855,111.5616239,9.869174166,5e-05,9.869103432,239.2790366,239.2790366,0,경상남도,밀양시,산내면
1496,127.9553251,34.78484807,False,False,101.0,100.3035953,20.81229212,91.09508514,131.1313629,22.1649406,159.2071576,9.931197166,0.0,9.931197166,238.7380541,238.7380541,0,경상남도,남해군,이동면
1497,127.0355693,37.75236352,False,False,104.0,55.2965228,0.163149065,55.18119049,55.49635696,0.959769005,90.0827609,9.686674695,3.71e-05,9.686616898,237.895086,237.895086,0,경기도,의정부시,가능동
1498,126.3371021,33.24063146,False,False,101.0,,,,,,,,,,,,0,제주특별자치도,서귀포시,안덕면
1499,127.0937594,34.78848742,False,False,104.0,129.2666356,1.08895621,128.0989838,131.0726471,0.737331993,246.2704732,9.930909705,3.57e-05,9.930897713,238.2049447,238.2049447,0,전라남도,보성군,보성읍
1500,128.6112806,35.3148954,True,False,101.0,13.7962757,1.277889589,12.24229145,14.71884632,0.972881657,118.2392362,9.889042276,4.36e-05,9.888981819,239.0948512,239.0948512,0,경상남도,창원시 의창구,북면
1501,128.1121986,36.74064913,False,False,101.0,198.3605012,7.590599857,196.6345215,208.9555664,8.084292827,204.3103575,9.772395257,4.29e-05,9.772393227,238.6663729,238.6663729,0,경상북도,문경시,문경읍
1502,127.5680308,36.27669208,False,False,101.0,132.8638684,5.176184182,127.1916351,140.174118,2.668625282,61.33758593,9.81089071,3.94e-05,9.810839653,238.3603588,238.3603588,0,충청북도,옥천군,옥천읍
1503,128.822438,35.930999,False,False,103.0,104.0309338,3.445814461,100.331955,107.2034454,4.200933436,177.7941612,9.839219839,5.48e-07,9.839219093,239.1757471,239.1757471,0,경상북도,경산시,하양읍
1504,126.606457,36.12858798,False,False,103.0,44.21643006,8.078752369,43.44678879,55.61555862,5.448058187,254.6718832,9.82304287,0.0,9.82304287,237.7636261,237.7636261,0,충청남도,서천군,비인면
1505,127.1007396,37.02739786,False,False,104.0,34.40946439,0.069303776,34.37607956,34.50161362,0.864624706,137.5639126,9.748360634,1.78e-15,9.748360634,237.997518,237.997518,0,경기도,평택시,칠원동
1506,127.0254511,37.11772366,False,False,104.0,18.4737844,1.078832396,16.63913345,18.78813934,2.386495984,35.45076907,9.740767949,4.49e-05,9.740706444,237.9410654,237.9410654,0,경기도,평택시,서탄면
1507,127.0699901,37.86018237,False,False,101.0,77.6276296,1.146326684,77.1049118,79.4774704,1.63215075,162.5745061,9.677361488,0.0,9.677361488,237.9087836,237.9087836,0,경기도,양주시,봉양동
1508,127.3734114,36.66173619,False,False,103.0,29.82774303,0.853287471,29.82392311,31.0344677,0.533679044,175.4627725,9.778987389,3.77e-05,9.778959274,238.203469,238.203469,0,충청북도,청주시 흥덕구,옥산면
1509,127.5436019,36.56347168,False,False,103.0,115.3282623,1.42e-14,115.3282623,115.3282623,7.465353489,135.4638062,9.78716476,3.77e-05,9.787125587,238.320177,238.320177,0,충청북도,청주시 상당구,남일면
1510,126.9704437,36.08015507,False,False,103.0,14.24757444,2.940320856,14.00852489,18.39893913,2.624351668,30.3452444,9.82701044,4.74e-05,9.827001572,237.9995225,237.9995225,0,전북특별자치도,익산시,함열읍
1511,127.0664756,37.0975743,False,False,101.0,13.24606049,0.479037604,13.11716461,14.16006947,0.126427658,104.9666779,9.742444038,1.78e-15,9.742444038,237.9694412,237.9694412,0,경기도,평택시,진위면
1512,127.3746463,36.37202698,False,False,104.0,42.67068608,2.745948683,41.81232834,46.45799255,3.59456507,141.1477394,9.803035725,4.24e-05,9.802962303,238.2293303,238.2293303,0,대전광역시,유성구,구성동
1513,128.1046446,36.37003718,False,False,102.0,94.65279069,3.874939356,89.15044403,97.87355804,6.228611719,110.7718502,9.803175517,4.16e-05,9.803156853,238.6911774,238.6911774,0,경상북도,상주시,외남면
1514,127.81976,34.8376839,False,False,104.0,87.6961945,6.193964537,77.96264648,91.95897675,7.331695543,229.1008656,9.927026749,0.0,9.927026749,238.6494446,238.6494446,0,경상남도,남해군,서면
1515,127.5356648,36.9566393,False,False,103.0,101.1587847,0.278739496,100.8066711,101.3360062,0.919801768,81.29564617,9.754312144,4.18e-05,9.754292488,238.2821729,238.2821729,0,충청북도,음성군,대소읍
1516,127.1871118,37.68070695,False,False,104.0,59.77604789,13.08295469,53.23527145,77.08343506,6.056762684,259.0337123,9.692838347,4.7e-05,9.692772865,237.9990705,237.9990705,0,경기도,남양주시,진건읍
1517,129.3997336,37.00690202,False,False,101.0,38.47090715,15.42047942,20.65105629,62.97267151,10.30938554,88.5595626,9.750111907,5.15e-05,9.750039101,239.4610278,239.4610278,0,경상북도,울진군,울진읍
1518,129.1447031,36.314853,False,False,102.0,381.4107153,6.669115131,374.3634644,387.6789246,9.463244237,134.5973358,9.807754178,4.97e-05,9.807683945,239.3476995,239.3476995,0,경상북도,청송군,부남면
1519,129.0378085,36.48282365,False,False,102.0,177.8122863,1.866339503,177.7382813,180.9497375,1.271865965,328.809839,9.793855667,6.74e-07,9.793855667,239.2688599,239.2688599,0,경상북도,청송군,파천면
1520,127.0176182,35.23646287,False,False,103.0,67.54061358,0.877472136,66.29972839,67.55150604,0.80342593,216.8483985,9.895294469,5.04e-05,9.895292282,238.1118039,238.1118039,0,전라남도,담양군,창평면
1521,128.7668638,35.52404058,False,False,102.0,23.8403154,0.325895379,23.83408165,24.30115891,2.114014326,105.7489761,9.872216386,5.72e-07,9.872216225,239.1733921,239.1733921,0,경상남도,밀양시,상동면
1522,127.7045414,34.76281958,False,False,102.0,58.36886756,18.47259492,43.77695084,89.51490784,18.79837918,47.87468189,9.932939442,4.13e-05,9.932924271,238.5857128,238.5857128,0,전라남도,여수시,미평동
1523,129.1795678,35.67967932,False,False,102.0,177.548026,14.6316014,162.7577667,201.8938293,13.02506235,137.1869042,9.859656387,5.13e-05,9.859582901,239.4162665,239.4162665,0,울산광역시,울주군,두서면
1524,126.5651248,33.25225319,False,False,101.0,,,,,,,,,,,,0,제주특별자치도,서귀포시,서귀동
1525,126.5771563,35.97361929,False,False,101.0,4.441493067,0.126133582,4.367949486,4.604006767,0.190427801,43.59864733,9.83575058,0.0,9.83575058,237.7602844,237.7602844,0,전북특별자치도,군산시,소룡동
1526,128.6313913,35.82374887,False,False,102.0,89.16142273,0.0,89.16142273,89.16142273,1.783767462,321.5558167,9.84794414,5.96e-07,9.847943306,239.0654181,239.0654181,0,대구광역시,수성구,지산동
1527,128.6626666,37.44552738,False,False,101.0,343.9336561,0.461487132,343.8327332,344.6912231,0.305520577,225.3541262,9.712960697,4.85e-05,9.712892532,238.9650814,238.9650814,0,강원특별자치도,정선군,북평면
1528,128.4025859,36.06133709,False,False,103.0,29.57089687,1.377610544,28.89215469,31.85752487,2.463492776,290.2429471,9.82858126,4.67e-05,9.828515053,238.9035099,238.9035099,0,경상북도,칠곡군,석적읍
1529,127.0632074,36.79527176,False,False,104.0,22.09724988,3.564572184,16.9564991,23.97279167,2.218242371,198.2043772,9.767847285,3.67e-05,9.767809868,237.9933066,237.9933066,0,충청남도,아산시,탕정면
1530,128.7453783,35.49972565,False,False,101.0,18.40351296,0.693162031,17.48957062,18.7579937,1.075385691,204.9331827,9.874160473,5.15e-05,9.874159813,239.1620794,239.1620794,0,경상남도,밀양시,내이동
1531,126.5045761,36.32337157,False,False,102.0,40.95305332,14.40706766,20.57840538,40.98336411,7.666308334,248.4482081,9.807021221,5.05e-05,9.807019234,237.6795557,237.6795557,0,충청남도,보령시,신흑동
1532,127.3367621,34.90138049,False,False,101.0,32.40274048,0.0,32.40274048,32.40274048,1.241996408,240.4532166,9.922004895,4.2e-05,9.92193222,238.3445914,238.3445914,0,전라남도,순천시,낙안면
1533,127.5910146,34.97891031,False,False,101.0,13.60191266,0.235530237,13.27456951,13.66351986,0.547656933,67.59586292,9.915844917,0.0,9.915844917,238.4945374,238.4945374,0,전라남도,광양시,광양읍
1534,127.3438647,37.53073434,False,False,103.0,30.16355355,1.90825067,27.19618988,32.12999725,2.303510493,316.7362409,9.705664431,4.18e-05,9.705641747,238.1124752,238.1124752,0,경기도,광주시,남종면
1535,128.4323281,38.41640895,False,False,103.0,0.0,0.0,0.0,0.0,0.0,,9.628951005,5.43e-05,9.628873825,238.7542944,238.7542944,0,강원특별자치도,고성군,거진읍
1536,126.5907289,35.96213042,False,False,102.0,5.847083301,0.132328498,5.7721982,6.018588066,0.262521608,207.6720869,9.836689264,4.58e-05,9.836625099,237.7699469,237.7699469,0,전북특별자치도,군산시,소룡동
1537,126.9140789,34.68024716,False,False,103.0,0.0,0.0,0.0,0.0,0.0,,9.939466369,3.66e-05,9.939422607,238.1047618,238.1047618,0,전라남도,장흥군,장흥읍
1538,126.6736577,35.40582407,False,False,103.0,42.08399452,2.561776636,42.03468704,45.70655823,2.59124776,38.49653081,9.88171994,4.28e-05,9.881705284,237.8787182,237.8787182,0,전북특별자치도,고창군,고수면
1539,126.845773,36.68003926,False,False,102.0,35.07730865,0.0,35.07730865,35.07730865,3.270719767,198.8377991,9.777450453,4.3e-05,9.777449608,237.8643534,237.8643534,0,충청남도,예산군,예산읍
1540,126.8851379,35.8068232,False,False,101.0,20.71551818,1.271240664,18.96258926,22.09109688,0.708231517,277.6049622,9.849324226,1.78e-15,9.849324226,237.9718027,237.9718027,0,전북특별자치도,김제시,요촌동
1541,127.0515554,37.68420847,False,False,102.0,30.55184342,3.772346568,24.59762955,32.65830994,2.006372435,118.2743973,9.69250964,4.89e-05,9.692501068,237.9107933,237.9107933,0,서울특별시,도봉구,도봉동
1542,127.5055388,35.19107293,False,False,101.0,29.49232562,14.79272936,22.1988678,53.72229004,13.23228888,17.51270441,9.898950472,4.17e-05,9.898893356,238.4209105,238.4209105,0,전라남도,구례군,문척면
1543,126.9524911,37.99140828,False,False,103.0,19.53708184,3.363810404,16.59880447,24.79247475,0.854438146,115.3564845,9.666018486,0.0,9.666018486,237.8215637,237.8215637,0,경기도,연천군,백학면
1544,127.1405621,37.46701387,False,False,103.0,37.11205654,1.247067729,36.06264496,38.74062347,2.272167769,292.1882626,9.711122552,4.15e-05,9.711068153,237.9861493,237.9861493,0,경기도,성남시 수정구,창곡동
1545,126.6750915,35.95709805,False,False,104.0,5.958187103,0.0,5.958187103,5.958187103,0.124506064,299.4304199,9.837091446,0.0,9.837091446,237.8240051,237.8240051,0,전북특별자치도,군산시,미룡동
1546,128.6160196,35.90894531,False,False,101.0,30.04621975,0.258717541,29.78183937,30.40763474,0.204811788,199.3254498,9.84103061,4.11e-05,9.840959549,239.0490661,239.0490661,0,대구광역시,북구,산격동
1547,127.8528231,37.58051055,False,False,102.0,242.2238775,2.006932443,239.2674713,244.0510406,1.978988056,314.9764434,9.70142981,4.98e-05,9.701359749,238.4366585,238.4366585,0,강원특별자치도,홍천군,남면
1548,126.7679317,37.32573306,False,False,101.0,16.21861945,1.927584523,13.55521679,16.79952431,2.003352437,298.7645139,9.72313549,4.03e-05,9.723108292,237.7568817,237.7568817,0,경기도,안산시 단원구,신길동
1549,127.8332244,35.92161463,False,False,102.0,495.669283,4.157470594,491.3346252,502.2743835,5.073014341,100.2412034,9.839985847,0.0,9.839985847,238.5583818,238.5583818,0,전북특별자치도,무주군,무풍면
1550,127.5529474,34.93213249,False,False,102.0,11.75929253,1.357466751,9.710368156,13.03375149,1.846679261,45.32063752,9.919565785,5.03e-05,9.919494629,238.4753108,238.4753108,0,전라남도,순천시,해룡면
1551,126.7425645,37.48795431,False,False,102.0,17.3495453,0.860851353,16.75916481,18.95274544,1.042143964,56.33859012,9.709312023,5.04e-05,9.709305763,237.7264485,237.7264485,0,경기도,부천시 소사구,송내동
1552,127.1741138,37.70527035,False,False,103.0,45.87051798,0.395296848,45.58707428,46.3523674,1.177408527,240.2829454,9.690705094,4.28e-05,9.690685272,237.988734,237.988734,0,경기도,남양주시,진접읍
1553,129.2165033,36.63201174,False,False,103.0,365.375351,25.76324877,344.6594238,404.8156433,16.2450068,120.1576955,9.781481732,4.24e-05,9.78140831,239.3704167,239.3704167,0,경상북도,영양군,영양읍
1554,127.3684244,36.30831107,True,False,102.0,58.85212599,1.926871991,56.69526291,62.0443306,2.587049203,224.4369078,9.808274646,3.72e-05,9.808243752,238.231234,238.231234,0,대전광역시,서구,정림동
1555,126.8624519,35.72382303,False,False,104.0,10.63980417,0.310195618,10.20365238,10.68686008,1.197509474,315.1923276,9.856066704,0.0,9.856066704,237.9655599,237.9655599,0,전북특별자치도,정읍시,신태인읍
1556,127.674873,34.74874988,False,False,102.0,19.61257159,4.363039766,12.21194363,20.50117493,4.443640513,182.5126414,9.934060097,0.0,9.934060097,238.5688782,238.5688782,0,전라남도,여수시,웅천동
1557,127.4610241,35.63094693,True,False,104.0,673.9686056,15.17919727,665.1828613,695.8843994,14.31714531,301.6124457,9.863598824,0.0,9.863598824,238.3512994,238.3512994,0,전북특별자치도,진안군,백운면
1558,126.62301,36.35649752,True,False,104.0,48.96340976,5.229166494,47.17578506,56.13925552,4.074669877,304.3789205,9.804304819,3.69e-05,9.804264069,237.752048,237.752048,0,충청남도,보령시,화산동
1559,127.577923,37.49922916,False,False,104.0,102.2067563,3.206925639,98.27639008,104.4697113,4.777218554,70.57471521,9.708358908,3.99e-05,9.708330154,238.266042,238.266042,0,경기도,양평군,용문면
1560,128.9046673,35.15007243,False,False,102.0,1.933445151,1.035697603,1.770798922,3.67429924,1.180102737,258.1811288,9.902206421,0.0,9.902206421,239.2889404,239.2889404,0,부산광역시,강서구,강동동
1561,127.4100197,37.73147709,False,False,103.0,39.23737374,0.836078539,38.37164688,40.13243484,1.081062031,284.9662286,9.688478972,5.43e-05,9.688402176,238.1395493,238.1395493,0,경기도,가평군,청평면
1562,127.9495736,35.01433959,False,False,104.0,27.66575793,11.65371765,11.92746925,32.55702972,8.889957881,149.0673782,9.913036797,4.57e-05,9.91297245,238.7130046,238.7130046,0,경상남도,사천시,서포면
1563,127.2207588,36.91250445,False,False,101.0,30.38982611,0.723399061,29.94867134,31.50600433,0.664750157,296.1644325,9.75802803,0.0,9.75802803,238.084137,238.084137,0,충청남도,천안시 서북구,입장면
1564,128.6296175,34.90050965,False,False,103.0,0.0,0.0,0.0,0.0,0.0,,9.922054291,0.0,9.922054291,239.1418345,239.1418345,0,경상남도,거제시,연초면
1565,128.1945826,35.33705828,False,False,101.0,73.39916992,0.0,73.39916992,73.39916992,1.708126187,174.8630829,9.887256476,3.57e-05,9.887215614,238.8352276,238.8352276,0,경상남도,의령군,칠곡면
1566,127.965308,36.47207174,False,False,102.0,234.6050127,10.9188978,223.0916748,247.9769135,10.88757844,214.5933333,9.79475384,5.57e-07,9.794753075,238.5951372,238.5951372,0,경상북도,상주시,화서면
1567,127.3302973,37.54546394,False,False,104.0,33.92753124,0.623063534,33.41115952,34.64151764,2.19518874,114.0144689,9.704410553,0.0,9.704410553,238.1025085,238.1025085,0,경기도,양평군,양서면
1568,128.2084761,38.12632211,False,False,101.0,0.0,0.0,0.0,0.0,0.0,,9.654288034,4.5e-05,9.654271126,238.6279768,238.6279768,0,강원특별자치도,인제군,북면
1569,128.8825754,35.08661329,False,False,103.0,3.633706322,0.001240318,3.633399963,3.635433435,0.172661909,278.3438343,9.907286474,4.92e-05,9.907217026,239.2808043,239.2808043,0,부산광역시,강서구,신호동
1570,129.3094082,35.48033669,False,False,104.0,0.0,0.0,0.0,0.0,0.0,,9.875751495,0.0,9.875751495,239.511261,239.511261,0,울산광역시,울주군,청량읍
1571,128.6694214,34.8143497,False,False,103.0,0.0,0.0,0.0,0.0,0.0,,9.928865433,0.0,9.928865433,239.1734542,239.1734542,0,경상남도,거제시,일운면
1572,127.83899,37.0193452,False,False,101.0,105.7997797,8.940403563,101.3351517,121.3643875,8.288254899,115.3432232,9.749033674,4.87e-05,9.749026299,238.4706975,238.4706975,0,충청북도,충주시,중앙탑면
1573,128.8902927,36.45954331,False,False,101.0,127.1604689,0.037746571,127.1592484,127.2138367,0.260384732,13.50293055,9.795796752,4.92e-07,9.795796394,239.1782226,239.1782226,0,경상북도,안동시,길안면
1574,127.8689095,37.20647955,False,False,101.0,217.9724602,5.237695441,208.506546,218.6705475,5.469143606,27.76644021,9.733260955,4.14e-05,9.733206749,238.4752739,238.4752739,0,강원특별자치도,원주시,귀래면
1575,128.9759854,35.14626107,False,False,101.0,1.434727654,0.052765733,1.368361115,1.509477377,0.148465277,182.6221366,9.902506228,4.06e-05,9.902489662,239.3329914,239.3329914,0,부산광역시,사상구,학장동
1576,128.1617494,36.20249011,False,False,104.0,82.56454326,3.336107575,80.63854218,88.42658234,3.36437858,125.1288819,9.816997528,0.0,9.816997528,238.7410444,238.7410444,0,경상북도,김천시,감문면
1577,126.7361663,36.07467274,False,False,104.0,7.314406533,1.719970983,4.497056007,8.724270821,1.082918538,196.5596195,9.827475548,0.0,9.827475548,237.8512573,237.8512573,0,충청남도,서천군,기산면
1578,127.4858002,35.61880648,False,False,101.0,512.028224,9.701214565,496.4624023,513.8909302,9.007135766,139.3659197,9.864550804,4.79e-05,9.864544868,238.3678968,238.3678968,0,전북특별자치도,장수군,장수읍
1579,128.7639751,35.83952406,False,False,102.0,54.30830765,0.0,54.30830765,54.30830765,0.334602058,12.24730682,9.846658711,6.71e-07,9.846658707,239.1463046,239.1463046,0,경상북도,경산시,압량읍
1580,126.7495029,33.55193314,False,False,103.0,,,,,,,,,,,,0,제주특별자치도,제주시,구좌읍
1581,129.0314959,35.31914206,False,False,102.0,10.64269555,4.345246058,7.807025433,18.84043312,3.707503667,265.1377899,9.888700477,6.69e-07,9.888699532,239.3533117,239.3533117,0,경상남도,양산시,동면
1582,128.4368297,34.85222101,False,False,103.0,0.0,0.0,0.0,0.0,0.0,,9.925874945,3.76e-05,9.925852776,239.0276882,239.0276882,0,경상남도,통영시,정량동
1583,126.6511389,35.27185178,False,False,102.0,73.13558332,2.340600192,69.82656097,73.22037506,5.16217637,193.9579726,9.892495205,5.06e-05,9.89242363,237.8784157,237.8784157,0,전라남도,장성군,삼계면
1584,126.8880388,37.67911405,False,False,102.0,31.51110268,0.0,31.51110268,31.51110268,1.22761929,314.1924744,9.692951961,1.22e-06,9.692950249,237.8048538,237.8048538,0,경기도,고양시 덕양구,대자동
1585,129.1578869,35.42352946,False,False,104.0,116.8669891,0.0,116.8669891,116.8669891,2.556509495,109.0296173,9.880294014,4.12e-05,9.880291939,239.4227137,239.4227137,0,경상남도,양산시,주남동
1586,128.871881,35.23958427,False,False,101.0,9.648694753,0.372176471,9.352376938,10.08369637,0.767249279,157.3556372,9.895046129,4.93e-05,9.89504528,239.2615669,239.2615669,0,경상남도,김해시,내동
1587,126.4354918,35.27927727,False,False,102.0,0.0,0.0,0.0,0.0,0.0,,9.891894216,4.2e-05,9.89183712,237.7419535,237.7419535,0,전라남도,영광군,백수읍
1588,127.3489517,35.75172118,False,False,102.0,268.0553027,1.350186096,267.6946716,269.9303894,0.468334941,56.46205876,9.853815598,4.16e-05,9.853743553,238.2694678,238.2694678,0,전북특별자치도,진안군,마령면
1589,128.4389981,36.18072656,False,False,104.0,77.23350343,0.686495815,76.21923065,77.85403442,1.607136671,138.1315716,9.818779945,0.0,9.818779945,238.9166107,238.9166107,0,경상북도,구미시,산동읍
1590,127.686725,36.0973371,False,False,103.0,176.1330266,9.475958599,160.7213135,180.6460419,6.451746826,251.0696065,9.825609345,4.07e-05,9.825590134,238.4509782,238.4509782,0,충청북도,영동군,학산면
1591,128.630942,37.38310037,False,False,102.0,299.2202454,0.0,299.2202454,299.2202454,10.72603703,309.4347534,9.718249007,4.85e-05,9.718240738,238.949239,238.949239,0,강원특별자치도,정선군,정선읍
1592,126.4737273,33.2594251,True,False,101.0,,,,,,,,,,,,0,제주특별자치도,서귀포시,도순동
1593,128.920212,35.18969273,False,False,102.0,1.026723318,0.211051171,0.642348826,1.058291197,0.06493724,160.223087,9.899053322,1.18e-06,9.899051666,239.2954722,239.2954722,0,부산광역시,강서구,강동동
1594,126.5785236,36.9098832,False,False,102.0,37.26931406,6.961720786,32.57244492,49.23429871,5.180773379,166.5797779,9.758232715,4.84e-05,9.758225441,237.6716382,237.6716382,0,충청남도,당진시,고대면
1595,127.7113218,37.25016824,False,False,103.0,77.0459989,4.026451518,71.71614838,79.05032349,3.718133717,216.878952,9.729557568,3.95e-05,9.729509354,238.3708933,238.3708933,0,경기도,여주시,강천면
1596,127.4665557,37.76770996,False,False,103.0,108.2181033,8.111492037,104.5949631,119.1022873,11.36323178,301.6026382,9.685353266,4.21e-05,9.685297966,238.1732311,238.1732311,0,경기도,가평군,청평면
1597,127.5414794,37.33279235,False,False,102.0,41.40060843,0.981020806,39.89901733,41.58842468,0.525050901,335.3415503,9.722533226,0.0,9.722533226,238.2555434,238.2555434,0,경기도,여주시,흥천면
1598,127.0358911,37.88781164,False,False,102.0,81.93125209,1.409387779,80.01576233,83.27819824,1.448582099,85.98502513,9.674972573,4.63e-05,9.674958229,237.8844162,237.8844162,0,경기도,양주시,은현면
1599,128.6874277,37.40176823,True,False,103.0,307.4327168,5.371048381,304.8979492,316.4605408,3.962560765,221.2212883,9.716676554,5.73e-07,9.716675758,238.9840397,238.9840397,0,강원특별자치도,정선군,정선읍
1600,127.0047226,35.18467343,False,False,101.0,86.76780215,0.955044085,86.11010742,87.94748688,4.270980671,54.52290051,9.89945905,4e-05,9.899405479,238.1090163,238.1090163,0,광주광역시,북구,충효동
1601,126.9774237,37.72248008,False,False,101.0,119.8898392,0.0,119.8898392,119.8898392,3.796593904,223.7961578,9.689235789,3.86e-05,9.689196587,237.8594547,237.8594547,0,경기도,양주시,장흥면
1602,126.8490325,37.28101771,False,False,101.0,6.98263003,0.258431154,6.582474232,7.120501041,0.367754435,176.4389354,9.726941347,4e-05,9.726892471,237.8134429,237.8134429,0,경기도,안산시 상록구,사동
1603,126.6919616,37.59128222,False,False,104.0,36.68788749,2.349052079,33.39221954,37.10581589,6.668366635,38.44711613,9.70047726,5.1e-05,9.700471878,237.6849537,237.6849537,0,인천광역시,서구,당하동
1604,127.0616279,37.84716934,False,False,103.0,75.34695484,0.065985212,75.2556076,75.36602783,1.966805351,264.495779,9.678499237,3.98e-05,9.678452492,237.9041137,237.9041137,0,경기도,양주시,덕정동
1605,127.9183655,35.8266409,False,False,102.0,372.996198,14.65968539,368.3542786,401.7018738,6.884162452,116.6728579,9.847717285,0.0,9.847717285,238.6202084,238.6202084,0,경상남도,거창군,웅양면
1606,126.4623288,35.24719004,False,False,104.0,7.423055344,1.923786978,4.972935677,8.630017281,3.554076074,319.5774391,9.894450787,3.64e-05,9.894417763,237.7622252,237.7622252,0,전라남도,영광군,군남면
1607,126.9108004,37.96057728,True,False,102.0,20.51544696,1.278816843,19.13467216,21.68343925,1.35576691,279.1112912,9.668691478,5.74e-07,9.668690681,237.7968127,237.7968127,0,경기도,파주시,적성면
1608,127.4844034,34.95814937,False,False,103.0,15.78712242,1.538366336,15.28779411,18.40441513,1.646849267,114.9042585,9.917489052,0.0,9.917489052,238.4304755,238.4304755,0,전라남도,순천시,매곡동
1609,127.5976914,36.00073945,False,False,104.0,220.4948856,30.027112,183.8839111,245.0859833,24.28576047,101.5470067,9.833533531,4.2e-05,9.833476067,238.4034724,238.4034724,0,전북특별자치도,무주군,부남면
1610,127.7581625,35.92212903,False,False,104.0,540.0359117,7.179950261,530.6972656,544.022522,12.58443896,106.3376549,9.839945516,3.86e-05,9.839896202,238.511406,238.511406,0,전북특별자치도,무주군,설천면
1611,126.9376766,35.10505591,False,False,101.0,82.80153547,2.814670232,81.75370026,87.56095123,4.01066122,252.4265401,9.905809053,3.82e-05,9.905759811,238.0751405,238.0751405,0,광주광역시,동구,월남동
1612,126.9709894,35.93186349,False,False,102.0,13.52691819,1.741078932,12.56899071,15.79519653,2.852573503,216.9419,9.839159776,4.23e-05,9.839086533,238.0142512,238.0142512,0,전북특별자치도,익산시,동산동
1613,126.6330032,36.91244482,False,False,102.0,8.942894979,0.352074826,8.573784828,9.277067184,4.725716236,191.4426834,9.758040428,0.0,9.758040428,237.7067051,237.7067051,0,충청남도,당진시,우두동
1614,128.4472238,36.65428106,False,False,103.0,106.7652091,15.38928415,83.72009277,112.8214417,9.952108619,97.57769152,9.779622113,4.14e-05,9.779566765,238.8849983,238.8849983,0,경상북도,예천군,예천읍
1615,127.9236848,35.8129982,False,False,103.0,316.5588074,0.0,316.5588074,316.5588074,3.076351166,144.2381134,9.848817825,0.0,9.848817825,238.6246644,238.6246644,0,경상남도,거창군,웅양면
1616,126.4321508,33.2456445,False,False,103.0,,,,,,,,,,,,0,제주특별자치도,서귀포시,대포동
1617,128.5571372,35.85996546,False,False,104.0,38.34670083,0.406230171,38.24921036,38.91286469,0.762515939,306.6964143,9.845016294,4.39e-05,9.844955444,239.0160671,239.0160671,0,대구광역시,서구,내당동
1618,128.5511201,35.34888866,False,False,102.0,100.9603103,12.19788787,85.7542572,101.2990265,14.48807444,198.2613271,9.886309143,3.79e-05,9.886262894,239.0548881,239.0548881,0,경상남도,함안군,칠북면
1619,128.5675853,36.39577604,False,False,104.0,73.71341174,0.764725119,73.36789703,74.78043365,3.922191132,98.69705651,9.801042293,5.21e-05,9.801040649,238.9804999,238.9804999,0,경상북도,의성군,안평면
1620,128.5299118,35.45625785,False,False,103.0,60.82858276,7.11e-15,60.82858276,60.82858276,3.194075584,194.9319916,9.877689307,4.47e-05,9.877626419,239.0324488,239.0324488,0,경상남도,창녕군,영산면
1621,128.0373273,35.5351153,False,False,104.0,98.15180206,0.0,98.15180206,98.15180206,11.15307522,289.8874512,9.871338788,5.12e-05,9.871266365,238.7201072,238.7201072,0,경상남도,합천군,대병면
1622,126.8796261,37.44445025,False,False,101.0,30.82956696,0.0,30.82956696,30.82956696,7.377875805,125.357254,9.713032217,4.06e-05,9.713004112,237.8190582,237.8190582,0,경기도,광명시,소하동
1623,126.3168651,36.74409911,False,False,104.0,8.18206501,0.0,8.18206501,8.18206501,1.150236845,182.5404358,9.772134647,4.35e-05,9.772074699,237.5187404,237.5187404,0,충청남도,태안군,태안읍
1624,127.1956044,36.94295786,False,False,101.0,22.8318144,1.113194807,20.83297729,23.50086212,1.87344713,135.0179387,9.755460739,0.0,9.755460739,238.0656128,238.0656128,0,충청남도,천안시 서북구,입장면
1625,126.7301256,37.32599191,False,False,103.0,3.255640404,0.280076345,2.860612631,3.284598589,0.139611147,276.5357534,9.723128319,0.0,9.723128319,237.732605,237.732605,0,경기도,시흥시,정왕동
1626,127.6749038,37.39527951,False,False,102.0,101.5338684,11.42894998,93.70020294,121.6003113,8.55517905,139.3428872,9.717238347,4.44e-05,9.717177391,238.3364965,238.3364965,0,경기도,여주시,북내면
1627,126.7567468,36.78727803,False,False,101.0,44.92646745,5.971266587,36.24043655,45.84516144,2.155876317,274.2669312,9.76852889,3.77e-05,9.768465042,237.7977689,237.7977689,0,충청남도,당진시,합덕읍
1628,127.9369845,36.98878179,False,False,102.0,86.79035421,1.203592165,85.01772308,87.1375351,1.839897508,321.3960005,9.751631737,0.0,9.751631737,238.5358605,238.5358605,0,충청북도,충주시,연수동
1629,127.8984161,37.384171,False,False,103.0,131.5846313,4.855874591,122.5226822,134.1652679,7.037513201,295.2658745,9.718161062,4.4e-05,9.718143463,238.4807356,238.4807356,0,강원특별자치도,원주시,지정면
1630,129.410537,36.08026774,False,False,102.0,4.047549202,0.148981141,3.837117195,4.057995796,0.532413202,333.5841459,9.827023821,3.9e-05,9.826973915,239.5298315,239.5298315,0,경상북도,포항시 북구,양덕동
1631,126.5868722,36.35423662,False,False,102.0,14.90688552,6.940963051,11.26376057,25.95197296,5.280087622,178.3296266,9.804503915,4.9e-05,9.804434776,237.7293627,237.7293627,0,충청남도,보령시,대천동
1632,128.5488995,35.89195686,False,False,102.0,25.29227908,0.087048642,25.22416115,25.39482117,0.491938653,273.4492612,9.842383302,4.97e-05,9.84237957,239.0083439,239.0083439,0,대구광역시,서구,비산동
1633,127.382911,37.51023474,False,False,102.0,29.51253214,2.182989657,26.58704948,30.49865532,3.901698427,228.496588,9.707409624,5.35e-07,9.707408905,238.1391577,238.1391577,0,경기도,양평군,양서면
1634,129.0500531,35.1591838,False,False,101.0,16.69981836,1.179191977,14.55313873,17.10892868,2.801083309,159.1978274,9.901484489,0.0,9.901484489,239.377401,239.377401,0,부산광역시,부산진구,당감동
1635,128.2217059,35.14236851,False,False,102.0,62.32649658,6.304588338,60.31769562,71.01329041,3.806923855,79.14808923,9.902812129,4.72e-05,9.902807236,238.8691916,238.8691916,0,경상남도,진주시,문산읍
1636,127.1012809,37.72083793,False,False,104.0,59.77995194,0.59318609,58.94919968,60.19232941,0.86772876,59.35071374,9.68938779,4.77e-07,9.689387321,237.9401464,237.9401464,0,경기도,의정부시,고산동
1637,127.0891405,37.16212014,False,False,104.0,26.08378476,1.663846877,24.71096039,28.58810997,1.091181072,267.0257071,9.737018026,4.59e-05,9.736954689,237.9783493,237.9783493,0,경기도,화성시 동탄구,방교동
1638,127.054804,36.91939463,False,False,104.0,28.47183198,0.394417232,28.38408089,29.02267647,0.76407251,88.21800772,9.757465728,4.43e-05,9.757389069,237.977113,237.977113,0,충청남도,아산시,둔포면
1639,127.7215317,35.54021933,False,False,104.0,245.6837508,17.63633351,235.5933838,274.5056763,13.50277188,236.5481218,9.870896261,4.14e-05,9.870894432,238.5227174,238.5227174,0,경상남도,함양군,함양읍
1640,126.5567484,34.92001893,False,False,104.0,29.24940935,10.01242748,26.48756027,46.36924744,9.408296762,279.1370182,9.920499802,1.78e-15,9.920499802,237.8563366,237.8563366,0,전라남도,나주시,동강면
1641,127.753449,37.8716808,False,False,104.0,111.5573296,7.024456922,110.2028809,121.3986435,4.662794623,327.7818122,9.676382065,0.0,9.676382065,238.3513872,238.3513872,0,강원특별자치도,춘천시,후평동
1642,129.3662503,36.12539095,False,False,103.0,7.358827701,0.192456859,7.097772598,7.43583107,0.182588927,71.29898038,9.823304776,4.65e-05,9.823296547,239.4990591,239.4990591,0,경상북도,포항시 북구,흥해읍
1643,126.3361756,34.49760775,False,False,101.0,42.3183784,0.588385191,41.96487808,43.07165909,7.606079923,25.47912704,9.953813664,3.51e-05,9.953780174,237.7654788,237.7654788,0,전라남도,진도군,고군면
1644,128.4042384,36.07680749,False,False,104.0,43.42003559,4.003641865,37.89097595,45.92493057,4.106108028,10.34136544,9.827303012,3.71e-05,9.827260971,238.9032637,238.9032637,0,경상북도,칠곡군,석적읍
1645,128.6237858,35.79784029,False,False,104.0,103.7935181,1.42e-14,103.7935181,103.7935181,6.228351593,26.53606415,9.850064278,0.0,9.850064278,239.062561,239.062561,0,대구광역시,달성군,가창면
1646,127.9980206,36.91470953,False,False,102.0,201.3257378,11.84359466,195.7076569,220.4895782,5.879125917,223.7462605,9.757858241,5.13e-05,9.757785797,238.5803147,238.5803147,0,충청북도,충주시,살미면
1647,126.6843405,37.60865112,False,False,102.0,14.13207602,1.853381721,13.82396507,17.43073463,0.651163716,11.29519824,9.699008942,0.0,9.699008942,237.6784668,237.6784668,0,인천광역시,서구,불로동
1648,127.9984892,35.24013082,False,False,104.0,51.66334431,9.259111652,47.99990845,69.51872253,6.547246254,209.5679957,9.895009041,1.78e-15,9.895009041,238.7222639,238.7222639,0,경상남도,진주시,명석면
1649,126.7236653,37.4067894,False,False,104.0,22.47528379,1.754173061,20.61192894,25.04745483,1.672511938,176.6542511,9.716231346,0.0,9.716231346,237.7213898,237.7213898,0,인천광역시,남동구,논현동
1650,129.3927607,36.10415186,False,False,104.0,42.7087005,2.619895792,39.0752449,46.07307434,3.353907275,76.64919569,9.825051752,4.01e-05,9.825029373,239.5169485,239.5169485,0,경상북도,포항시 북구,흥해읍
1651,127.6074896,37.11090317,False,False,103.0,99.20432056,8.25380002,97.2423172,113.2691116,5.0256137,94.00409975,9.741316014,4.34e-05,9.741315842,238.3153966,238.3153966,0,경기도,이천시,장호원읍
1652,128.4284122,36.77983499,False,False,101.0,370.6799622,0.0,370.6799622,370.6799622,12.92893505,125.7578506,9.769137652,3.77e-05,9.769100189,238.8636473,238.8636473,0,경상북도,예천군,효자면
1653,127.1330985,36.91387024,False,False,101.0,30.23130866,1.007467969,29.09371376,31.69350433,1.284415955,207.6455818,9.757898402,5.32e-05,9.757898331,238.0278626,238.0278626,0,충청남도,천안시 서북구,성환읍
1654,127.0066922,37.30174767,False,False,104.0,52.47487662,0.487077792,52.43790817,53.16271591,0.429622156,230.0741574,9.725170375,4.13e-05,9.725146294,237.9135695,237.9135695,0,경기도,수원시 장안구,송죽동
1655,126.6604871,35.1331941,False,False,103.0,62.3874671,8.787849365,62.11267471,74.81232452,6.425927521,109.2069237,9.9035669,3.87e-05,9.903515816,237.8986479,237.8986479,0,광주광역시,광산구,내산동
1656,127.1333168,35.87866684,False,False,101.0,35.41166267,0.099522435,35.38916016,35.55059814,0.651406169,263.9641156,9.84347879,3.73e-05,9.843448639,238.121827,238.121827,0,전북특별자치도,전주시 덕진구,송천동2가
1657,128.6955009,34.86567961,False,False,103.0,0.0,0.0,0.0,0.0,0.0,,9.924818344,2.01e-06,9.924817085,239.1850106,239.1850106,0,경상남도,거제시,아주동
1658,127.3945179,36.4216371,False,False,102.0,35.42006311,0.917845407,34.39555359,36.68415833,0.912481696,70.17798618,9.798935763,4.34e-05,9.79886055,238.2375267,238.2375267,0,대전광역시,유성구,관평동
1659,127.7517415,37.92576658,False,False,104.0,81.40479537,0.445967534,80.64260101,81.75513458,0.197695646,198.7422233,9.671708107,0.0,9.671708107,238.3461609,238.3461609,0,강원특별자치도,춘천시,신북읍
1660,128.0437078,35.03374106,False,False,102.0,13.1272735,2.758180139,8.173051834,15.26512527,3.313739189,226.8243286,9.911495741,4.05e-05,9.911425591,238.769475,238.769475,0,경상남도,사천시,용현면
1661,128.4012915,35.28084436,False,False,102.0,9.769594851,1.074168438,8.31056881,10.95950985,0.979536015,327.1633652,9.891748578,4.13e-05,9.891732216,238.9679326,238.9679326,0,경상남도,함안군,가야읍
1662,129.3359254,36.03271209,False,False,102.0,42.87206467,11.69220036,32.28595352,59.53420258,7.358414661,239.4059109,9.830919728,4.23e-05,9.830861092,239.4870146,239.4870146,0,경상북도,포항시 남구,이동
1663,128.7231956,35.86734789,False,False,101.0,40.8569637,0.265024653,40.72509384,41.24948883,0.287807334,318.4439708,9.844417349,4.79e-05,9.844349861,239.1189228,239.1189228,0,대구광역시,동구,동호동
1664,128.5675985,34.89836631,False,False,103.0,0.0,0.0,0.0,0.0,0.0,,9.922224998,0.0,9.922224998,239.1037903,239.1037903,0,경상남도,거제시,사등면
1665,128.0529172,34.7890622,False,False,102.0,35.95359653,9.604295249,22.83503914,39.47331619,16.608874,248.8506286,9.930871964,0.0,9.930871964,238.7979048,238.7979048,0,경상남도,남해군,삼동면
1666,126.8782609,35.79755981,False,False,104.0,9.790886512,1.416394629,8.973975182,11.61982155,1.106417844,239.3799945,9.850064211,4.93e-05,9.850061417,237.968311,237.968311,0,전북특별자치도,김제시,교동
1667,127.0119856,38.00340007,False,False,101.0,26.9201951,15.71149625,15.19283962,45.79269791,12.56370616,29.06965348,9.664980497,4.85e-07,9.664979935,237.8595137,237.8595137,0,경기도,연천군,전곡읍
1668,129.1177815,35.56953204,False,False,104.0,92.94738102,4.361248519,88.98206329,100.225647,5.809369515,155.2226941,9.868554905,5.7e-07,9.868554115,239.3866643,239.3866643,0,울산광역시,울주군,언양읍
1669,127.7453833,36.92027739,False,False,103.0,117.1831778,0.369345222,116.7573395,117.4856567,0.560588742,67.29489563,9.757370467,3.86e-05,9.757341385,238.4188999,238.4188999,0,충청북도,음성군,소이면
1670,128.399007,34.84090385,False,False,101.0,0.0,0.0,0.0,0.0,0.0,,9.926763306,4.75e-05,9.926757813,239.0057222,239.0057222,0,경상남도,통영시,인평동
1671,128.5003884,35.75500393,False,False,101.0,108.6442123,3.978264211,107.6020508,116.446167,2.918154361,244.1521862,9.853543721,4.09e-05,9.853488922,238.9893261,238.9893261,0,대구광역시,달성군,옥포읍
1672,128.6084327,37.27351319,False,False,101.0,245.107502,5.900638303,240.0541687,255.3404846,8.993258447,277.917436,9.727564184,5e-07,9.727563858,238.9423174,238.9423174,0,강원특별자치도,정선군,신동읍
1673,129.5034816,35.81747101,False,False,102.0,50.84454657,10.25663769,35.54135513,54.1440239,4.137275577,219.3705376,9.848455347,3.81e-05,9.848428726,239.605952,239.605952,0,경상북도,경주시,감포읍
1674,128.8104916,35.08751832,False,False,104.0,7.469698658,0.476428252,7.468036652,8.143467903,1.649263774,17.79508237,9.907209002,4.1e-05,9.90715313,239.2363993,239.2363993,0,경상남도,창원시 진해구,용원동
1675,127.6120796,37.32013884,False,False,103.0,40.83033761,12.45620336,38.099823,58.23316193,6.781034286,24.02278756,9.723608971,0.0,9.723608971,238.3017578,238.3017578,0,경기도,여주시,세종대왕면
1676,127.4432212,36.72460718,False,False,104.0,70.39200408,9.108489823,58.55598831,76.0927887,4.022681104,156.2466898,9.773765886,5.08e-05,9.773694038,238.2423693,238.2423693,0,충청북도,청주시 청원구,오창읍
1677,129.1041701,35.38870749,False,False,103.0,635.5415288,15.79384636,615.5147705,657.2011108,17.83047933,318.7208959,9.883119362,4.29e-05,9.883059502,239.3923637,239.3923637,0,경상남도,양산시,평산동
1678,129.0231592,35.29549537,False,False,104.0,20.3188966,4.10442555,13.21164703,23.685009,4.546746808,293.2263731,9.890569467,4.2e-05,9.890568733,239.3500025,239.3500025,0,경상남도,양산시,동면
1679,126.8711738,37.65035928,True,False,101.0,20.50719177,0.600781473,20.37314606,21.39334297,1.072006354,154.4919786,9.69543457,0.0,9.69543457,237.7962982,237.7962982,0,경기도,고양시 덕양구,원흥동
1680,128.2437485,37.8188331,False,False,104.0,530.8465104,30.13985556,525.7958374,573.1704102,15.83128055,211.2727701,9.680924317,5.05e-05,9.68091774,238.6712362,238.6712362,0,강원특별자치도,홍천군,내면
1681,128.914879,35.19925164,False,False,101.0,5.364446323,1.409276864,3.382468462,5.573936939,2.412154228,38.69720688,9.898277767,3.88e-05,9.898255348,239.2913845,239.2913845,0,부산광역시,강서구,강동동
1682,128.6891422,36.5714067,False,False,101.0,135.4664606,4.795274173,128.6850586,135.5099945,4.536351916,288.9010217,9.786495911,1.18e-06,9.786494255,239.0438682,239.0438682,0,경상북도,안동시,옥동
1683,126.3846567,33.24357492,False,False,101.0,,,,,,,,,,,,0,제주특별자치도,서귀포시,하예동
1684,128.7358098,35.81697475,False,False,101.0,54.82868676,0.101739733,54.82764435,54.9725647,0.632843651,259.2085946,9.848497501,3.74e-05,9.848467827,239.1306766,239.1306766,0,경상북도,경산시,서상동
1685,129.2563687,35.71363926,True,False,102.0,146.0918461,1.657716313,144.091629,147.314621,5.622623933,42.22716224,9.856897606,5.27e-07,9.856897354,239.4609705,239.4609705,0,경상북도,경주시,내남면
1686,128.8520382,37.81034395,False,False,101.0,63.52478397,1.712068291,61.70931625,65.12679291,1.624493909,41.28194812,9.681687488,4.9e-05,9.68161869,239.0625882,239.0625882,0,강원특별자치도,강릉시,사천면
1687,127.3761708,36.88362691,True,False,103.0,105.1027453,1.614087096,104.5700073,107.3223724,1.523253951,34.78236812,9.760434367,4.82e-05,9.760424614,238.1861879,238.1861879,0,충청북도,진천군,백곡면
1688,127.3848074,35.98272203,False,False,103.0,387.0031633,21.9770279,357.9283447,419.0164795,22.36085044,145.2864007,9.835003888,4.03e-05,9.834950447,238.2708075,238.2708075,0,전북특별자치도,진안군,주천면
1689,127.4575937,36.7374735,False,False,101.0,50.17691125,1.88381417,48.33224869,52.36078262,1.55189666,63.98609396,9.772676836,3.67e-05,9.772640228,238.2505492,238.2505492,0,충청북도,청주시 청원구,오창읍
1690,128.0994819,34.94454917,False,False,104.0,33.10901214,0.452396901,32.47077942,33.15356445,1.253211849,114.0785017,9.918557146,3.95e-05,9.918538094,238.8118449,238.8118449,0,경상남도,사천시,봉남동
1691,126.7407452,37.52392576,False,False,103.0,10.25974316,0.100805448,10.11718273,10.25977612,0.671827793,347.4373974,9.706242091,4.44e-05,9.706225395,237.7223098,237.7223098,0,인천광역시,부평구,삼산동
1692,128.8685686,35.41160975,False,False,104.0,30.26846334,8.48545494,18.33933449,31.5729847,15.86176565,91.74074179,9.881264232,3.64e-05,9.881232262,239.2452812,239.2452812,0,경상남도,밀양시,삼랑진읍
1693,127.2213373,37.28141886,False,False,102.0,75.92396789,2.367013933,72.63614655,76.55304718,1.453425847,78.77554426,9.726919192,5.07e-05,9.726847649,238.0537071,238.0537071,0,경기도,용인시 처인구,포곡읍
1694,127.8075548,37.75596348,False,False,104.0,212.480861,20.91514653,202.0709229,242.578949,14.60583889,182.5407618,9.686340332,0.0,9.686340332,238.3947866,238.3947866,0,강원특별자치도,춘천시,동산면
1695,128.1401008,36.4165505,False,False,103.0,62.71778773,0.784376003,61.61019135,62.77879333,0.553183038,2.143840372,9.799348152,3.95e-05,9.799297333,238.710005,238.710005,0,경상북도,상주시,연원동
1696,126.408967,37.45194913,False,False,104.0,0.0,0.0,0.0,0.0,0.0,,9.712386344,4.66e-05,9.712373734,237.5129544,237.5129544,0,인천광역시,중구,남북동
1697,127.2399129,37.26878141,False,False,103.0,100.8096445,2.30395338,99.60839844,105.1859512,1.611717923,290.4311589,9.727990893,1.88e-06,9.727988243,238.0664602,238.0664602,0,경기도,용인시 처인구,포곡읍
1698,128.3267052,36.62587316,True,False,104.0,87.30113868,3.530883517,84.80140686,91.62382507,3.196122464,185.2911809,9.781968117,0.0,9.781968117,238.8112335,238.8112335,0,경상북도,예천군,개포면
1699,127.0195321,37.17883837,False,False,101.0,61.58749038,6.959579488,51.83203125,64.28365326,9.137980705,189.7018357,9.735605628,1.03e-06,9.735604286,237.9320821,237.9320821,0,경기도,오산시,지곶동
1700,126.9198773,37.01764491,False,False,101.0,25.10832222,1.316807859,24.23783302,27.09342003,1.293344376,271.0649192,9.749181747,0.0,9.749181747,237.882019,237.882019,0,경기도,평택시,청북읍
1701,128.5468355,35.94450967,False,False,104.0,50.61338677,2.046259852,48.60921097,53.49180984,1.108087347,135.3105923,9.838115692,0.0,9.838115692,239.0030212,239.0030212,0,대구광역시,북구,관음동
1702,126.749558,37.34001215,False,False,103.0,5.108170033,0.0,5.108170033,5.108170033,0.185608819,215.9530945,9.72192364,3.7e-05,9.721891403,237.7437147,237.7437147,0,경기도,시흥시,정왕동
1703,126.8497772,37.52174951,False,False,102.0,29.83058045,6.913148566,19.99530029,32.92742538,4.614573018,87.52504598,9.70644076,3.86e-05,9.706400871,237.7931853,237.7931853,0,서울특별시,양천구,신정동
1704,128.7948417,35.18403621,False,False,104.0,70.33996256,10.81315134,62.2851181,90.06775665,10.88077511,56.5212552,9.899516752,4.11e-05,9.899445534,239.2189034,239.2189034,0,경상남도,김해시,대청동
1705,127.88813,37.69607566,False,False,104.0,153.8455129,8.503345006,153.6403503,165.8693085,8.359096857,160.8986061,9.691494294,4.36e-05,9.691475868,238.4510266,238.4510266,0,강원특별자치도,홍천군,홍천읍
1706,128.5023026,36.79664,False,False,103.0,230.6102326,0.162324068,230.4996185,230.8113861,4.88138559,109.9700768,9.767718315,0.0,9.767718315,238.9092712,238.9092712,0,경상북도,영주시,봉현면
1707,127.9789501,35.32528859,False,False,103.0,58.46028676,3.481196343,57.14766312,65.23812866,2.524285202,170.2797021,9.888213323,5.01e-05,9.888142586,238.7024514,238.7024514,0,경상남도,산청군,신안면
1708,127.1205934,35.51960195,False,False,103.0,141.0946179,18.73844993,135.4185028,175.8674469,11.22463855,231.5804956,9.872584604,4.27e-05,9.872526169,238.1483578,238.1483578,0,전북특별자치도,임실군,강진면
1709,127.4563337,37.58621496,False,False,102.0,320.3963184,4.468804366,314.232605,326.800354,6.375242796,152.8782787,9.700929642,0.0,9.700929642,238.180557,238.180557,0,경기도,양평군,옥천면
1710,126.6023674,36.44193432,False,False,103.0,32.31412485,7.207027497,27.35515976,44.2378006,6.710227883,208.7755572,9.797247703,4.01e-05,9.797196388,237.7307427,237.7307427,0,충청남도,보령시,청소면
1711,127.8340608,34.92850687,False,False,101.0,6.790506359,3.666493874,1.405752301,9.588921547,1.289847338,118.8810246,9.919824692,4.49e-05,9.919816017,238.6497438,238.6497438,0,경상남도,하동군,금남면
1712,129.5486328,35.9738328,False,False,101.0,,,,,,,,,,,,0,경상북도,포항시 남구,구룡포읍
1713,129.1173879,37.49965404,False,False,103.0,7.952898012,1.285359603,7.056947231,9.534533501,3.699077737,109.8213643,9.708342539,4.91e-05,9.708272934,239.251104,239.251104,0,강원특별자치도,동해시,용정동
1714,126.8800795,37.49117039,False,False,101.0,10.90358928,0.877651626,9.678641319,11.25931454,0.212952795,196.0619023,9.709059921,4.22e-05,9.709004402,237.8156066,237.8156066,0,서울특별시,구로구,구로동
1715,126.8261634,37.40631865,False,True,101.0,14.94966906,2.568035063,14.75138474,18.57600212,2.006050763,211.7248658,9.716280514,4.12e-05,9.716256142,237.7878462,237.7878462,0,경기도,시흥시,도창동
1716,126.6036353,35.50781707,False,False,104.0,4.158839919,0.538668362,3.485120296,4.514408588,0.952400366,115.9755025,9.873537601,4.54e-05,9.873474121,237.8239622,237.8239622,0,전북특별자치도,고창군,아산면
1717,127.455145,36.30014846,False,False,102.0,68.28271567,1.4781497,66.57951355,69.49472046,0.711395233,41.45515184,9.808957139,3.86e-05,9.808907509,238.2868512,238.2868512,0,대전광역시,중구,옥계동
1718,127.9433179,36.97836937,False,False,104.0,98.15402652,3.970828123,96.09864807,103.3799591,4.118864781,194.7745857,9.752485216,4.29e-05,9.752468109,238.5404653,238.5404653,0,충청북도,충주시,교현동
1719,126.8027693,35.48976587,False,False,104.0,104.4590835,11.38676139,88.38893127,105.4919815,15.74158916,292.9171718,9.874967575,0.0,9.874967575,237.9513547,237.9513547,0,전북특별자치도,정읍시,입암면
1720,129.1353126,35.20279713,False,False,103.0,169.7594075,23.60039958,134.5252228,179.0297089,10.85440917,169.8507101,9.897993931,3.87e-05,9.897974014,239.4260336,239.4260336,0,부산광역시,해운대구,반여동
1721,129.2712184,35.56046167,False,False,101.0,13.74743632,4.710468482,13.4757328,20.40350151,7.027967632,216.0055293,9.869282827,3.78e-05,9.869236946,239.4818497,239.4818497,0,울산광역시,중구,다운동
1722,128.9820014,35.212845,False,False,102.0,2.046328475,0.278757358,1.564124227,2.201741695,0.121461421,176.7864787,9.89719398,3.66e-05,9.897166252,239.3313946,239.3313946,0,부산광역시,강서구,대저1동
1723,128.9341741,37.77770268,False,False,102.0,5.88546052,0.129985222,5.788066387,6.041366577,0.065569018,146.2678863,9.684496723,5.74e-07,9.684495926,239.1171893,239.1171893,0,강원특별자치도,강릉시,송정동
1724,128.2820986,35.14620363,False,False,101.0,76.20308676,13.70441574,66.07993317,99.82319641,10.66280473,178.5590119,9.902529082,3.86e-05,9.902478218,238.9061829,238.9061829,0,경상남도,진주시,일반성면
1725,126.9907207,35.23701002,False,False,103.0,56.7748599,3.053615186,51.33843231,59.0041008,4.905752189,184.8544143,9.895267886,3.56e-05,9.89522934,238.0949314,238.0949314,0,전라남도,담양군,창평면
1726,127.7999059,34.65705766,False,False,103.0,0.0,0.0,0.0,0.0,0.0,,9.941281076,3.78e-05,9.941257477,238.6549176,238.6549176,0,전라남도,여수시,돌산읍
1727,128.7647484,35.56487162,False,False,102.0,32.52402639,1.785178206,30.65747261,34.22393799,6.633156988,143.0640864,9.868937896,4.89e-05,9.868868828,239.1690195,239.1690195,0,경상남도,밀양시,상동면
1728,128.6545007,34.93099994,False,False,101.0,0.0,0.0,0.0,0.0,0.0,,9.919641495,0.0,9.919641495,239.1542053,239.1542053,0,경상남도,거제시,연초면
1729,126.7132929,36.00526209,False,False,103.0,3.595756779,4.916329598,3.432667255,12.10252094,1.844171316,181.2247075,9.833166122,0.0,9.833166122,237.8436737,237.8436737,0,충청남도,서천군,장항읍
1730,129.3143626,36.00299847,False,False,102.0,12.22173033,0.722861238,11.71747875,13.11099243,7.169878055,149.2526718,9.833342552,0.0,9.833342552,239.4757385,239.4757385,0,경상북도,포항시 남구,연일읍
1731,128.4010316,37.61551892,False,False,104.0,639.7990288,0.566595568,638.9977417,639.7991333,7.592312942,157.2067383,9.698427761,4.45e-05,9.698367119,238.7863976,238.7863976,0,강원특별자치도,평창군,봉평면
1732,127.7842711,34.91002654,False,False,101.0,12.19311597,1.324027882,10.320858,12.22049809,0.566272619,126.4809617,9.921307564,0.0,9.921307564,238.620699,238.620699,0,전라남도,광양시,금호동
1733,128.1044942,35.11131096,False,False,103.0,26.27047677,2.244409998,23.65486717,29.89587593,4.224463189,228.975444,9.905298255,3.74e-05,9.905273438,238.799838,238.799838,0,경상남도,진주시,정촌면
1734,126.5105941,33.25286151,False,False,103.0,,,,,,,,,,,,0,제주특별자치도,서귀포시,법환동
1735,126.5029993,37.52525609,False,False,101.0,9.035331045,1.892611465,5.672658443,9.463209152,0.850259699,176.9109467,9.706148148,0.0,9.706148148,237.5676727,237.5676727,0,인천광역시,중구,운북동
1736,126.6381686,36.82177897,False,False,103.0,74.30375293,3.794537236,71.09868622,80.88379669,4.627433707,43.18108868,9.765632493,3.79e-05,9.765590668,237.7180825,237.7180825,0,충청남도,당진시,면천면
1737,126.7106155,37.34664571,False,False,104.0,5.085411837,0.556062904,4.858222961,5.891957283,0.153971347,67.70010029,9.721378326,1.78e-15,9.721378326,237.7182354,237.7182354,0,경기도,시흥시,정왕동
1738,128.5426751,35.86487879,False,False,104.0,47.32461188,1.185597183,45.22107315,48.35647583,1.602106476,132.653611,9.844592343,4.29e-05,9.844577789,239.0066985,239.0066985,0,대구광역시,서구,중리동
1739,128.7958875,35.17945608,False,False,101.0,53.67467961,0.63573701,53.49978256,54.55657196,3.015034946,162.6104784,9.899878138,1.12e-06,9.899876595,239.2199465,239.2199465,0,경상남도,김해시,관동동
1740,129.0658988,35.61271056,False,False,101.0,191.681832,5.884778336,187.4003296,202.0438843,6.09525315,44.25372112,9.865074,4.98e-05,9.865003586,239.3512857,239.3512857,0,울산광역시,울주군,상북면
1741,128.7185158,36.72393032,False,False,102.0,210.9376763,11.28462742,206.3196411,232.0595245,6.708923903,133.8330784,9.773816006,4.16e-05,9.773760796,239.0512115,239.0512115,0,경상북도,영주시,평은면
1742,129.0917715,36.37358969,False,False,104.0,222.3668518,0.0,222.3668518,222.3668518,0.66976279,325.5325317,9.802881661,4.17e-05,9.802863121,239.3105496,239.3105496,0,경상북도,청송군,주왕산면
1743,128.4408559,36.09000991,False,False,104.0,74.38940985,0.654020887,74.30992126,75.31091309,2.979261186,5.306481289,9.826225327,3.88e-05,9.82617569,238.9252151,238.9252151,0,경상북도,구미시,구평동
1744,127.0581168,35.89477105,False,False,104.0,5.016031066,0.130166489,4.892465115,5.152479172,0.342273365,245.9479192,9.842156637,4.55e-05,9.842146873,238.0726135,238.0726135,0,전북특별자치도,완주군,삼례읍
1745,126.7131005,37.59912083,False,False,101.0,21.68322392,2.251498876,21.57806396,25.44769669,2.413469564,69.64680809,9.699837361,4.23e-05,9.699764252,237.6978457,237.6978457,0,인천광역시,서구,원당동
1746,126.6816583,35.73334515,True,False,104.0,6.008555975,2.330221655,2.981431007,8.363634109,1.090053826,269.6079525,9.855277061,0.0,9.855277061,237.8504944,237.8504944,0,전북특별자치도,부안군,행안면
1747,128.673573,37.84533624,False,False,103.0,173.6125788,8.921468012,172.3940125,186.1704559,10.58504952,129.7450254,9.678653752,6.5e-07,9.678653717,238.9456759,238.9456759,0,강원특별자치도,강릉시,연곡면
1748,128.3215665,36.21969277,False,False,102.0,41.31987891,3.794660302,41.02867889,46.67843246,4.740943224,29.05660251,9.815589543,4.79e-05,9.815522194,238.8398351,238.8398351,0,경상북도,구미시,고아읍
1749,126.6257226,36.49940017,False,False,101.0,5.40227787,0.353993493,5.249013424,5.878862381,0.219775272,28.39792142,9.792478561,0.0,9.792478561,237.7402649,237.7402649,0,충청남도,홍성군,광천읍
1750,128.6874303,37.21395789,True,False,103.0,472.2643967,1.135757224,470.6640625,472.4015808,3.925076239,347.5938396,9.732606725,4.59e-05,9.732593536,238.9965874,238.9965874,0,강원특별자치도,정선군,신동읍
1751,128.8442448,35.2260276,False,False,103.0,5.500567436,0.0,5.500567436,5.500567436,0.413753271,230.8349304,9.89615329,3.9e-05,9.896101952,239.2456798,239.2456798,0,경상남도,김해시,주촌면
1752,129.0424333,37.63881419,False,False,102.0,12.3740887,26.21525729,5.771836758,48.85544968,15.21161842,83.22996453,9.696413103,4.09e-05,9.696386337,239.1948513,239.1948513,0,강원특별자치도,강릉시,옥계면
1753,127.048688,35.90393724,False,False,103.0,8.636335895,1.047642095,7.154921532,8.659126282,0.37442125,332.0151151,9.841414452,0.0,9.841414452,238.0659949,238.0659949,0,전북특별자치도,완주군,삼례읍
1754,128.0380687,35.50685926,False,False,102.0,277.4858309,10.21797412,276.3989258,295.0429688,9.758979838,117.0708655,9.873594168,1.27e-06,9.873592377,238.7231036,238.7231036,0,경상남도,합천군,대병면
1755,127.1378645,35.96426991,False,False,102.0,56.75038648,1.090880998,54.86204147,56.80471039,0.418437804,245.3286042,9.836503411,3.7e-05,9.836462021,238.1164426,238.1164426,0,전북특별자치도,완주군,봉동읍
1756,126.8025055,35.47385761,False,False,102.0,139.3100566,6.491966063,131.7150421,148.4761963,8.11810331,158.7297718,9.876273155,0.0,9.876273155,237.9527435,237.9527435,0,전북특별자치도,정읍시,입암면
1757,128.4567696,35.73771083,False,False,101.0,53.97283936,0.0,53.97283936,53.97283936,4.502879143,138.8045349,9.854923248,0.0,9.854923248,238.9637451,238.9637451,0,대구광역시,달성군,논공읍
1758,127.8894463,35.43299575,False,False,101.0,141.1543309,9.498621734,135.0943451,157.3624573,8.716565089,299.6585168,9.879560683,4.36e-05,9.879500389,238.6369866,238.6369866,0,경상남도,산청군,산청읍
1759,127.1639974,36.79069663,False,False,101.0,39.30587902,1.720906019,38.48433685,42.56847763,3.530799784,173.5028473,9.768233299,0.0,9.768233299,238.0583191,238.0583191,0,충청남도,천안시 동남구,구성동
1760,129.5635165,35.99195745,False,False,103.0,,,,,,,,,,,,0,경상북도,포항시 남구,구룡포읍
1761,128.5004945,35.59767841,False,False,103.0,82.84005251,0.166084606,82.62431335,82.93292236,3.95711924,137.9783795,9.866265297,0.0,9.866265297,239.0024719,239.0024719,0,경상남도,창녕군,고암면
1762,129.5671985,35.99130279,False,False,101.0,,,,,,,,,,,,0,경상북도,포항시 남구,구룡포읍
1763,129.2944984,36.35311995,False,False,104.0,159.4110267,16.17858055,139.4139252,183.8626099,14.71428317,214.3379554,9.804590225,0.0,9.804590225,239.4386292,239.4386292,0,경상북도,영덕군,달산면
1764,128.9804875,35.26835941,False,False,103.0,14.13531608,3.706568138,14.13127804,19.37719345,4.310243572,116.964898,9.89276509,6.44e-07,9.892765045,239.3258065,239.3258065,0,경상남도,김해시,대동면
1765,127.0074987,35.59997796,False,False,102.0,34.30024294,0.86285364,33.08001328,34.30875015,6.109044319,188.3342825,9.866085052,0.0,9.866085052,238.0694267,238.0694267,0,전북특별자치도,정읍시,칠보면
1766,126.4326232,35.35062707,False,False,101.0,0.0,0.0,0.0,0.0,0.0,,9.886161228,3.69e-05,9.886128426,237.7324017,237.7324017,0,전라남도,영광군,백수읍
1767,126.5277284,36.86937966,False,False,101.0,56.54835253,1.140071963,54.94122696,56.67748642,6.848315744,245.854651,9.761660636,4.41e-05,9.761584282,237.6426132,237.6426132,0,충청남도,당진시,대호지면
1768,128.6436412,35.89589182,False,False,103.0,30.31303396,1.085795978,28.91576385,30.9498558,0.651836271,45.74260132,9.842082977,0.0,9.842082977,239.0672913,239.0672913,0,대구광역시,동구,지저동
1769,126.5680359,35.30124645,False,False,103.0,26.99931908,0.0,26.99931908,26.99931908,6.306177616,49.29129791,9.890122296,3.64e-05,9.890088081,237.8230904,237.8230904,0,전라남도,영광군,대마면
1770,127.3884866,36.430353,False,False,102.0,32.8526435,0.887185128,31.81562424,33.5588913,0.534477772,186.4972012,9.798189163,0.0,9.798189163,238.2331085,238.2331085,0,대전광역시,유성구,관평동
1771,128.6406155,34.77615311,False,False,101.0,0.0,0.0,0.0,0.0,0.0,,9.931907448,1.58e-06,9.9319067,239.1592942,239.1592942,0,경상남도,거제시,동부면
1772,126.9306671,35.25244195,False,False,103.0,43.26547623,0.0,43.26547623,43.26547623,3.243743181,32.2300148,9.894024849,0.0,9.894024849,238.0557251,238.0557251,0,전라남도,담양군,봉산면
1773,126.8809686,37.26755344,False,False,101.0,17.50901223,3.441618037,12.28781605,20.37632179,2.640820187,272.1710524,9.728093369,4.71e-05,9.728027344,237.8351022,237.8351022,0,경기도,화성시 효행구,매송면
1774,129.1927288,37.34753052,False,False,103.0,308.5639322,21.20385018,285.7653809,330.6614075,27.7416055,79.29998999,9.721275139,4.73e-05,9.721263885,239.3086332,239.3086332,0,강원특별자치도,삼척시,근덕면
1775,127.1355523,37.60128198,False,False,101.0,34.07802582,0.0,34.07802582,34.07802582,2.346647024,137.2311096,9.699646547,4.35e-05,9.699587822,237.971875,237.971875,0,경기도,구리시,교문동
1776,127.497047,37.26329944,False,False,103.0,58.23572348,4.054157118,56.24737549,65.72050476,2.971664197,98.06786302,9.728424102,4.4e-05,9.728424072,238.2322948,238.2322948,0,경기도,이천시,부발읍
1777,126.6505293,35.44302592,False,False,101.0,20.8657608,0.0,20.8657608,20.8657608,1.413123965,358.6920776,9.87874794,0.0,9.87874794,237.86026,237.86026,0,전북특별자치도,고창군,고창읍
1778,127.0934097,35.13280826,False,False,103.0,220.2340651,26.26367526,183.2313385,223.4526825,20.0720808,130.1363153,9.903589258,3.67e-05,9.903552055,238.1696326,238.1696326,0,전라남도,화순군,백아면
1779,126.7098396,37.5324157,False,False,104.0,37.35397951,0.059066717,37.28233719,37.39693451,1.756079513,121.3588589,9.705544072,5.05e-05,9.705472946,237.7016999,237.7016999,0,인천광역시,계양구,효성동
1780,126.9676614,36.07065394,False,False,104.0,18.54821396,0.0,18.54821396,18.54821396,1.540986538,149.7874603,9.82781601,0.0,9.82781601,237.998811,237.998811,0,전북특별자치도,익산시,함열읍
1781,126.9258123,35.21803388,False,False,101.0,95.51766384,0.987281704,94.2526474,96.10858154,9.591995165,116.0996204,9.896768682,4.02e-05,9.896764755,238.0560589,238.0560589,0,광주광역시,북구,장등동
1782,127.4874691,35.38013294,True,False,102.0,508.6467705,4.53254546,502.4240112,510.1846924,9.919825354,290.6634725,9.883797646,0.0,9.883797646,238.3914032,238.3914032,0,전북특별자치도,남원시,주천면
1783,127.6332485,34.75828776,False,False,101.0,23.27376671,0.841056103,22.49599075,24.17366409,2.878265582,311.7730464,9.933307363,3.58e-05,9.933272362,238.5423346,238.5423346,0,전라남도,여수시,소라면
1784,128.8142598,35.17697391,False,False,103.0,17.09394934,0.724080972,16.08803177,17.28556442,3.045849111,167.3088826,9.900055102,4.08e-05,9.900037766,239.2312483,239.2312483,0,경상남도,김해시,관동동
1785,126.9375474,37.51287743,False,False,101.0,14.94474404,0.400611504,14.38806725,15.0500536,0.945314081,160.772,9.707210541,0.0,9.707210541,237.8511047,237.8511047,0,서울특별시,동작구,노량진동
1786,127.3748072,35.60189004,False,False,103.0,249.1928914,1.931298431,246.6563873,250.2057953,12.39841163,180.2633138,9.865934372,1.78e-15,9.865934372,238.2998797,238.2998797,0,전북특별자치도,장수군,산서면
1787,128.3550165,36.18794589,False,False,104.0,40.83930852,5.166342133,33.53318405,40.8915329,0.418288625,121.9165756,9.818196402,4.45e-05,9.818134308,238.8634741,238.8634741,0,경상북도,구미시,고아읍
1788,128.6815965,36.37117511,False,False,102.0,122.5900755,11.90437674,104.1311264,127.3549805,11.39616191,98.66527887,9.803078396,4.52e-05,9.8030653,239.054067,239.054067,0,경상북도,의성군,의성읍
1789,128.8817131,35.23850776,False,False,102.0,22.85454629,0.65772743,22.17542839,23.4901638,4.661072648,195.4311431,9.895132486,4.65e-05,9.895125389,239.2677367,239.2677367,0,경상남도,김해시,대성동
1790,126.8888747,36.76318292,False,False,103.0,8.686271175,0.520660705,8.053026199,9.062005043,0.413962866,293.2199322,9.77051421,5.01e-05,9.770511627,237.8845449,237.8845449,0,충청남도,아산시,도고면
1791,128.9101333,35.9767188,False,False,101.0,74.66731225,0.722508004,73.64573669,74.68778229,0.344735354,155.0836701,9.835475922,0.0,9.835475922,239.2266235,239.2266235,0,경상북도,영천시,대전동
1792,127.2391755,37.55519281,False,False,103.0,32.32813793,5.966386447,24.14367485,35.28386688,7.04209086,221.9704015,9.703577042,1.78e-15,9.703577042,238.0427976,238.0427976,0,경기도,남양주시,와부읍
1793,126.9387137,35.12416241,False,False,104.0,93.28574654,3.880499183,91.39827728,98.43880463,5.761371323,260.1673134,9.904271105,3.9e-05,9.904248238,238.0738697,238.0738697,0,광주광역시,동구,소태동
1794,127.206962,35.39873237,False,False,102.0,82.02970886,0.0,82.02970886,82.02970886,0.228323355,218.3150787,9.882304192,0.0,9.882304192,238.2143813,238.2143813,0,전북특별자치도,순창군,적성면
1795,128.8151072,37.69946057,False,False,101.0,148.9302868,35.83385401,141.9936218,209.5938721,28.6686207,160.9996413,9.691198349,0.0,9.691198349,239.0458069,239.0458069,0,강원특별자치도,강릉시,성산면
1796,126.870307,34.46566036,False,False,102.0,0.0,0.0,0.0,0.0,0.0,,9.95630262,4.86e-05,9.956298828,238.1008323,238.1008323,0,전라남도,장흥군,대덕읍
1797,126.7590133,35.94412489,False,False,103.0,5.517650934,0.562830882,4.960299969,6.08590889,1.591572992,323.3046081,9.838150978,0.0,9.838150978,237.8786916,237.8786916,0,전북특별자치도,군산시,옥산면
1798,127.2133023,35.66231269,False,False,102.0,222.5133204,18.7294335,220.3993835,254.8846436,11.10560128,56.01738579,9.861057985,4.34e-05,9.860998154,238.1926736,238.1926736,0,전북특별자치도,임실군,신덕면
1799,127.0339494,36.88926184,False,False,102.0,19.37507887,1.93980781,18.7503643,22.6743927,1.194783871,280.6254025,9.759968758,1.78e-15,9.759968758,237.9665375,237.9665375,0,충청남도,아산시,둔포면
1800,128.5223692,35.9284002,False,False,104.0,39.82083956,7.823035336,37.85297775,55.01921463,4.014911297,299.6743639,9.839421272,0.0,9.839421272,238.9889832,238.9889832,0,경상북도,칠곡군,지천면
1801,129.1252622,37.49495954,False,False,103.0,3.298558712,0.0,3.298558712,3.298558712,0.079357445,60.72507477,9.708744267,5.43e-07,9.708744049,239.2564471,239.2564471,0,강원특별자치도,동해시,송정동
1802,126.8249425,36.88952532,False,False,103.0,7.252635724,1.233496111,6.422441483,9.214165688,0.94335324,304.2194522,9.759970806,4.95e-05,9.759900093,237.8321314,237.8321314,0,충청남도,당진시,신평면
1803,128.4583127,36.66176158,False,False,103.0,117.0482596,14.6979847,96.27134705,117.6658478,11.2219979,95.27098632,9.778973948,5.3e-05,9.778973579,238.8914036,238.8914036,0,경상북도,예천군,예천읍
,129.340427,37.228139,,,,58.20458951,13.69364573,56.27472687,77.47393036,16.05927831,82.592629,11.10080334,3e-05,11.10079765,124.9792923,2.0,1,강원특별자치도,,
,128.2615,36.0128,,,,132.3304911,10.86209331,130.1133118,147.5309601,11.58569153,130.1964523,11.16669156,3.22e-05,11.166646,124.0304583,1.747932398,1,경상북도,,
,128.181809,37.076203,,,,175.5873613,0.203231581,175.494278,175.8592834,3.344093535,81.24285179,11.10966254,2.55e-05,11.10963058,124.402637,3.253672519,1,경상북도,,
,128.1452,36.3687,,,,66.37476642,0.060352578,66.2902832,66.38690948,1.949102867,249.6556012,11.14767503,3.24e-05,11.14762878,124.1174451,1.436067997,1,경상북도,,
,128.261,36.0125,,,,133.3161005,4.723782168,130.1133118,139.1787262,10.53951233,132.3937567,11.16669193,5.77e-07,11.16669178,124.0303804,2.125090123,1,경상북도,,
,128.1632,36.5684,,,,74.1562288,0.190725825,74.09396362,74.41867065,0.385030184,136.0121669,11.13694835,1.19e-06,11.13694668,124.201874,3.0,1,경상북도,,
,129.301054,35.434825,,,,7.505748697,3.367100771,5.742703915,11.929142,3.481944798,121.1001254,11.19696568,2.86e-05,11.19692612,124.2639025,4.0,1,울산광역시,,
,126.468185,35.022254,,,,146.4582152,10.5964596,131.6208496,148.5611877,13.53114732,281.2563729,11.21940264,3.01e-05,11.21939659,122.877212,2.0,1,광주광역시,,
,126.8585,37.3412,,,,11.93454418,0.617684627,11.80482674,12.99377632,0.647850454,234.7391512,11.09540653,0.0,11.09540653,123.9268017,3.0,1,경기도,,
,126.853809,37.667973,,,,32.69453018,2.591724918,29.70863914,36.08524323,1.075297454,258.7081296,11.07775307,0.0,11.07775307,124.0446777,4.0,1,경기도,,
,126.597897,37.689952,,,,14.19794561,0.459182104,13.54984283,14.23867893,1.417696195,217.6724273,11.07648831,9.72e-07,11.07648754,123.9434107,2.226306306,1,경기도,,
,127.3592,35.4385,,,,160.9756661,7.064944425,159.0391541,174.4997559,7.493586433,29.65156283,11.19746921,2.46e-05,11.19745541,123.4153124,1.0,1,전북특별자치도,,
,127.437446,37.007607,,,,107.2291147,1.119172104,105.9784012,108.9549713,2.712386139,83.73299191,11.11346238,1.3e-06,11.11346054,124.0515304,2.0,1,경기도,,
,127.899911,37.354323,,,,100.2715781,0.480389365,99.64509583,100.5343857,0.774104266,202.4641992,11.09474292,2.56e-05,11.09472656,124.3825317,2.95773639,1,강원특별자치도,,
,127.338146,36.51241,,,,13.39422697,1.267169584,11.63166809,14.13183403,2.736564847,323.8829467,11.14004135,0.0,11.14004135,123.8220062,,1,세종특별자치시,,
,128.943465,37.771305,,,,0.98104204,0.127860548,0.803052485,1.012922406,1.069446134,207.0804117,11.07180764,3.05e-05,11.07176495,125.0014,,1,강원특별자치도,,
,127.1355,37.7972,,,,138.1180345,1.020514032,136.8213043,138.7515869,2.568395744,287.6294718,11.07083702,0.0,11.07083702,124.2128525,4.0,1,경기도,,
,127.259009,36.971613,,,,37.4040854,2.978993412,33.24631119,38.58995819,2.992931271,45.06714594,11.11537814,2.44e-05,11.11535072,123.961147,2.427123928,1,울산광역시,,
,129.041684,37.092197,,,,548.3336182,0.0,548.3336182,548.3336182,8.323188782,12.87669373,11.10836792,0.0,11.10836792,124.7923889,2.0,1,강원특별자치도,,
,127.603778,37.025126,,,,82.35574926,0.022589285,82.35571289,82.38769531,0.549104065,287.0023126,11.11250253,2.38e-05,11.1124897,124.1303056,3.0,1,충청북도,,
,128.389385,37.570093,,,,736.5286025,7.487851679,726.0158691,737.8007202,13.95434589,62.14270251,11.08295938,1.21e-06,11.08295918,124.67875,1.0,1,강원특별자치도,,
,127.323485,35.473086,,,,245.4951039,10.52225745,229.473877,253.0480957,13.32004241,26.59204343,11.19562724,6.57e-07,11.19562721,123.413821,1.0,1,전북특별자치도,,
,128.142882,35.500221,,,,76.99551211,6.10348025,74.62078857,88.89678955,8.793963707,149.0107617,11.19409084,0.0,11.19409084,123.7773438,3.263649425,1,경상남도,,
,126.586643,36.482171,,,,33.62603692,8.722664778,23.47255516,40.63150406,12.37749708,253.3086461,11.14149189,0.0,11.14149189,123.4907701,2.0,1,충청남도,,
,126.781586,37.629666,,,,7.10703609,1.796604695,6.858641624,9.635647774,1.559585964,314.3071316,11.07979791,3.36e-05,11.07979679,123.9998248,4.0,1,경기도,,
,128.4593,36.25637,,,,88.30899851,6.40120652,79.26795959,88.76780701,6.440374749,67.35559116,11.15357018,0.0,11.15357018,124.2124727,3.98097631,1,경상북도,,
,128.5941,36.14094,,,,102.8771779,1.831294848,101.0762558,105.8708038,2.778507221,260.6411646,11.15969984,2.78e-05,11.15965176,124.2270553,2.0,1,경상북도,,
,127.9005,37.35418,,,,101.9570993,1.428865109,99.64509583,102.7110062,1.943805509,286.7013437,11.09475769,2.55e-05,11.09472466,124.3827577,2.220905172,1,강원특별자치도,,
,127.7528,37.39954,,,,148.2276045,1.990616899,145.414444,148.3336182,5.938869317,40.49908046,11.09233968,3.07e-05,11.09229565,124.3348912,3.839363242,1,경기도,,
,126.5617,36.60095,,,,17.51708925,0.152421258,17.4942131,17.73142815,0.852484323,225.432097,11.13510825,1.18e-06,11.13510799,123.5250608,5.0,1,충청남도,,
,127.4303564,36.4846075,,,,58.38409578,0.618610356,57.32610321,58.55317688,0.951340819,298.8016586,11.14154009,4.78e-07,11.14153957,123.8510856,1.0,1,충청북도,,
,126.9919,34.7572,,,,163.3016927,1.087321649,161.8892365,163.9095612,6.739338723,249.4180987,11.23367882,0.0,11.23367882,122.9896393,3.445124145,1,전라남도,,
,126.8807,36.63991,,,,43.85945738,12.73840996,37.04684067,67.74288177,9.484369512,121.5896766,11.13312714,6.24e-07,11.13312626,123.6746201,,1,충청남도,,
,126.7122727,37.6445801,,,,9.809888915,6.026990734,8.605082512,18.34924698,3.743887987,18.07646181,11.07897091,0.0,11.07897091,123.9756851,4.0,1,경기도,,
,126.9771,37.39882,,,,39.57620863,0.041544277,39.55696869,39.6317215,0.639446356,280.9375856,11.09232383,2.44e-05,11.09229755,123.9987241,2.0,1,경기도,,
,128.8979,36.44367,,,,132.1437358,0.741996556,131.6620941,133.5226135,0.640709827,71.47720874,11.14329669,2.49e-05,11.14328194,124.4801459,,1,경상북도,,
,127.9849,37.51456,,,,185.2443033,11.27209306,175.4428864,202.8752747,14.81311975,136.0462251,11.08607711,3.15e-05,11.08607292,124.4793128,1.0,1,강원특별자치도,,
,126.9175,37.04882,,,,20.56435204,0.0,20.56435204,20.56435204,1.803061128,204.5823059,11.11116137,2.47e-05,11.11113262,123.8436553,2.088616715,1,경기도,,
,127.1018,36.0765,,,,59.83870155,5.973142602,50.52804565,62.23536301,3.272674637,55.78351441,11.16336481,1.1e-06,11.16336441,123.554055,3.996764917,1,충청남도,,
